id,报告期,品类编码,品类,规格等级,批发价格（元/公斤）,批农贸零售价格（元/公斤）,超市贸零售价格（元/公斤）,更新时间
177675840764000004,20260421,E000086,鲜羊肉,新鲜去骨,67.34,37.09,44.75,21/4/2026 16:00:07
177667203265200007,20260420,E000086,鲜羊肉,新鲜去骨,67.35,37.09,44.72,20/4/2026 16:00:32
177658563186200002,20260419,E000086,鲜羊肉,新鲜去骨,67.34,37.09,44.72,19/4/2026 16:00:31
177649920681700006,20260418,E000086,鲜羊肉,新鲜去骨,67.36,37.09,44.72,18/4/2026 16:00:06
177641283440700006,20260417,E000086,鲜羊肉,新鲜去骨,67.34,37.09,44.72,17/4/2026 16:00:34
177632644649300002,20260416,E000086,鲜羊肉,新鲜去骨,67.35,37.09,44.72,16/4/2026 16:00:46
177624001349200005,20260415,E000086,鲜羊肉,新鲜去骨,67.35,37.09,44.72,15/4/2026 16:00:13
177615362346300007,20260414,E000086,鲜羊肉,新鲜带骨,67.31,37.09,44.72,14/4/2026 16:00:23
177606723441800004,20260413,E000086,鲜羊肉,新鲜去骨,67.33,37.14,44.72,13/4/2026 16:00:34
177598083169900005,20260412,E000086,鲜羊肉,新鲜去骨,67.27,36.98,44.88,12/4/2026 16:00:31
177589441062500000,20260411,E000086,鲜羊肉,新鲜去骨,67.25,36.92,44.88,11/4/2026 16:00:10
177580802033600001,20260410,E000086,鲜羊肉,新鲜去骨,67.22,36.92,44.88,10/4/2026 16:00:20
177572162966200004,20260409,E000086,鲜羊肉,新鲜去骨,67.22,36.92,44.88,9/4/2026 16:00:29
177563521661900000,20260408,E000086,鲜羊肉,新鲜去骨,67.24,36.92,44.81,8/4/2026 16:00:16
177554881151700007,20260407,E000086,鲜羊肉,新鲜带骨,67.74,36.92,44.81,7/4/2026 16:00:11
177546242159600001,20260406,E000086,鲜羊肉,新鲜去骨,67.74,36.98,44.81,6/4/2026 16:00:21
177537601749400008,20260405,E000086,鲜羊肉,新鲜带骨,67.72,36.98,44.81,5/4/2026 16:00:17
177528963454500008,20260404,E000086,鲜羊肉,新鲜去骨,67.74,36.98,44.81,4/4/2026 16:00:34
177520323029900005,20260403,E000086,鲜羊肉,新鲜去骨,67.74,36.98,44.81,3/4/2026 16:00:30
177511681367000004,20260402,E000086,鲜羊肉,新鲜去骨,68.13,37.14,45.09,2/4/2026 16:00:13
177503040788400006,20260401,E000086,鲜羊肉,新鲜带骨,68.13,37.09,45.09,1/4/2026 16:00:07
177494401060500001,20260331,E000086,鲜羊肉,新鲜去骨,68.13,37.64,45.09,31/3/2026 16:00:10
177485764243200006,20260330,E000086,鲜羊肉,新鲜去骨,68.14,37.64,45.09,30/3/2026 16:00:41
177477123095000007,20260329,E000086,鲜羊肉,新鲜去骨,68.06,37.76,44.74,29/3/2026 16:00:30
177468481053000007,20260328,E000086,鲜羊肉,新鲜去骨,68.47,37.76,44.74,28/3/2026 16:00:10
177451203663200001,20260326,E000086,鲜羊肉,新鲜去骨,68.52,37.7,44.74,26/3/2026 16:00:36
177459842924300004,20260326,E000086,鲜羊肉,新鲜去骨,68.52,37.7,44.74,27/3/2026 16:00:29
177442563737800008,20260325,E000086,鲜羊肉,新鲜去骨,68.9,37.7,44.74,25/3/2026 16:00:37
177433922418300005,20260324,E000086,鲜羊肉,新鲜去骨,68.92,37.7,45.02,24/3/2026 16:00:23
177425282937800005,20260323,E000086,鲜羊肉,新鲜带骨,68.92,37.76,45.02,23/3/2026 16:00:29
177416643290600003,20260322,E000086,鲜羊肉,新鲜去骨,69.3,37.81,45.19,22/3/2026 16:00:32
177408000871600000,20260321,E000086,鲜羊肉,新鲜去骨,69.33,37.81,45.19,21/3/2026 16:00:08
177399361307300000,20260320,E000086,鲜羊肉,新鲜去骨,69.4,37.81,44.86,20/3/2026 16:00:12
177390722080100006,20260319,E000086,鲜羊肉,新鲜去骨,69.44,37.76,44.86,19/3/2026 16:00:20
177382083923500005,20260318,E000086,鲜羊肉,新鲜去骨,69.41,37.76,44.86,18/3/2026 16:00:38
177373442863700003,20260317,E000086,鲜羊肉,新鲜去骨,69.24,37.72,45.28,17/3/2026 16:00:28
177364804342800003,20260316,E000086,鲜羊肉,新鲜去骨,69.23,37.66,45.28,16/3/2026 16:00:43
177356162731700004,20260315,E000086,鲜羊肉,新鲜去骨,69.15,37.61,45.28,15/3/2026 16:00:27
177347521817300005,20260314,E000086,鲜羊肉,新鲜去骨,69.23,37.61,45.85,14/3/2026 16:00:17
177338882971500005,20260313,E000086,鲜羊肉,新鲜去骨,69.04,37.51,45.85,13/3/2026 16:00:29
177330240598800008,20260312,E000086,鲜羊肉,新鲜去骨,69.3,37.72,45.92,12/3/2026 16:00:05
177321602712700002,20260311,E000086,鲜羊肉,新鲜带骨,69.35,37.66,45.92,11/3/2026 16:00:26
177312960840000005,20260310,E000086,鲜羊肉,新鲜去骨,69.35,37.77,45.92,10/3/2026 16:00:08
177304320738900004,20260309,E000086,鲜羊肉,新鲜去骨,69.17,37.82,45.92,9/3/2026 16:00:07
177295681363400004,20260308,E000086,鲜羊肉,新鲜带骨,69.13,37.93,45.92,8/3/2026 16:00:13
177287040696900003,20260307,E000086,鲜羊肉,新鲜去骨,69.2,37.96,45.92,7/3/2026 16:00:06
177278402535000001,20260306,E000086,鲜羊肉,新鲜去骨,69.35,37.96,45.92,6/3/2026 16:00:25
177269761677100006,20260305,E000086,鲜羊肉,新鲜带骨,69.39,37.96,45.92,5/3/2026 16:00:16
177261120561500006,20260304,E000086,鲜羊肉,新鲜去骨,69.38,38.01,45.92,4/3/2026 16:00:05
177252480997700007,20260303,E000086,鲜羊肉,新鲜去骨,69.68,38.01,45.92,3/3/2026 16:00:09
177243840812500004,20260302,E000086,鲜羊肉,新鲜去骨,69.7,37.96,45.91,2/3/2026 16:00:07
177235201465900006,20260301,E000086,鲜羊肉,新鲜带骨,69.95,37.96,46.07,1/3/2026 16:00:14
177226561419800005,20260228,E000086,鲜羊肉,新鲜去骨,70.1,37.96,46.07,28/2/2026 16:00:14
177217923410600000,20260227,E000086,鲜羊肉,新鲜带骨,70.19,38.06,46.07,27/2/2026 16:00:33
177209281586500003,20260226,E000086,鲜羊肉,新鲜去骨,70.45,37.95,46.07,26/2/2026 16:00:15
177200641577900000,20260225,E000086,鲜羊肉,新鲜去骨,70.6,37.95,46.07,25/2/2026 16:00:15
177192001839300006,20260224,E000086,鲜羊肉,新鲜去骨,71.36,38.13,46.29,24/2/2026 16:00:18
177183362583500006,20260223,E000086,鲜羊肉,新鲜带骨,60,38.01,46.22,23/2/2026 16:00:25
177174723126200000,20260222,E000086,鲜羊肉,新鲜去骨,0,38.05,46.22,22/2/2026 16:00:30
177166082932000001,20260221,E000086,鲜羊肉,新鲜去骨,0,38.69,46.22,21/2/2026 16:00:28
177157443032200008,20260220,E000086,鲜羊肉,新鲜去骨,0,38.76,46.55,20/2/2026 16:00:30
177148801467500004,20260219,E000086,鲜羊肉,新鲜去骨,0,38.76,46.55,19/2/2026 16:00:14
177140161088100002,20260218,E000086,鲜羊肉,新鲜去骨,0,38.89,46.55,18/2/2026 16:00:10
177131523608700001,20260217,E000086,鲜羊肉,新鲜去骨,0,38.89,46.22,17/2/2026 16:00:35
177122882332800006,20260216,E000086,鲜羊肉,新鲜去骨,0,38.33,46.22,16/2/2026 16:00:22
177114242541300001,20260215,E000086,鲜羊肉,新鲜去骨,60,38.4,46.22,15/2/2026 16:00:25
177105600906200001,20260214,E000086,鲜羊肉,新鲜去骨,71.12,38.46,45.99,14/2/2026 16:00:08
177096962178000002,20260213,E000086,鲜羊肉,新鲜去骨,71.51,38.17,45.91,13/2/2026 16:00:21
177088322437500007,20260212,E000086,鲜羊肉,新鲜带骨,71.51,37.96,45.83,12/2/2026 16:00:24
177079680746400004,20260211,E000086,鲜羊肉,新鲜去骨,71.43,37.91,45.83,11/2/2026 16:00:07
177071042474200005,20260210,E000086,鲜羊肉,新鲜去骨,71.43,37.91,45.58,10/2/2026 16:00:24
177062401753200000,20260209,E000086,鲜羊肉,新鲜去骨,71.28,37.91,45.6,9/2/2026 16:00:17
177053761397400006,20260208,E000086,鲜羊肉,新鲜去骨,71.26,37.85,45.45,8/2/2026 16:00:13
177045120998300001,20260207,E000086,鲜羊肉,新鲜去骨,71.25,37.85,45.38,7/2/2026 16:00:09
177036481174800003,20260205,E000086,鲜羊肉,新鲜去骨,71.33,37.85,45.35,6/2/2026 16:00:11
177027843690800003,20260205,E000086,鲜羊肉,新鲜去骨,71.33,37.85,45.35,5/2/2026 16:00:36
177019203060300007,20260204,E000086,鲜羊肉,新鲜去骨,71.39,37.68,45.2,4/2/2026 16:00:30
177010560787600001,20260203,E000086,鲜羊肉,新鲜去骨,71.35,37.58,45.27,3/2/2026 16:00:07
177001922654100008,20260202,E000086,鲜羊肉,新鲜去骨,71.19,37.42,45.12,2/2/2026 16:00:26
176993282672400005,20260201,E000086,鲜羊肉,新鲜去骨,71.2,37.21,45.12,1/2/2026 16:00:26
176984644586500005,20260131,E000086,鲜羊肉,新鲜带骨,71.12,37.16,45.05,31/1/2026 16:00:45
176976001942200002,20260130,E000086,鲜羊肉,新鲜去骨,71.18,37.16,45.05,30/1/2026 16:00:19
176967362927100001,20260129,E000086,鲜羊肉,新鲜去骨,71.18,37.05,45.01,29/1/2026 16:00:29
176958722283300006,20260128,E000086,鲜羊肉,新鲜去骨,71.66,37.05,45.01,28/1/2026 16:00:22
176950082198100001,20260127,E000086,鲜羊肉,新鲜去骨,71.69,37.05,45.16,27/1/2026 16:00:21
176941441612600007,20260126,E000086,鲜羊肉,新鲜去骨,71.07,37.05,45.01,26/1/2026 16:00:15
176932803162200003,20260125,E000086,鲜羊肉,新鲜去骨,71.11,37.11,45.01,25/1/2026 16:00:31
176924161930900001,20260124,E000086,鲜羊肉,新鲜去骨,71.05,37.11,45.03,24/1/2026 16:00:19
176915522992200006,20260123,E000086,鲜羊肉,新鲜去骨,71.12,37.11,45.01,23/1/2026 16:00:29
176906882438300001,20260122,E000086,鲜羊肉,新鲜带骨,71.12,37,45.01,22/1/2026 16:00:24
176898240749200001,20260121,E000086,鲜羊肉,新鲜去骨,71.23,36.95,44.9,21/1/2026 16:00:07
176889600976000005,20260120,E000086,鲜羊肉,新鲜带骨,71.18,36.84,44.7,20/1/2026 16:00:09
176880962133800000,20260119,E000086,鲜羊肉,新鲜去骨,71.16,36.84,44.7,19/1/2026 16:00:21
176872322419200001,20260118,E000086,鲜羊肉,新鲜去骨,70.24,36.63,44.59,18/1/2026 16:00:24
176863682575700004,20260117,E000086,鲜羊肉,新鲜去骨,67.07,36.63,44.59,17/1/2026 16:00:25
176855043577600003,20260116,E000086,鲜羊肉,新鲜去骨,67.06,36.63,44.45,16/1/2026 16:00:35
176846402357400008,20260115,E000086,鲜羊肉,新鲜去骨,66.65,36.63,44.56,15/1/2026 16:00:23
176837762747900001,20260114,E000086,鲜羊肉,新鲜去骨,66.65,36.63,44.56,14/1/2026 16:00:27
176829121202600004,20260113,E000086,鲜羊肉,新鲜去骨,66.65,36.63,44.48,13/1/2026 16:00:11
176820483653500001,20260112,E000086,鲜羊肉,新鲜去骨,66.65,36.58,44.38,12/1/2026 16:00:36
176811841753500006,20260111,E000086,鲜羊肉,新鲜去骨,66.67,36.58,44.38,11/1/2026 16:00:17
176803201028700008,20260110,E000086,鲜羊肉,新鲜去骨,65.88,36.58,44.38,10/1/2026 16:00:09
176794561470400007,20260109,E000086,鲜羊肉,新鲜带骨,65.77,36.58,44.38,9/1/2026 16:00:14
176785924286800001,20260108,E000086,鲜羊肉,新鲜去骨,65.76,36.37,44.49,8/1/2026 16:00:42
176777281477100000,20260107,E000086,鲜羊肉,新鲜带骨,65.75,36.37,44.6,7/1/2026 16:00:14
176768640766800004,20260106,E000086,鲜羊肉,新鲜带骨,65.68,36.05,44.34,6/1/2026 16:00:07
176760000959300004,20260105,E000086,鲜羊肉,新鲜去骨,65.75,36.1,44.34,5/1/2026 16:00:09
176751363141500005,20260104,E000086,鲜羊肉,新鲜去骨,65.76,36.1,44.34,4/1/2026 16:00:30
176742720746500006,20260103,E000086,鲜羊肉,新鲜去骨,65.83,36.1,44.52,3/1/2026 16:00:07
176734083201200007,20260102,E000086,鲜羊肉,新鲜去骨,65.94,36.1,44.41,2/1/2026 16:00:31
176725441469600001,20260101,E000086,鲜羊肉,新鲜去骨,65.98,36.1,44.41,1/1/2026 16:00:14
176716803429600000,20251231,E000086,鲜羊肉,新鲜去骨,65.95,36.1,44.4,31/12/2025 16:00:34
176708163075700000,20251230,E000086,鲜羊肉,新鲜去骨,65.85,36.1,44.04,30/12/2025 16:00:30
176699522390600005,20251229,E000086,鲜羊肉,新鲜去骨,65.85,36.05,43.96,29/12/2025 16:00:23
176690880910600007,20251228,E000086,鲜羊肉,新鲜去骨,65.89,36.37,43.96,28/12/2025 16:00:08
176682240970700008,20251227,E000086,鲜羊肉,新鲜去骨,65.89,36.37,43.96,27/12/2025 16:00:09
176673603684800006,20251226,E000086,鲜羊肉,新鲜去骨,65.84,36.37,43.94,26/12/2025 16:00:36
176664962592700003,20251225,E000086,鲜羊肉,新鲜去骨,65.78,36.42,43.71,25/12/2025 16:00:25
176656322926900005,20251224,E000086,鲜羊肉,新鲜去骨,65.79,36.47,43.6,24/12/2025 16:00:29
176647681088600000,20251223,E000086,鲜羊肉,新鲜去骨,65.84,36.42,43.99,23/12/2025 16:00:10
176639041150300008,20251222,E000086,鲜羊肉,新鲜去骨,65.85,36.47,44.03,22/12/2025 16:00:11
176630402822100004,20251221,E000086,鲜羊肉,新鲜去骨,65.9,36.47,44.1,21/12/2025 16:00:28
176621761435700002,20251220,E000086,鲜羊肉,新鲜去骨,65.89,36.47,43.94,20/12/2025 16:00:14
176613122532800007,20251219,E000086,鲜羊肉,新鲜去骨,65.85,36.47,43.95,19/12/2025 16:00:24
176604482000900006,20251218,E000086,鲜羊肉,新鲜去骨,65.85,36.47,43.88,18/12/2025 16:00:19
176595840883400005,20251217,E000086,鲜羊肉,新鲜去骨,65.84,36.42,43.88,17/12/2025 16:00:08
176587203425100006,20251216,E000086,鲜羊肉,新鲜去骨,65.85,36.42,43.86,16/12/2025 16:00:33
176578563163400000,20251215,E000086,鲜羊肉,新鲜去骨,65.85,36.42,43.75,15/12/2025 16:00:31
176569922983600006,20251214,E000086,鲜羊肉,新鲜去骨,65.89,36.42,43.64,14/12/2025 16:00:29
176561283408700001,20251213,E000086,鲜羊肉,新鲜去骨,65.94,36.42,43.64,13/12/2025 16:00:33
176552642804800006,20251212,E000086,鲜羊肉,新鲜去骨,65.89,36.42,43.62,12/12/2025 16:00:27
176544001162500002,20251211,E000086,鲜羊肉,新鲜去骨,65.84,36.42,43.77,11/12/2025 16:00:11
176535361132800008,20251210,E000086,鲜羊肉,新鲜去骨,65.84,36.42,43.75,10/12/2025 16:00:11
176526720816700002,20251209,E000086,鲜羊肉,新鲜去骨,65.83,36.47,43.73,9/12/2025 16:00:07
176518083229000005,20251208,E000086,鲜羊肉,新鲜去骨,65.84,36.47,43.82,8/12/2025 16:00:32
176509442102300000,20251207,E000086,鲜羊肉,新鲜去骨,66.66,36.47,43.82,7/12/2025 16:00:20
176500802167700000,20251206,E000086,鲜羊肉,新鲜去骨,66.68,36.47,43.82,6/12/2025 16:00:21
176492163682200004,20251205,E000086,鲜羊肉,新鲜去骨,66.69,36.47,43.82,5/12/2025 16:00:36
176483521882300002,20251204,E000086,鲜羊肉,新鲜去骨,66.66,36.47,43.82,4/12/2025 16:00:18
176474880757800005,20251203,E000086,鲜羊肉,新鲜去骨,66.61,36.47,43.82,3/12/2025 16:00:07
176466241191700006,20251202,E000086,鲜羊肉,新鲜去骨,66.65,36.47,44.14,2/12/2025 16:00:11
176457600601000002,20251201,E000086,鲜羊肉,新鲜去骨,67.04,36.47,44.14,1/12/2025 16:00:05
176448961346100003,20251130,E000086,鲜羊肉,新鲜去骨,67.07,36.53,44.08,30/11/2025 16:00:13
176440322860800004,20251129,E000086,鲜羊肉,新鲜去骨,67.07,36.53,44.06,29/11/2025 16:00:28
176431683216900000,20251128,E000086,鲜羊肉,新鲜去骨,67.04,36.53,44.04,28/11/2025 16:00:31
176423041180800001,20251127,E000086,鲜羊肉,新鲜去骨,67.02,36.53,43.96,27/11/2025 16:00:11
176414403922300002,20251126,E000086,鲜羊肉,新鲜去骨,67.02,36.47,43.96,26/11/2025 16:00:39
176405760819300000,20251125,E000086,鲜羊肉,新鲜去骨,67.05,36.47,43.95,25/11/2025 16:00:08
176397121379700003,20251124,E000086,鲜羊肉,新鲜去骨,67.05,36.47,44.32,24/11/2025 16:00:13
176388480669500004,20251123,E000086,鲜羊肉,新鲜去骨,67.1,36.42,44.32,23/11/2025 16:00:06
176379841926700003,20251122,E000086,鲜羊肉,新鲜去骨,67.07,36.42,44.32,22/11/2025 16:00:19
176371202356900001,20251121,E000086,鲜羊肉,新鲜去骨,67.03,36.42,44.32,21/11/2025 16:00:23
176362560866200007,20251120,E000086,鲜羊肉,新鲜去骨,67.02,36.42,44.32,20/11/2025 16:00:08
176353922225500004,20251119,E000086,鲜羊肉,新鲜去骨,67.04,36.42,44.3,19/11/2025 16:00:22
176345280950900006,20251118,E000086,鲜羊肉,新鲜去骨,67.44,36.42,43.89,18/11/2025 16:00:09
176336642451100002,20251117,E000086,鲜羊肉,新鲜去骨,67.46,36.42,43.88,17/11/2025 16:00:24
176328003000100001,20251116,E000086,鲜羊肉,新鲜去骨,67.47,36.47,43.88,16/11/2025 16:00:29
176319362234300007,20251115,E000086,鲜羊肉,新鲜去骨,67.42,36.47,43.85,15/11/2025 16:00:21
176310721017300001,20251114,E000086,鲜羊肉,新鲜去骨,67.38,36.47,43.84,14/11/2025 16:00:09
176302082134400002,20251113,E000086,鲜羊肉,新鲜去骨,67.4,36.47,43.67,13/11/2025 16:00:21
176293442214500006,20251112,E000086,鲜羊肉,新鲜去骨,67.37,36.42,43.51,12/11/2025 16:00:21
176284802031200002,20251111,E000086,鲜羊肉,新鲜去骨,67.45,36.47,43.44,11/11/2025 16:00:19
176276161378100003,20251110,E000086,鲜羊肉,新鲜去骨,67.45,36.53,43.42,10/11/2025 16:00:13
176267521211800006,20251109,E000086,鲜羊肉,新鲜去骨,67.47,36.47,43.38,9/11/2025 16:00:11
176258882938900000,20251108,E000086,鲜羊肉,新鲜去骨,67.45,36.42,43.38,8/11/2025 16:00:29
176250240808400004,20251107,E000086,鲜羊肉,新鲜去骨,67.48,36.42,43.45,7/11/2025 16:00:07
176241601323000006,20251106,E000086,鲜羊肉,新鲜去骨,67.41,36.42,43.45,6/11/2025 16:00:13
176232962604764215,20251105,E000086,鲜羊肉,新鲜去骨,134.86,36.37,43.45,5/11/2025 16:00:25
176224321185065394,20251104,E000086,鲜羊肉,新鲜去骨,67.47,36.37,43.46,4/11/2025 16:00:11
176215683621704248,20251103,E000086,鲜羊肉,新鲜去骨,67.49,36.37,43.46,3/11/2025 16:00:35
176207042909948148,20251102,E000086,鲜羊肉,新鲜去骨,67.49,36.26,43.53,2/11/2025 16:00:28
176198402093909664,20251101,E000086,鲜羊肉,新鲜去骨,67.45,36.26,43.53,1/11/2025 16:00:20
176189762938095387,20251031,E000086,鲜羊肉,新鲜去骨,66.66,36.26,43.53,31/10/2025 16:00:29
176181121537577347,20251030,E000086,鲜羊肉,新鲜去骨,66.68,36.26,43.55,30/10/2025 16:00:15
176172482514728016,20251029,E000086,鲜羊肉,新鲜去骨,66.66,36.26,43.55,29/10/2025 16:00:24
176163842892392657,20251028,E000086,鲜羊肉,新鲜去骨,66.25,36.26,43.55,28/10/2025 16:00:28
176155201098453965,20251027,E000086,鲜羊肉,新鲜去骨,66.3,36.26,43.55,27/10/2025 16:00:10
176146563412228528,20251026,E000086,鲜羊肉,新鲜去骨,64.7,36.26,43.55,26/10/2025 16:00:33
176137921629802724,20251025,E000086,鲜羊肉,新鲜去骨,64.71,36.26,43.54,25/10/2025 16:00:16
176129280949374173,20251024,E000086,鲜羊肉,新鲜去骨,64.7,36.26,43.54,24/10/2025 16:00:09
176120644037261756,20251023,E000086,鲜羊肉,新鲜去骨,64.61,36.21,43.54,23/10/2025 16:00:39
176112001331885674,20251022,E000086,鲜羊肉,新鲜去骨,64.62,36.13,43.54,22/10/2025 16:00:13
176103361157064146,20251021,E000086,鲜羊肉,新鲜去骨,65.02,36.13,43.57,21/10/2025 16:00:11
176094722337146036,20251020,E000086,鲜羊肉,新鲜去骨,65.02,36.13,43.57,20/10/2025 16:00:23
176086081011897815,20251019,E000086,鲜羊肉,新鲜去骨,65.03,36.13,43.52,19/10/2025 16:00:09
176077442562609156,20251018,E000086,鲜羊肉,新鲜去骨,65.1,36.13,43.52,18/10/2025 16:00:25
176068802143306061,20251017,E000086,鲜羊肉,新鲜去骨,65.03,36.13,43.52,17/10/2025 16:00:21
176060161679200342,20251016,E000086,鲜羊肉,新鲜去骨,65.76,36.13,43.51,16/10/2025 16:00:16
176051523454160975,20251015,E000086,鲜羊肉,新鲜去骨,65.82,36.13,43.51,15/10/2025 16:00:34
176042881043028577,20251014,E000086,鲜羊肉,新鲜去骨,65.75,36.13,43.58,14/10/2025 16:00:09
176034242231378061,20251013,E000086,鲜羊肉,新鲜去骨,65.82,36.24,43.58,13/10/2025 16:00:21
176025602671248122,20251012,E000086,鲜羊肉,新鲜去骨,65.79,36.24,43.69,12/10/2025 16:00:26
176016963389045815,20251011,E000086,鲜羊肉,新鲜去骨,65.8,36.24,43.69,11/10/2025 16:00:33
176008322925755464,20251010,E000086,鲜羊肉,新鲜去骨,66.13,36.24,43.69,10/10/2025 16:00:28
175999682197197710,20251009,E000086,鲜羊肉,新鲜去骨,66.13,36.24,43.67,9/10/2025 16:00:21
175991041227692333,20251008,E000086,鲜羊肉,新鲜去骨,66.57,36.32,43.52,8/10/2025 16:00:11
175982403296803067,20251007,E000086,鲜羊肉,新鲜去骨,65.87,36.21,43.52,7/10/2025 16:00:32
175973761733672145,20251006,E000086,鲜羊肉,新鲜去骨,66.67,36.21,43.52,6/10/2025 16:00:16
175965120879679125,20251005,E000086,鲜羊肉,新鲜去骨,66.62,36.21,43.52,5/10/2025 16:00:08
175956481339452013,20251004,E000086,鲜羊肉,新鲜去骨,66.52,36,43.52,4/10/2025 16:00:13
175947842482660026,20251003,E000086,鲜羊肉,新鲜去骨,66.57,36,43.54,3/10/2025 16:00:24
175939201151734877,20251002,E000086,鲜羊肉,新鲜去骨,66.67,36,43.54,2/10/2025 16:00:11
175930563199191321,20251001,E000086,鲜羊肉,新鲜去骨,66.77,36,43.54,1/10/2025 16:00:31
175921922930722322,20250930,E000086,鲜羊肉,新鲜去骨,66.75,36,43.54,30/9/2025 16:00:29
175913281326221333,20250929,E000086,鲜羊肉,新鲜去骨,66.7,36.26,43.52,29/9/2025 16:00:12
175904641147159142,20250928,E000086,鲜羊肉,新鲜去骨,66.76,36.16,43.52,28/9/2025 16:00:11
175896002526539018,20250927,E000086,鲜羊肉,新鲜去骨,66.72,36.16,43.52,27/9/2025 16:00:24
175887362937283296,20250926,E000086,鲜羊肉,新鲜去骨,65.38,36.16,43.52,26/9/2025 16:00:29
175878720725643756,20250925,E000086,鲜羊肉,新鲜去骨,65.5,36.05,43.52,25/9/2025 16:00:07
175870082211666594,20250924,E000086,鲜羊肉,新鲜去骨,63.92,35.95,43.52,24/9/2025 16:00:21
175861441525615461,20250923,E000086,鲜羊肉,新鲜去骨,64.02,35.95,43.52,23/9/2025 16:00:14
175852800681317022,20250922,E000086,鲜羊肉,新鲜去骨,63.8,35.95,43.57,22/9/2025 16:00:06
175844162094999610,20250921,E000086,鲜羊肉,新鲜去骨,63.68,35.79,43.5,21/9/2025 16:00:20
175835521477994021,20250920,E000086,鲜羊肉,新鲜去骨,63.7,35.79,43.5,20/9/2025 16:00:14
175826881088334804,20250919,E000086,鲜羊肉,新鲜去骨,63.65,35.79,43.5,19/9/2025 16:00:10
175818242851095173,20250918,E000086,鲜羊肉,新鲜去骨,63.83,35.74,43.5,18/9/2025 16:00:28
175809601939264853,20250917,E000086,鲜羊肉,新鲜去骨,63.82,35.74,43.5,17/9/2025 16:00:19
175800963305704270,20250916,E000086,鲜羊肉,新鲜去骨,63.89,35.74,43.52,16/9/2025 16:00:32
175792321266925984,20250915,E000086,鲜羊肉,新鲜去骨,63.72,35.79,43.17,15/9/2025 16:00:12
175783683039194730,20250914,E000086,鲜羊肉,新鲜去骨,63.73,35.79,43.17,14/9/2025 16:00:30
175775043762919457,20250913,E000086,鲜羊肉,新鲜去骨,63.79,35.79,43.17,13/9/2025 16:00:37
175766400853028207,20250912,E000086,鲜羊肉,新鲜去骨,63.79,35.79,43.17,12/9/2025 16:00:08
175757761147203954,20250911,E000086,鲜羊肉,新鲜去骨,63.4,35.79,43.02,11/9/2025 16:00:11
175749122389315530,20250910,E000086,鲜羊肉,新鲜去骨,63.44,35.79,43.02,10/9/2025 16:00:23
175740480849601843,20250909,E000086,鲜羊肉,新鲜去骨,61.87,35.79,43.42,9/9/2025 16:00:08
175731841812345565,20250908,E000086,鲜羊肉,新鲜去骨,61.89,35.79,43.42,8/9/2025 16:00:18
175723201286660680,20250907,E000086,鲜羊肉,新鲜去骨,61.79,35.79,43.49,7/9/2025 16:00:12
175714562370526783,20250906,E000086,鲜羊肉,新鲜去骨,61.79,35.79,43.49,6/9/2025 16:00:23
175705921990338265,20250905,E000086,鲜羊肉,新鲜去骨,61.86,35.79,43.49,5/9/2025 16:00:19
175697280801235655,20250904,E000086,鲜羊肉,新鲜去骨,61.88,35.79,43.38,4/9/2025 16:00:07
175688641947013703,20250903,E000086,鲜羊肉,新鲜去骨,61.93,35.79,43.39,3/9/2025 16:00:19
175680002276635418,20250902,E000086,鲜羊肉,新鲜去骨,123.86,35.79,43.39,2/9/2025 16:00:22
175671360806245940,20250901,E000086,鲜羊肉,新鲜去骨,61.9,35.74,43.39,1/9/2025 16:00:07
175662720816736016,20250831,E000086,鲜羊肉,新鲜去骨,61.85,35.74,43.39,31/8/2025 16:00:07
175654081167518448,20250830,E000086,鲜羊肉,新鲜去骨,62.24,35.74,43.39,30/8/2025 16:00:11
175645442364290883,20250829,E000086,鲜羊肉,新鲜去骨,62.33,35.74,43.39,29/8/2025 16:00:23
175636800854567028,20250828,E000086,鲜羊肉,新鲜去骨,62.31,35.74,43.38,28/8/2025 16:00:08
175628162247798508,20250827,E000086,鲜羊肉,新鲜去骨,62.32,35.74,43.38,27/8/2025 16:00:22
175619520981051648,20250826,E000086,鲜羊肉,新鲜去骨,62.34,35.74,43.39,26/8/2025 16:00:09
175610881657333232,20250825,E000086,鲜羊肉,新鲜去骨,62.35,35.68,43.39,25/8/2025 16:00:16
175602242147080251,20250824,E000086,鲜羊肉,新鲜去骨,62.26,35.68,43.29,24/8/2025 16:00:21
175593601945017267,20250823,E000086,鲜羊肉,新鲜去骨,62.21,35.68,43.29,23/8/2025 16:00:19
175584960940601364,20250822,E000086,鲜羊肉,新鲜去骨,62.3,35.68,43.29,22/8/2025 16:00:09
175576322395081407,20250821,E000086,鲜羊肉,新鲜去骨,62.3,35.63,43.29,21/8/2025 16:00:23
175567681709551546,20250820,E000086,鲜羊肉,新鲜去骨,62.75,35.63,43.26,20/8/2025 16:00:16
175559042364911201,20250819,E000086,鲜羊肉,新鲜去骨,62.69,35.63,43.26,19/8/2025 16:00:23
175550401811516745,20250818,E000086,鲜羊肉,新鲜去骨,62.71,35.63,43.26,18/8/2025 16:00:17
175541762386712543,20250817,E000086,鲜羊肉,新鲜去骨,61.92,35.63,43.26,17/8/2025 16:00:23
175533122024811044,20250816,E000086,鲜羊肉,新鲜去骨,61.94,35.63,43.26,16/8/2025 16:00:20
175524482054172956,20250815,E000086,鲜羊肉,新鲜去骨,61.95,35.63,43.26,15/8/2025 16:00:20
175515841941889120,20250814,E000086,鲜羊肉,新鲜去骨,61.81,35.63,43.26,14/8/2025 16:00:19
175507200903153342,20250813,E000086,鲜羊肉,新鲜去骨,61.83,35.63,43.25,13/8/2025 16:00:08
175498560929394372,20250812,E000086,鲜羊肉,新鲜去骨,60.64,35.63,43.23,12/8/2025 16:00:08
175489922285405545,20250811,E000086,鲜羊肉,新鲜去骨,60.63,35.53,43.42,11/8/2025 16:00:22
175481281999892486,20250810,E000086,鲜羊肉,新鲜去骨,60.19,35.53,43.45,10/8/2025 16:00:19
175472642154143254,20250809,E000086,鲜羊肉,新鲜去骨,60.22,35.53,43.45,9/8/2025 16:00:21
175464001096564907,20250808,E000086,鲜羊肉,新鲜去骨,60.2,35.53,43.45,8/8/2025 16:00:10
175455362620683823,20250807,E000086,鲜羊肉,新鲜去骨,60.23,35.53,43.45,7/8/2025 16:00:26
175446724913885193,20250806,E000086,鲜羊肉,新鲜去骨,60.21,35.53,43.46,6/8/2025 16:00:48
175438080736543995,20250805,E000086,鲜羊肉,新鲜去骨,60.24,35.53,43.46,5/8/2025 16:00:07
175429441818115785,20250804,E000086,鲜羊肉,新鲜去骨,60.25,35.53,43.46,4/8/2025 16:00:18
175420801005824247,20250803,E000086,鲜羊肉,新鲜去骨,60.22,35.53,43.46,3/8/2025 16:00:09
175412161577167992,20250802,E000086,鲜羊肉,新鲜去骨,60.23,35.53,43.46,2/8/2025 16:00:15
175403520889508283,20250801,E000086,鲜羊肉,新鲜去骨,60.23,35.58,43.46,1/8/2025 16:00:08
175394880819333676,20250731,E000086,鲜羊肉,新鲜去骨,59.45,35.58,43.29,31/7/2025 16:00:08
175386241760718192,20250730,E000086,鲜羊肉,新鲜去骨,59.45,35.58,43.4,30/7/2025 16:00:17
175377602015376458,20250729,E000086,鲜羊肉,新鲜去骨,59.45,35.58,43.36,29/7/2025 16:00:19
175368961102149891,20250728,E000086,鲜羊肉,新鲜去骨,59.45,35.58,43.36,28/7/2025 16:00:10
175360322160321565,20250727,E000086,鲜羊肉,新鲜去骨,59.45,35.47,43.36,27/7/2025 16:00:21
175351681344480978,20250726,E000086,鲜羊肉,新鲜去骨,59.45,35.47,43.36,26/7/2025 16:00:12
175343040998664506,20250725,E000086,鲜羊肉,新鲜去骨,59.45,35.37,43.36,25/7/2025 16:00:09
175334402102542546,20250724,E000086,鲜羊肉,新鲜去骨,59.45,35.37,43.3,24/7/2025 16:00:20
175325760826581147,20250723,E000086,鲜羊肉,新鲜去骨,59.45,35.42,43.32,23/7/2025 16:00:07
175317120943377914,20250722,E000086,鲜羊肉,新鲜去骨,59.45,35.42,43.21,22/7/2025 16:00:09
175308481924887131,20250721,E000086,鲜羊肉,新鲜去骨,59.82,35.42,43.21,21/7/2025 16:00:18
175299840674413323,20250720,E000086,鲜羊肉,新鲜去骨,60.22,35.53,43.32,20/7/2025 16:00:06
175291202064949580,20250719,E000086,鲜羊肉,新鲜去骨,60.21,35.53,43.32,19/7/2025 16:00:20
175282561632028147,20250718,E000086,鲜羊肉,新鲜去骨,60.22,35.53,43.39,18/7/2025 16:00:16
175273920655905703,20250717,E000086,鲜羊肉,新鲜去骨,60.22,35.53,43.39,17/7/2025 16:00:06
175265281356875100,20250716,E000086,鲜羊肉,新鲜去骨,60.24,35.53,43.65,16/7/2025 16:00:13
175256641598620437,20250715,E000086,鲜羊肉,新鲜去骨,60.25,35.74,43.39,15/7/2025 16:00:15
175248001556814412,20250714,E000086,鲜羊肉,新鲜去骨,60.22,35.74,43.39,14/7/2025 16:00:15
175239361737325561,20250713,E000086,鲜羊肉,新鲜去骨,60.21,35.74,43.39,13/7/2025 16:00:17
175230721502242280,20250712,E000086,鲜羊肉,新鲜去骨,60.21,35.74,43.39,12/7/2025 16:00:14
175222085703737110,20250711,E000086,鲜羊肉,新鲜去骨,60.21,35.74,43.39,11/7/2025 16:00:56
175213441985608853,20250710,E000086,鲜羊肉,新鲜去骨,60.23,35.74,43.39,10/7/2025 16:00:19
175204800853131831,20250709,E000086,鲜羊肉,新鲜去骨,120.42,35.74,43.39,9/7/2025 16:00:08
175196161023516672,20250708,E000086,鲜羊肉,新鲜去骨,60.23,35.84,43.1,8/7/2025 16:00:09
175187521757022826,20250707,E000086,鲜羊肉,新鲜去骨,60.21,35.84,43.1,7/7/2025 16:00:17
175178881708933388,20250706,E000086,鲜羊肉,新鲜去骨,60.2,35.84,43.1,6/7/2025 16:00:16
175170241546480358,20250705,E000086,鲜羊肉,新鲜去骨,60.23,35.84,43.12,5/7/2025 16:00:15
175161601848194186,20250704,E000086,鲜羊肉,新鲜去骨,60.21,35.84,43.12,4/7/2025 16:00:18
175152962161841533,20250703,E000086,鲜羊肉,新鲜去骨,60.22,35.84,43.11,3/7/2025 16:00:21
175144321077347501,20250702,E000086,鲜羊肉,新鲜去骨,60.22,35.84,43.11,2/7/2025 16:00:10
175135681835860661,20250701,E000086,鲜羊肉,新鲜去骨,60.22,35.84,43.54,1/7/2025 16:00:18
175127041476726797,20250630,E000086,鲜羊肉,新鲜去骨,60.21,35.84,43.54,30/6/2025 16:00:14
175118401811652731,20250629,E000086,鲜羊肉,新鲜去骨,60.2,35.84,43.56,29/6/2025 16:00:17
175109761363372396,20250628,E000086,鲜羊肉,新鲜去骨,60.21,35.84,43.56,28/6/2025 16:00:13
175101120959426397,20250627,E000086,鲜羊肉,新鲜去骨,60.19,35.84,43.67,27/6/2025 16:00:09
175092480708982591,20250626,E000086,鲜羊肉,新鲜去骨,60.2,35.84,43.49,26/6/2025 16:00:06
175083840612599065,20250625,E000086,鲜羊肉,新鲜去骨,60.21,35.84,43.37,25/6/2025 16:00:05
175075200958256233,20250624,E000086,鲜羊肉,新鲜去骨,60.22,35.84,43.34,24/6/2025 16:00:09
175066560829144082,20250623,E000086,鲜羊肉,新鲜去骨,60.23,35.84,43.34,23/6/2025 16:00:08
175057921420783411,20250622,E000086,鲜羊肉,新鲜去骨,60.23,35.84,43.22,22/6/2025 16:00:14
175049282482515352,20250621,E000086,鲜羊肉,新鲜去骨,60.22,35.84,43.22,21/6/2025 16:00:24
175040640659562378,20250620,E000086,鲜羊肉,新鲜去骨,60.23,35.84,43.22,20/6/2025 16:00:06
175032001814843114,20250619,E000086,鲜羊肉,新鲜去骨,60.23,35.84,43.22,19/6/2025 16:00:17
175023362136615792,20250618,E000086,鲜羊肉,新鲜去骨,60.25,35.84,43.22,18/6/2025 16:00:21
175014721846578271,20250617,E000086,鲜羊肉,新鲜去骨,60.23,35.84,43.22,17/6/2025 16:00:18
175006080772452802,20250616,E000086,鲜羊肉,新鲜去骨,59.05,35.84,43.22,16/6/2025 16:00:07
174997441282153531,20250615,E000086,鲜羊肉,新鲜去骨,59.08,35.84,43.22,15/6/2025 16:00:12
174988801586209976,20250614,E000086,鲜羊肉,新鲜去骨,59.06,35.84,43.22,14/6/2025 16:00:15
174980161468391542,20250613,E000086,鲜羊肉,新鲜去骨,59.03,35.84,43.22,13/6/2025 16:00:14
174971522121540014,20250612,E000086,鲜羊肉,新鲜去骨,59.09,35.84,43.23,12/6/2025 16:00:20
174962880570100494,20250611,E000086,鲜羊肉,新鲜去骨,59.03,35.79,43.22,11/6/2025 16:00:05
174954241786029913,20250610,E000086,鲜羊肉,新鲜去骨,59.03,35.79,43.12,10/6/2025 16:00:17
174945600817029781,20250609,E000086,鲜羊肉,新鲜去骨,59.04,35.74,43.16,9/6/2025 16:00:07
174936961474456975,20250608,E000086,鲜羊肉,新鲜去骨,59.06,35.74,43.16,8/6/2025 16:00:14
174928320688348546,20250607,E000086,鲜羊肉,新鲜去骨,59.07,35.74,43.16,7/6/2025 16:00:06
174919681824000327,20250606,E000086,鲜羊肉,新鲜去骨,59.07,35.74,43.16,6/6/2025 16:00:18
174911040628582327,20250605,E000086,鲜羊肉,新鲜去骨,59.04,35.74,43.16,5/6/2025 16:00:05
174902400720950113,20250604,E000086,鲜羊肉,新鲜去骨,59.04,35.63,43.23,4/6/2025 16:00:07
174893761629779648,20250603,E000086,鲜羊肉,新鲜去骨,59.06,35.63,43.3,3/6/2025 16:00:16
174885120602750973,20250602,E000086,鲜羊肉,新鲜去骨,59.08,35.63,43.3,2/6/2025 16:00:05
174876480742703518,20250601,E000086,鲜羊肉,新鲜去骨,59.1,35.58,43.21,1/6/2025 16:00:07
174867840574080093,20250531,E000086,鲜羊肉,新鲜去骨,59.12,35.58,43.21,31/5/2025 16:00:05
174859201855308054,20250530,E000086,鲜羊肉,新鲜去骨,59.08,35.68,43.32,30/5/2025 16:00:18
174850560969402772,20250529,E000086,鲜羊肉,新鲜去骨,59.06,35.68,43.32,29/5/2025 16:00:09
174841920903453828,20250528,E000086,鲜羊肉,新鲜去骨,59.06,35.68,43.32,28/5/2025 16:00:08
174833280828282358,20250527,E000086,鲜羊肉,新鲜去骨,59.06,35.68,43.24,27/5/2025 16:00:08
174824641859596350,20250526,E000086,鲜羊肉,新鲜去骨,59.09,35.68,43.24,26/5/2025 16:00:18
174816000828107900,20250525,E000086,鲜羊肉,新鲜去骨,59.09,35.68,43.24,25/5/2025 16:00:08
174807360569162596,20250524,E000086,鲜羊肉,新鲜去骨,59.1,35.68,43.24,24/5/2025 16:00:05
174798721636494942,20250523,E000086,鲜羊肉,新鲜去骨,59.06,35.68,43.24,23/5/2025 16:00:16
174790080671131163,20250522,E000086,鲜羊肉,新鲜去骨,59.06,35.68,43.13,22/5/2025 16:00:06
174781441320707445,20250521,E000086,鲜羊肉,新鲜去骨,59.06,35.68,43.13,21/5/2025 16:00:13
174772801394157650,20250520,E000086,鲜羊肉,新鲜去骨,59.04,35.63,43.33,20/5/2025 16:00:13
174764161019324813,20250519,E000086,鲜羊肉,新鲜去骨,59.06,35.63,43.32,19/5/2025 16:00:10
174755521779531116,20250518,E000086,鲜羊肉,新鲜去骨,59.09,35.63,43.32,18/5/2025 16:00:17
174746880619397098,20250517,E000086,鲜羊肉,新鲜去骨,59.09,35.63,43.32,17/5/2025 16:00:06
174738240629891003,20250516,E000086,鲜羊肉,新鲜去骨,59.09,35.63,43.32,16/5/2025 16:00:06
174729600641950975,20250515,E000086,鲜羊肉,新鲜去骨,59.04,35.68,43.32,15/5/2025 16:00:06
174720961761189730,20250514,E000086,鲜羊肉,新鲜去骨,59.03,35.68,43.32,14/5/2025 16:00:17
174712320962447653,20250513,E000086,鲜羊肉,新鲜去骨,59.04,35.68,43.32,13/5/2025 16:00:09
174703680585178218,20250512,E000086,鲜羊肉,新鲜去骨,59.06,35.68,43.32,12/5/2025 16:00:05
174695041168599720,20250511,E000086,鲜羊肉,新鲜去骨,59.07,35.68,43.32,11/5/2025 16:00:11
174686400953281477,20250510,E000086,鲜羊肉,新鲜去骨,59.05,35.68,43.43,10/5/2025 16:00:09
174677760707428710,20250509,E000086,鲜羊肉,新鲜去骨,59.04,35.68,43.32,9/5/2025 16:00:06
174669121311846971,20250508,E000086,鲜羊肉,新鲜去骨,59.04,35.68,43.39,8/5/2025 16:00:13
174660480748103810,20250507,E000086,鲜羊肉,新鲜去骨,59.04,35.63,43.28,7/5/2025 16:00:07
174651841398844700,20250506,E000086,鲜羊肉,新鲜去骨,59.07,35.63,43.2,6/5/2025 16:00:13
174643200765716927,20250505,E000086,鲜羊肉,新鲜去骨,59.09,35.63,43.2,5/5/2025 16:00:07
174634561651978677,20250504,E000086,鲜羊肉,新鲜去骨,59.12,35.63,43.2,4/5/2025 16:00:16
174625920807972175,20250503,E000086,鲜羊肉,新鲜去骨,59.11,35.63,42.83,3/5/2025 16:00:07
174617280676953006,20250502,E000086,鲜羊肉,新鲜去骨,59.17,35.63,43.15,2/5/2025 16:00:06
174608641284449567,20250501,E000086,鲜羊肉,新鲜去骨,59.09,35.63,43.15,1/5/2025 16:00:12
174600001907468938,20250430,E000086,鲜羊肉,新鲜去骨,59.44,35.63,43.15,30/4/2025 16:00:18
174591361593930428,20250429,E000086,鲜羊肉,新鲜去骨,59.39,35.68,43.32,29/4/2025 16:00:15
174582720680387095,20250428,E000086,鲜羊肉,新鲜去骨,59.39,35.68,42.58,28/4/2025 16:00:06
174574081702229798,20250427,E000086,鲜羊肉,新鲜去骨,59.4,35.63,42.43,27/4/2025 16:00:16
174565441117895320,20250426,E000086,鲜羊肉,新鲜去骨,59.41,35.63,42.43,26/4/2025 16:00:11
174556801362561956,20250425,E000086,鲜羊肉,新鲜去骨,59.4,35.63,42.43,25/4/2025 16:00:13
174548161276347028,20250424,E000086,鲜羊肉,新鲜去骨,59.38,35.63,42.36,24/4/2025 16:00:12
174539520675600672,20250423,E000086,鲜羊肉,新鲜去骨,59.38,35.58,42.07,23/4/2025 16:00:06
174530881227053848,20250422,E000086,鲜羊肉,新鲜去骨,59.38,35.58,42.04,22/4/2025 16:00:12
174522241509379426,20250421,E000086,鲜羊肉,新鲜去骨,59.39,35.79,42.16,21/4/2025 16:00:14
174513600449780926,20250420,E000086,鲜羊肉,新鲜去骨,59.39,35.79,42.16,20/4/2025 16:00:04
174504961424012703,20250419,E000086,鲜羊肉,新鲜去骨,59.39,35.79,42.34,19/4/2025 16:00:14
174496320817594023,20250418,E000086,鲜羊肉,新鲜去骨,59.39,35.74,42.34,18/4/2025 16:00:08
174487681408297997,20250417,E000086,鲜羊肉,新鲜去骨,59.35,35.74,42.34,17/4/2025 16:00:13
174479041381971381,20250416,E000086,鲜羊肉,新鲜去骨,59.35,35.68,42.42,16/4/2025 16:00:13
174470400456765937,20250415,E000086,鲜羊肉,新鲜去骨,59.34,35.74,42.3,15/4/2025 16:00:04
174461761826762048,20250414,E000086,鲜羊肉,新鲜去骨,59.34,35.74,42.3,14/4/2025 16:00:18
174453121499133365,20250413,E000086,鲜羊肉,新鲜去骨,59.33,35.74,42.37,13/4/2025 16:00:14
174444481528573397,20250412,E000086,鲜羊肉,新鲜去骨,59.36,35.74,42.37,12/4/2025 16:00:15
174435840672413803,20250411,E000086,鲜羊肉,新鲜去骨,59.37,35.68,42.41,11/4/2025 16:00:06
174427200462759298,20250410,E000086,鲜羊肉,新鲜去骨,59.36,35.68,42.42,10/4/2025 16:00:04
174418561425735461,20250409,E000086,鲜羊肉,新鲜去骨,59.35,35.68,42.49,9/4/2025 16:00:14
174409920627813070,20250408,E000086,鲜羊肉,新鲜去骨,59.36,35.74,42.46,8/4/2025 16:00:06
174401280543065301,20250407,E000086,鲜羊肉,新鲜去骨,59.38,35.74,42.5,7/4/2025 16:00:05
174392640525327982,20250406,E000086,鲜羊肉,新鲜去骨,59.41,35.74,42.46,6/4/2025 16:00:05
174384000527343590,20250405,E000086,鲜羊肉,新鲜去骨,59.42,35.74,42.49,5/4/2025 16:00:05
174375361221233155,20250404,E000086,鲜羊肉,新鲜去骨,59.42,35.84,42.5,4/4/2025 16:00:12
174366721333430648,20250403,E000086,鲜羊肉,新鲜去骨,59.4,35.84,42.54,3/4/2025 16:00:13
174358080632427874,20250402,E000086,鲜羊肉,新鲜去骨,59.39,35.84,42.06,2/4/2025 16:00:06
174349440726346016,20250401,E000086,鲜羊肉,新鲜去骨,59.38,35.84,42.06,1/4/2025 16:00:07
174340801504348908,20250331,E000086,鲜羊肉,新鲜去骨,59.78,35.84,42.07,31/3/2025 16:00:14
174332160500946371,20250330,E000086,鲜羊肉,新鲜去骨,59.78,35.89,42.07,30/3/2025 16:00:04
174323520866221994,20250329,E000086,鲜羊肉,新鲜去骨,59.77,35.89,42.07,29/3/2025 16:00:08
174314880518707727,20250328,E000086,鲜羊肉,新鲜去骨,59.79,36,42.07,28/3/2025 16:00:05
174306241437203713,20250327,E000086,鲜羊肉,新鲜去骨,60.18,35.89,42.06,27/3/2025 16:00:14
174297601024675367,20250326,E000086,鲜羊肉,新鲜去骨,60.17,35.89,42.06,26/3/2025 16:00:10
174288960517124352,20250325,E000086,鲜羊肉,新鲜去骨,60.17,35.89,41.91,25/3/2025 16:00:05
174280320706548125,20250324,E000086,鲜羊肉,新鲜去骨,60.18,35.89,41.92,24/3/2025 16:00:06
174271680721505522,20250323,E000086,鲜羊肉,新鲜去骨,60.5,35.89,41.73,23/3/2025 16:00:07
174263040919934633,20250322,E000086,鲜羊肉,新鲜去骨,60.47,35.89,41.73,22/3/2025 16:00:09
174254400561577743,20250321,E000086,鲜羊肉,新鲜去骨,60.5,35.89,41.73,21/3/2025 16:00:05
174245760650386516,20250320,E000086,鲜羊肉,新鲜去骨,60.51,35.89,41.73,20/3/2025 16:00:06
174237122529690843,20250319,E000086,鲜羊肉,新鲜去骨,60.55,35.89,41.73,19/3/2025 16:00:25
174228480697509917,20250318,E000086,鲜羊肉,新鲜去骨,60.5,35.89,41.73,18/3/2025 16:00:06
174219841391333182,20250317,E000086,鲜羊肉,新鲜去骨,60.47,35.89,41.76,17/3/2025 16:00:13
174211201480124590,20250316,E000086,鲜羊肉,新鲜去骨,60.88,35.89,41.94,16/3/2025 16:00:14
174202560689661105,20250315,E000086,鲜羊肉,新鲜去骨,60.83,35.89,41.94,15/3/2025 16:00:06
174193921905020748,20250314,E000086,鲜羊肉,新鲜去骨,60.88,35.89,41.94,14/3/2025 16:00:18
174185280468744304,20250313,E000086,鲜羊肉,新鲜去骨,60.94,35.89,41.76,13/3/2025 16:00:04
174176640468810698,20250312,E000086,鲜羊肉,新鲜去骨,60.92,35.89,41.76,12/3/2025 16:00:04
174168000650410268,20250311,E000086,鲜羊肉,新鲜去骨,60.94,35.89,41.91,11/3/2025 16:00:06
174159360554394194,20250310,E000086,鲜羊肉,新鲜去骨,60.86,35.89,42.03,10/3/2025 16:00:05
174150721186052255,20250309,E000086,鲜羊肉,新鲜去骨,60.92,35.89,42.03,9/3/2025 16:00:11
174142081303388271,20250308,E000086,鲜羊肉,新鲜去骨,60.9,35.89,42.03,8/3/2025 16:00:12
174133440610531803,20250307,E000086,鲜羊肉,新鲜去骨,60.92,35.89,42.03,7/3/2025 16:00:05
174124801393679365,20250306,E000086,鲜羊肉,新鲜去骨,60.96,35.89,42.03,6/3/2025 16:00:13
174116160620562630,20250305,E000086,鲜羊肉,新鲜去骨,60.9,35.95,42.03,5/3/2025 16:00:06
174107521435189516,20250304,E000086,鲜羊肉,新鲜去骨,60.87,35.95,42.03,4/3/2025 16:00:14
174098880644404587,20250303,E000086,鲜羊肉,新鲜去骨,60.86,35.95,42.03,3/3/2025 16:00:06
174090240525503511,20250302,E000086,鲜羊肉,新鲜去骨,60.8,36,41.99,2/3/2025 16:00:05
174081600581783616,20250301,E000086,鲜羊肉,新鲜去骨,60.84,36.11,41.99,1/3/2025 16:00:05
174072960783765627,20250228,E000086,鲜羊肉,新鲜去骨,60.91,36.11,41.99,28/2/2025 16:00:07
174064321620662418,20250227,E000086,鲜羊肉,新鲜去骨,60.92,36.11,41.99,27/2/2025 16:00:15
174055680612660764,20250226,E000086,鲜羊肉,新鲜去骨,60.9,36.11,41.99,26/2/2025 16:00:06
174047040967549604,20250225,E000086,鲜羊肉,新鲜去骨,60.81,36.11,41.99,25/2/2025 16:00:09
174038400565463905,20250224,E000086,鲜羊肉,新鲜去骨,60.83,36.11,41.95,24/2/2025 16:00:05
174029761296555777,20250223,E000086,鲜羊肉,新鲜去骨,60.83,36.11,41.91,23/2/2025 16:00:12
174021121470836211,20250222,E000086,鲜羊肉,新鲜去骨,60.86,36.11,41.8,22/2/2025 16:00:14
174012481346841252,20250221,E000086,鲜羊肉,新鲜去骨,60.88,36.11,41.96,21/2/2025 16:00:13
174003841150934828,20250220,E000086,鲜羊肉,新鲜去骨,60.92,36.11,41.96,20/2/2025 16:00:11
173995201724512084,20250219,E000086,鲜羊肉,新鲜去骨,60.93,36.11,41.97,19/2/2025 16:00:17
173986561431740532,20250218,E000086,鲜羊肉,新鲜去骨,60.88,36.11,41.83,18/2/2025 16:00:14
173977920519914176,20250217,E000086,鲜羊肉,新鲜去骨,60.85,36.11,41.83,17/2/2025 16:00:05
173969281222609766,20250216,E000086,鲜羊肉,新鲜去骨,62.3,36.11,41.9,16/2/2025 16:00:12
173960641366598857,20250215,E000086,鲜羊肉,新鲜去骨,62.3,36.16,41.9,15/2/2025 16:00:13
173952000454182778,20250214,E000086,鲜羊肉,新鲜去骨,62.3,36.16,41.79,14/2/2025 16:00:04
173943361240989460,20250213,E000086,鲜羊肉,新鲜去骨,62.88,36.16,41.9,13/2/2025 16:00:12
173934721280619082,20250212,E000086,鲜羊肉,新鲜去骨,62.75,36.16,41.9,12/2/2025 16:00:12
173926081672884377,20250211,E000086,鲜羊肉,新鲜去骨,62.76,36.16,42,11/2/2025 16:00:16
173917441188690265,20250210,E000086,鲜羊肉,新鲜去骨,62.56,36.21,41.97,10/2/2025 16:00:11
173908800544857630,20250209,E000086,鲜羊肉,新鲜去骨,63.04,36.32,41.97,9/2/2025 16:00:05
173900160876202790,20250208,E000086,鲜羊肉,新鲜去骨,66.56,36.32,41.96,8/2/2025 16:00:08
173891520474459402,20250207,E000086,鲜羊肉,新鲜去骨,67.77,36.06,41.96,7/2/2025 16:00:04
173882880504719303,20250206,E000086,鲜羊肉,新鲜去骨,67.72,36.06,41.96,6/2/2025 16:00:04
173874241419250672,20250205,E000086,鲜羊肉,新鲜去骨,67.59,36.06,41.96,5/2/2025 16:00:14
173865601262873283,20250204,E000086,鲜羊肉,新鲜去骨,0,36.42,41.95,4/2/2025 16:00:12
173856960552076166,20250203,E000086,鲜羊肉,新鲜去骨,0,36.33,41.95,3/2/2025 16:00:05
173848321295248404,20250202,E000086,鲜羊肉,新鲜去骨,0,37.57,41.95,2/2/2025 16:00:12
173839681381588245,20250131,E000086,鲜羊肉,新鲜去骨,0,37.57,41.95,1/2/2025 16:00:13
173831041160510972,20250131,E000086,鲜羊肉,新鲜去骨,0,37.57,41.95,31/1/2025 16:00:11
173822400809323121,20250130,E000086,鲜羊肉,新鲜去骨,0,39,41.99,30/1/2025 16:00:08
173813761096141714,20250129,E000086,鲜羊肉,新鲜去骨,0,39.25,41.99,29/1/2025 16:00:10
173805120643742913,20250128,E000086,鲜羊肉,新鲜去骨,57,37.18,41.99,28/1/2025 16:00:06
173796481302537533,20250127,E000086,鲜羊肉,新鲜去骨,66.87,36.22,41.99,27/1/2025 16:00:12
173787840494886662,20250126,E000086,鲜羊肉,新鲜去骨,66.21,36.26,41.58,26/1/2025 16:00:04
173779200517489798,20250125,E000086,鲜羊肉,新鲜去骨,64.87,36.26,41.58,25/1/2025 16:00:05
173770561062058393,20250124,E000086,鲜羊肉,新鲜去骨,64.89,36.26,41.59,24/1/2025 16:00:10
173761920577679168,20250123,E000086,鲜羊肉,新鲜去骨,64.61,36.11,41.59,23/1/2025 16:00:05
173753281462482114,20250122,E000086,鲜羊肉,新鲜去骨,64.54,36.11,41.59,22/1/2025 16:00:14
173744640594192287,20250121,E000086,鲜羊肉,新鲜去骨,64.68,36.11,42.07,21/1/2025 16:00:05
173736000696157430,20250120,E000086,鲜羊肉,新鲜去骨,64.6,36,42.1,20/1/2025 16:00:06
173727361001025054,20250119,E000086,鲜羊肉,新鲜去骨,63.73,36,42.07,19/1/2025 16:00:09
173718720445766596,20250118,E000086,鲜羊肉,新鲜去骨,63.59,36.05,42.1,18/1/2025 16:00:04
173710080436034225,20250117,E000086,鲜羊肉,新鲜去骨,63.92,36.05,42.14,17/1/2025 16:00:04
173702376346284678,20250116,E000086,鲜羊肉,新鲜去骨,63.92,35.95,42.28,16/1/2025 18:36:03
173702178277193336,20250116,E000086,鲜羊肉,新鲜去骨,63.92,35.95,42.28,16/1/2025 18:03:02
173692800211623027,20250115,E000086,鲜羊肉,新鲜去骨,63.99,35.89,42.32,15/1/2025 16:00:02
173684160217638528,20250114,E000086,鲜羊肉,新鲜去骨,64,35.89,41.8,14/1/2025 16:00:02
173675520243940115,20250113,E000086,鲜羊肉,新鲜去骨,63.89,35.89,41.8,13/1/2025 16:00:02
173666880230688480,20250112,E000086,鲜羊肉,新鲜去骨,63.79,35.89,41.68,12/1/2025 16:00:02
173658240225313094,20250111,E000086,鲜羊肉,新鲜去骨,63.79,35.89,41.68,11/1/2025 16:00:02
173649600265732595,20250110,E000086,鲜羊肉,新鲜去骨,64.35,35.84,41.68,10/1/2025 16:00:02
173640960215175234,20250109,E000086,鲜羊肉,新鲜去骨,64.33,35.84,41.9,9/1/2025 16:00:02
173632320245182524,20250108,E000086,鲜羊肉,新鲜去骨,64.41,35.84,41.9,8/1/2025 16:00:02
173623680215047764,20250107,E000086,鲜羊肉,新鲜去骨,64.27,35.84,41.8,7/1/2025 16:00:02
173615040216121037,20250106,E000086,鲜羊肉,新鲜去骨,62.96,35.84,41.7,6/1/2025 16:00:02
173606400263184440,20250105,E000086,鲜羊肉,新鲜去骨,60.07,35.79,41.73,5/1/2025 16:00:02
173597760222942166,20250104,E000086,鲜羊肉,新鲜去骨,59.04,35.79,41.78,4/1/2025 16:00:02
173589120234432075,20250103,E000086,鲜羊肉,新鲜去骨,59.03,35.79,41.74,3/1/2025 16:00:02
173580480242841565,20250102,E000086,鲜羊肉,新鲜去骨,59.03,35.79,41.78,2/1/2025 16:00:02
173571840231026721,20250101,E000086,鲜羊肉,新鲜去骨,59.45,35.79,41.78,1/1/2025 16:00:02
173563200186285822,20241231,E000086,鲜羊肉,新鲜去骨,59.43,35.79,41.77,31/12/2024 16:00:01
173554560232351792,20241230,E000086,鲜羊肉,新鲜去骨,59.43,35.79,41.76,30/12/2024 16:00:02
173545920210690870,20241229,E000086,鲜羊肉,新鲜去骨,59.06,35.79,41.56,29/12/2024 16:00:02
173537280225487883,20241228,E000086,鲜羊肉,新鲜去骨,59.06,35.79,41.56,28/12/2024 16:00:02
173528640238634246,20241227,E000086,鲜羊肉,新鲜去骨,59.06,35.79,41.56,27/12/2024 16:00:02
173520000225304425,20241226,E000086,鲜羊肉,新鲜去骨,59.01,35.79,41.56,26/12/2024 16:00:02
173511360242245753,20241225,E000086,鲜羊肉,新鲜去骨,59.01,35.79,41.56,25/12/2024 16:00:02
173502720214792007,20241224,E000086,鲜羊肉,新鲜去骨,59.03,35.79,41.66,24/12/2024 16:00:02
173494080227503691,20241223,E000086,鲜羊肉,新鲜去骨,59.03,35.68,41.66,23/12/2024 16:00:02
173485440258347097,20241222,E000086,鲜羊肉,新鲜去骨,59.05,35.68,41.77,22/12/2024 16:00:02
173476800222574505,20241221,E000086,鲜羊肉,新鲜去骨,59.05,35.79,41.77,21/12/2024 16:00:02
173468160225395371,20241220,E000086,鲜羊肉,新鲜去骨,59.06,35.79,41.77,20/12/2024 16:00:02
173459520212825414,20241219,E000086,鲜羊肉,新鲜去骨,59.4,35.79,42.12,19/12/2024 16:00:01
173450880248791996,20241218,E000086,鲜羊肉,新鲜去骨,59.77,35.79,42.08,18/12/2024 16:00:02
173442240220865896,20241217,E000086,鲜羊肉,新鲜去骨,59.77,35.79,42.02,17/12/2024 16:00:02
173433600226280585,20241216,E000086,鲜羊肉,新鲜去骨,59.77,35.79,42.02,16/12/2024 16:00:02
173424960213825914,20241215,E000086,鲜羊肉,新鲜去骨,60.14,35.79,42.02,15/12/2024 16:00:02
173416320226132437,20241214,E000086,鲜羊肉,新鲜去骨,60.15,35.63,42.02,14/12/2024 16:00:02
173407680193288586,20241213,E000086,鲜羊肉,新鲜去骨,60.15,35.63,42.14,13/12/2024 16:00:01
173399040225119996,20241212,E000086,鲜羊肉,新鲜去骨,60.12,35.63,42.14,12/12/2024 16:00:02
173390400227582021,20241211,E000086,鲜羊肉,新鲜去骨,60.12,35.63,42.55,11/12/2024 16:00:02
173381760264564507,20241210,E000086,鲜羊肉,新鲜去骨,60.13,35.63,42.68,10/12/2024 16:00:02
173373120214616006,20241209,E000086,鲜羊肉,新鲜去骨,60.13,35.74,42.75,9/12/2024 16:00:02
173364480221945124,20241208,E000086,鲜羊肉,新鲜去骨,60.14,35.74,42.75,8/12/2024 16:00:02
173355840226845565,20241207,E000086,鲜羊肉,新鲜去骨,60.13,35.74,42.75,7/12/2024 16:00:02
173347200254046188,20241206,E000086,鲜羊肉,新鲜去骨,60.48,35.74,42.76,6/12/2024 16:00:02
173338560252783061,20241205,E000086,鲜羊肉,新鲜去骨,60.49,35.74,42.76,5/12/2024 16:00:02
173329920230449574,20241204,E000086,鲜羊肉,新鲜去骨,60.49,35.74,42.69,4/12/2024 16:00:02
173321280221282665,20241203,E000086,鲜羊肉,新鲜去骨,60.49,35.74,42.66,3/12/2024 16:00:02
173312640318495741,20241202,E000086,鲜羊肉,新鲜去骨,60.51,35.74,42.56,2/12/2024 16:00:03
173304000211689330,20241201,E000086,鲜羊肉,新鲜去骨,60.49,35.74,42.56,1/12/2024 16:00:02
173295360253282835,20241130,E000086,鲜羊肉,新鲜去骨,60.49,35.74,43.24,30/11/2024 16:00:02
173286720197254952,20241129,E000086,鲜羊肉,新鲜去骨,60.52,35.74,43.35,29/11/2024 16:00:01
173278080255658861,20241128,E000086,鲜羊肉,新鲜去骨,60.47,35.74,43.13,28/11/2024 16:00:02
173269440224127594,20241127,E000086,鲜羊肉,新鲜去骨,60.48,35.74,43.13,27/11/2024 16:00:02
173260800262067843,20241126,E000086,鲜羊肉,新鲜去骨,60.51,35.74,43.13,26/11/2024 16:00:02
173258626604426882,20241125,E000086,鲜羊肉,新鲜去骨,60.47,35.74,43.13,26/11/2024 09:57:46
173259107745731084,20241124,E000086,鲜羊肉,新鲜去骨,60.47,35.89,43.13,26/11/2024 11:17:57
173234880223648903,20241123,E000086,鲜羊肉,新鲜去骨,60.36,35.89,43.14,23/11/2024 16:00:02
173226240221746285,20241122,E000086,鲜羊肉,新鲜去骨,60.56,35.89,43.14,22/11/2024 16:00:02
173217600211029461,20241121,E000086,鲜羊肉,新鲜去骨,60.57,35.89,43.18,21/11/2024 16:00:02
173208960250823923,20241120,E000086,鲜羊肉,新鲜去骨,60.84,35.89,43.18,20/11/2024 16:00:02
173200320229633434,20241119,E000086,鲜羊肉,新鲜去骨,60.88,35.95,43.19,19/11/2024 16:00:02
173191680253944153,20241118,E000086,鲜羊肉,新鲜去骨,60.84,35.95,43.19,18/11/2024 16:00:02
173183040216490821,20241117,E000086,鲜羊肉,新鲜去骨,60.84,35.95,43.19,17/11/2024 16:00:02
173174400264148720,20241116,E000086,鲜羊肉,新鲜去骨,60.79,35.95,43.19,16/11/2024 16:00:02
173165760250966544,20241115,E000086,鲜羊肉,新鲜去骨,60.83,36,43.3,15/11/2024 16:00:02
173157120208584370,20241114,E000086,鲜羊肉,新鲜去骨,60.97,36,43.19,14/11/2024 16:00:02
173148480256608217,20241113,E000086,鲜羊肉,新鲜去骨,61.04,35.89,43.19,13/11/2024 16:00:02
173139840225688447,20241112,E000086,鲜羊肉,新鲜去骨,61.02,35.89,43.23,12/11/2024 16:00:02
173131200222064675,20241111,E000086,鲜羊肉,新鲜去骨,61.01,35.89,43.23,11/11/2024 16:00:02
173122560238685875,20241110,E000086,鲜羊肉,新鲜去骨,60.94,35.84,43.23,10/11/2024 16:00:02
173113920226687442,20241109,E000086,鲜羊肉,新鲜去骨,61.03,35.84,43.23,9/11/2024 16:00:02
173105280200752667,20241108,E000086,鲜羊肉,新鲜去骨,61.02,35.84,43.23,8/11/2024 16:00:01
173096640199709170,20241107,E000086,鲜羊肉,新鲜去骨,60.99,35.89,43.46,7/11/2024 16:00:01
173088000229611860,20241106,E000086,鲜羊肉,新鲜去骨,60.97,36,43.57,6/11/2024 16:00:02
173079360237739970,20241105,E000086,鲜羊肉,新鲜去骨,60.95,36.05,43.66,5/11/2024 16:00:02
173070720232230854,20241104,E000086,鲜羊肉,新鲜去骨,60.95,36.05,43.76,4/11/2024 16:00:02
173062080213724292,20241103,E000086,鲜羊肉,新鲜去骨,60.93,36.05,43.76,3/11/2024 16:00:02
173053440226145427,20241102,E000086,鲜羊肉,新鲜去骨,61.01,36.05,43.76,2/11/2024 16:00:02
173044800187286850,20241101,E000086,鲜羊肉,新鲜去骨,60.95,36.05,43.76,1/11/2024 16:00:01
173036160218711193,20241031,E000086,鲜羊肉,新鲜去骨,61.03,36.05,43.6,31/10/2024 16:00:02
173027520187516813,20241030,E000086,鲜羊肉,新鲜去骨,61.01,36.05,43.45,30/10/2024 16:00:01
173018880241607791,20241029,E000086,鲜羊肉,新鲜去骨,61.03,35.95,43.45,29/10/2024 16:00:02
173010240233244391,20241028,E000086,鲜羊肉,新鲜去骨,60.95,35.95,43.45,28/10/2024 16:00:02
173001600249474597,20241027,E000086,鲜羊肉,新鲜去骨,60.98,35.95,43.41,27/10/2024 16:00:02
172992960284268924,20241025,E000086,鲜羊肉,新鲜去骨,61.06,35.84,43.41,26/10/2024 16:00:02
172984320245057006,20241025,E000086,鲜羊肉,新鲜去骨,61.06,35.84,43.41,25/10/2024 16:00:02
172975680370481775,20241024,E000086,鲜羊肉,新鲜去骨,61.07,35.84,43.41,24/10/2024 16:00:03
172967040240006874,20241023,E000086,鲜羊肉,新鲜去骨,61.06,35.84,43.57,23/10/2024 16:00:02
172958400290503015,20241022,E000086,鲜羊肉,新鲜去骨,61.07,35.84,43.49,22/10/2024 16:00:02
172949760223414005,20241021,E000086,鲜羊肉,新鲜去骨,61.01,35.84,43.38,21/10/2024 16:00:02
172941120214587578,20241020,E000086,鲜羊肉,新鲜去骨,60.99,35.79,43.45,20/10/2024 16:00:02
172932480212628423,20241019,E000086,鲜羊肉,新鲜去骨,61.03,35.79,43.45,19/10/2024 16:00:01
172923840239341541,20241018,E000086,鲜羊肉,新鲜去骨,61.05,35.79,43.45,18/10/2024 16:00:02
172915200229390723,20241017,E000086,鲜羊肉,新鲜去骨,60.64,35.89,43.45,17/10/2024 16:00:02
172906560236844648,20241016,E000086,鲜羊肉,新鲜去骨,60.65,35.89,43.45,16/10/2024 16:00:02
172897920216353271,20241015,E000086,鲜羊肉,新鲜去骨,60.68,35.89,43.35,15/10/2024 16:00:02
172889280217028724,20241014,E000086,鲜羊肉,新鲜去骨,59.18,35.89,43.35,14/10/2024 16:00:02
172880640214909524,20241013,E000086,鲜羊肉,新鲜去骨,59.2,35.89,43.35,13/10/2024 16:00:02
172872000233133321,20241012,E000086,鲜羊肉,新鲜去骨,59.18,35.79,43.35,12/10/2024 16:00:02
172863360217479088,20241011,E000086,鲜羊肉,新鲜去骨,59.16,35.79,43.28,11/10/2024 16:00:02
172854720232668887,20241010,E000086,鲜羊肉,新鲜去骨,59.16,35.79,43.2,10/10/2024 16:00:02
172846080223163785,20241009,E000086,鲜羊肉,新鲜去骨,59.14,35.79,43.09,9/10/2024 16:00:02
172837440207776128,20241008,E000086,鲜羊肉,新鲜去骨,59.14,35.79,43.43,8/10/2024 16:00:02
172828800199898693,20241007,E000086,鲜羊肉,新鲜去骨,59.17,35.95,43.43,7/10/2024 16:00:01
172820160198549466,20241006,E000086,鲜羊肉,新鲜去骨,59.2,35.89,43.43,6/10/2024 16:00:01
172811520176822431,20241005,E000086,鲜羊肉,新鲜去骨,59.17,35.89,43.43,5/10/2024 16:00:01
172802880186813865,20241004,E000086,鲜羊肉,新鲜去骨,59.17,35.89,43.43,4/10/2024 16:00:01
172794240226803831,20241003,E000086,鲜羊肉,新鲜去骨,59.17,35.89,43.59,3/10/2024 16:00:02
172785600211112542,20241002,E000086,鲜羊肉,新鲜去骨,59.2,35.89,43.54,2/10/2024 16:00:02
172776960231685971,20241001,E000086,鲜羊肉,新鲜去骨,59.19,35.89,43.69,1/10/2024 16:00:02
172768320240734304,20240930,E000086,鲜羊肉,新鲜去骨,59.19,35.89,43.57,30/9/2024 16:00:02
172759680249030601,20240929,E000086,鲜羊肉,新鲜去骨,59.22,35.89,43.54,29/9/2024 16:00:02
172751040238432336,20240928,E000086,鲜羊肉,新鲜去骨,59.19,35.89,43.54,28/9/2024 16:00:02
172742400238123620,20240927,E000086,鲜羊肉,新鲜去骨,59.2,35.79,43.54,27/9/2024 16:00:02
172733760218151411,20240926,E000086,鲜羊肉,新鲜去骨,59.15,35.89,43.55,26/9/2024 16:00:02
172725120263325303,20240925,E000086,鲜羊肉,新鲜去骨,59.17,36,43.55,25/9/2024 16:00:02
172716480220638398,20240924,E000086,鲜羊肉,新鲜去骨,59.17,36,43.55,24/9/2024 16:00:02
172707840187583435,20240923,E000086,鲜羊肉,新鲜去骨,59.19,36,43.55,23/9/2024 16:00:01
172699200226234600,20240922,E000086,鲜羊肉,新鲜去骨,59.27,35.95,43.4,22/9/2024 16:00:02
172690560288073947,20240921,E000086,鲜羊肉,新鲜去骨,59.2,35.95,43.4,21/9/2024 16:00:02
172681920208294371,20240920,E000086,鲜羊肉,新鲜去骨,59.19,35.95,43.51,20/9/2024 16:00:02
172673280226353431,20240919,E000086,鲜羊肉,新鲜去骨,59.54,35.95,43.51,19/9/2024 16:00:02
172664640216561166,20240918,E000086,鲜羊肉,新鲜去骨,59.55,35.95,43.51,18/9/2024 16:00:02
172656000218710721,20240917,E000086,鲜羊肉,新鲜去骨,59.57,35.95,43.64,17/9/2024 16:00:02
172647360218302643,20240916,E000086,鲜羊肉,新鲜去骨,59.56,35.84,43.64,16/9/2024 16:00:02
172638720214013324,20240915,E000086,鲜羊肉,新鲜去骨,59.57,35.79,43.64,15/9/2024 16:00:02
172630080225964591,20240914,E000086,鲜羊肉,新鲜去骨,59.55,35.79,43.78,14/9/2024 16:00:02
172621440209041203,20240913,E000086,鲜羊肉,新鲜去骨,59.55,35.68,43.78,13/9/2024 16:00:02
172612800228613096,20240912,E000086,鲜羊肉,新鲜去骨,59.54,35.68,43.55,12/9/2024 16:00:02
172604160216930906,20240911,E000086,鲜羊肉,新鲜去骨,59.55,35.68,43.58,11/9/2024 16:00:02
172595520220024756,20240910,E000086,鲜羊肉,新鲜去骨,59.54,35.68,43.13,10/9/2024 16:00:02
172586880186654510,20240909,E000086,鲜羊肉,新鲜去骨,59.55,35.68,43.13,9/9/2024 16:00:01
172578240245665194,20240908,E000086,鲜羊肉,新鲜去骨,59.57,35.68,43.13,8/9/2024 16:00:02
172569600233743183,20240907,E000086,鲜羊肉,新鲜去骨,59.56,35.79,43.24,7/9/2024 16:00:02
172560960218526906,20240906,E000086,鲜羊肉,新鲜去骨,59.55,35.79,43.62,6/9/2024 16:00:02
172552320201812855,20240905,E000086,鲜羊肉,新鲜去骨,59.54,35.79,43.62,5/9/2024 16:00:01
172543680230368155,20240904,E000086,鲜羊肉,新鲜去骨,59.53,35.79,43.62,4/9/2024 16:00:02
172535040228740164,20240903,E000086,鲜羊肉,新鲜去骨,59.13,35.68,43.44,3/9/2024 16:00:02
172526400201813107,20240902,E000086,鲜羊肉,新鲜去骨,59.14,35.68,43.44,2/9/2024 16:00:01
172517760212052343,20240901,E000086,鲜羊肉,新鲜去骨,59.16,35.68,43.44,1/9/2024 16:00:02
172509120215194046,20240831,E000086,鲜羊肉,新鲜去骨,59.15,35.68,43.44,31/8/2024 16:00:02
172500480224428623,20240830,E000086,鲜羊肉,新鲜去骨,58.75,35.79,43.44,30/8/2024 16:00:02
172491840227863148,20240829,E000086,鲜羊肉,新鲜去骨,58.74,35.79,43.44,29/8/2024 16:00:02
172483200190060238,20240828,E000086,鲜羊肉,新鲜去骨,58.75,35.79,43.44,28/8/2024 16:00:01
172474560212238471,20240827,E000086,鲜羊肉,新鲜去骨,58.73,35.79,43.44,27/8/2024 16:00:02
172465920214727891,20240826,E000086,鲜羊肉,新鲜去骨,58.75,35.74,43.44,26/8/2024 16:00:02
172457280214598857,20240825,E000086,鲜羊肉,新鲜去骨,57.63,35.74,43.44,25/8/2024 16:00:01
172448640363931508,20240824,E000086,鲜羊肉,新鲜去骨,57.64,35.74,43.44,24/8/2024 16:00:03
172440000218074116,20240823,E000086,鲜羊肉,新鲜去骨,57.63,35.74,43.44,23/8/2024 16:00:02
172431360205454293,20240822,E000086,鲜羊肉,新鲜去骨,57.57,35.74,43.44,22/8/2024 16:00:02
172422720229819187,20240821,E000086,鲜羊肉,新鲜去骨,57.16,35.79,43.33,21/8/2024 16:00:02
172414080277318774,20240820,E000086,鲜羊肉,新鲜去骨,57.09,35.79,43.6,20/8/2024 16:00:02
cXrH80149320240819vO,20240819,E000086,鲜羊肉,新鲜去骨,57.13,35.79,43.6,19/8/2024 15:00:01
ROyG40157720240818VV,20240818,E000086,鲜羊肉,新鲜去骨,57.23,35.79,43.41,18/8/2024 15:00:01
TlTH00112320240817pU,20240817,E000086,鲜羊肉,新鲜去骨,57.2,35.74,43.41,17/8/2024 15:00:01
tmTS60140220240816Ob,20240816,E000086,鲜羊肉,新鲜去骨,57.21,35.58,43.41,16/8/2024 15:00:01
nJTl20131320240815kX,20240815,E000086,鲜羊肉,新鲜去骨,57.12,35.63,43.33,15/8/2024 15:00:01
EwSk80123620240814Dq,20240814,E000086,鲜羊肉,新鲜去骨,57.12,35.68,43.33,14/8/2024 15:00:01
mwTc40133720240813fu,20240813,E000086,鲜羊肉,新鲜去骨,57.12,35.58,43.06,13/8/2024 15:00:01
FWmx00170420240812pJ,20240812,E000086,鲜羊肉,新鲜去骨,57.21,35.58,43.06,12/8/2024 15:00:01
vojR60146820240811EF,20240811,E000086,鲜羊肉,新鲜去骨,56.83,35.63,43.06,11/8/2024 15:00:01
GPBm20131420240810mX,20240810,E000086,鲜羊肉,新鲜去骨,56.85,35.63,43.06,10/8/2024 15:00:01
GWHd80129620240809qg,20240809,E000086,鲜羊肉,新鲜去骨,56.77,35.63,43.16,9/8/2024 15:00:01
mmYA40139120240808ev,20240808,E000086,鲜羊肉,新鲜去骨,56.75,35.63,43.16,8/8/2024 15:00:01
nkMN00133620240807to,20240807,E000086,鲜羊肉,新鲜去骨,56.81,35.79,43.12,7/8/2024 15:00:01
GvBR60134220240806PJ,20240806,E000086,鲜羊肉,新鲜去骨,56.69,35.79,43.09,6/8/2024 15:00:01
BaGL20125020240805KT,20240805,E000086,鲜羊肉,新鲜去骨,56.8,35.74,43.12,5/8/2024 15:00:01
eRsy80117820240804Vn,20240804,E000086,鲜羊肉,新鲜去骨,56.77,35.74,43.16,4/8/2024 15:00:01
uFnc40141420240803bJ,20240803,E000086,鲜羊肉,新鲜去骨,56.87,35.74,43.16,3/8/2024 15:00:01
wDiO00140320240802Gb,20240802,E000086,鲜羊肉,新鲜去骨,56.81,35.74,43.16,2/8/2024 15:00:01
FxPl60129820240801Nr,20240801,E000086,鲜羊肉,新鲜去骨,56.76,35.74,43.54,1/8/2024 15:00:01
isaP20145920240731po,20240731,E000086,鲜羊肉,新鲜去骨,56.7,35.84,43.69,31/7/2024 15:00:01
XgkP80153220240730ID,20240730,E000086,鲜羊肉,新鲜去骨,57.06,35.95,43.81,30/7/2024 15:00:01
eTup40213920240729HY,20240729,E000086,鲜羊肉,新鲜去骨,57.14,35.95,43.89,29/7/2024 15:00:02
jLAE00142520240728pd,20240728,E000086,鲜羊肉,新鲜去骨,57.23,35.95,43.89,28/7/2024 15:00:01
jPrk60130620240727pj,20240727,E000086,鲜羊肉,新鲜去骨,57.28,35.95,44.01,27/7/2024 15:00:01
oyCj20225120240726ef,20240726,E000086,鲜羊肉,新鲜去骨,57.17,35.95,44,26/7/2024 15:00:02
sTRY80282320240725Wf,20240725,E000086,鲜羊肉,新鲜去骨,57.13,35.95,44,25/7/2024 15:00:03
WVVQ40144220240724it,20240724,E000086,鲜羊肉,新鲜去骨,57.11,35.95,44.01,24/7/2024 15:00:01
Rtfu00136920240723rr,20240723,E000086,鲜羊肉,新鲜去骨,57.58,35.95,43.93,23/7/2024 15:00:01
Cels60144620240722bm,20240722,E000086,鲜羊肉,新鲜去骨,57.59,35.95,43.93,22/7/2024 15:00:01
IEtr20134520240721jV,20240721,E000086,鲜羊肉,新鲜去骨,58.39,35.95,43.97,21/7/2024 15:00:01
PQoY80140020240720jV,20240720,E000086,鲜羊肉,新鲜去骨,58.38,35.95,43.97,20/7/2024 15:00:01
leWY40146320240719VB,20240719,E000086,鲜羊肉,新鲜去骨,58.38,35.95,43.97,19/7/2024 15:00:01
pwTw00129120240718ia,20240718,E000086,鲜羊肉,新鲜去骨,58.34,35.95,43.97,18/7/2024 15:00:01
FOdw60241020240717pn,20240717,E000086,鲜羊肉,新鲜去骨,58.3,35.95,43.97,17/7/2024 15:00:02
RSVY20150020240716Ma,20240716,E000086,鲜羊肉,新鲜去骨,58.29,35.95,43.96,16/7/2024 15:00:01
mghn80148820240715GI,20240715,E000086,鲜羊肉,新鲜去骨,58.33,35.95,43.96,15/7/2024 15:00:01
OGlh40135120240714bk,20240714,E000086,鲜羊肉,新鲜去骨,58.4,35.95,43.96,14/7/2024 15:00:01
xPcU00131920240713rr,20240713,E000086,鲜羊肉,新鲜去骨,58.39,36.21,43.96,13/7/2024 15:00:01
VVsf60138320240712aI,20240712,E000086,鲜羊肉,新鲜去骨,58.38,36.21,43.96,12/7/2024 15:00:01
eOpe20129120240711Ef,20240711,E000086,鲜羊肉,新鲜去骨,58.35,36.21,43.96,11/7/2024 15:00:01
NFXX80143120240710fQ,20240710,E000086,鲜羊肉,新鲜去骨,58.39,36.21,43.96,10/7/2024 15:00:01
DHOy40187120240709FT,20240709,E000086,鲜羊肉,新鲜去骨,58.26,36.21,43.96,9/7/2024 15:00:02
QFsV00134720240708BH,20240708,E000086,鲜羊肉,新鲜去骨,58.33,36.26,43.96,8/7/2024 15:00:01
mahM60123220240707gh,20240707,E000086,鲜羊肉,新鲜去骨,58.36,36.26,43.96,7/7/2024 15:00:01
JNoX20120320240706cJ,20240706,E000086,鲜羊肉,新鲜去骨,58.43,36.26,43.96,6/7/2024 15:00:01
BlQY80140720240705NC,20240705,E000086,鲜羊肉,新鲜去骨,58.33,36.21,43.96,5/7/2024 15:00:01
tunp40136320240704Nc,20240704,E000086,鲜羊肉,新鲜去骨,58.35,36.21,43.89,4/7/2024 15:00:01
GHPP00124820240703qQ,20240703,E000086,鲜羊肉,新鲜去骨,58.33,36.21,43.93,3/7/2024 15:00:01
EdNL60136020240702Ym,20240702,E000086,鲜羊肉,新鲜去骨,58.33,36.21,43.9,2/7/2024 15:00:01
giCR20131420240701YG,20240701,E000086,鲜羊肉,新鲜去骨,58.31,36.21,43.9,1/7/2024 15:00:01
tivi80129920240630MY,20240630,E000086,鲜羊肉,新鲜去骨,58.42,36.21,43.9,30/6/2024 15:00:01
nPuT40124820240629lS,20240629,E000086,鲜羊肉,新鲜去骨,58.38,36.21,43.9,29/6/2024 15:00:01
PQrl00141920240628Tv,20240628,E000086,鲜羊肉,新鲜去骨,58.33,36.21,43.9,28/6/2024 15:00:01
nBLD60145620240627LJ,20240627,E000086,鲜羊肉,新鲜去骨,58.34,36.21,43.9,27/6/2024 15:00:01
kwmr20132920240626RY,20240626,E000086,鲜羊肉,新鲜去骨,58.29,36.21,43.9,26/6/2024 15:00:01
PuqN80150920240625Oy,20240625,E000086,鲜羊肉,新鲜去骨,58.29,36.37,43.94,25/6/2024 15:00:01
Cpxn40224120240624fn,20240624,E000086,鲜羊肉,新鲜去骨,58.34,36.37,43.94,24/6/2024 15:00:02
FiuA00124320240623vN,20240623,E000086,鲜羊肉,新鲜去骨,58.36,36.37,43.94,23/6/2024 15:00:01
KxLy60149420240622mM,20240622,E000086,鲜羊肉,新鲜去骨,58.41,36.42,43.94,22/6/2024 15:00:01
qhym20134220240621GC,20240621,E000086,鲜羊肉,新鲜去骨,58.75,36.42,43.97,21/6/2024 15:00:01
AwRN80135220240620TL,20240620,E000086,鲜羊肉,新鲜去骨,58.76,36.47,44.05,20/6/2024 15:00:01
wIpf40136320240619Sy,20240619,E000086,鲜羊肉,新鲜去骨,58.76,36.32,44.05,19/6/2024 15:00:01
lILX00125120240618dI,20240618,E000086,鲜羊肉,新鲜去骨,58.76,36.37,44.01,18/6/2024 15:00:01
BORT60132320240617lL,20240617,E000086,鲜羊肉,新鲜去骨,58.77,36.32,44.01,17/6/2024 15:00:01
awkG20122320240616wE,20240616,E000086,鲜羊肉,新鲜去骨,58.89,36.32,44.09,16/6/2024 15:00:01
rPES80127420240615UW,20240615,E000086,鲜羊肉,新鲜去骨,58.89,36.32,44.09,15/6/2024 15:00:01
qFcN40123420240614HK,20240614,E000086,鲜羊肉,新鲜去骨,58.8,36.37,44.09,14/6/2024 15:00:01
AtNt00131120240613tc,20240613,E000086,鲜羊肉,新鲜去骨,58.79,36.37,44.09,13/6/2024 15:00:01
QHrM60126420240612Pa,20240612,E000086,鲜羊肉,新鲜去骨,58.76,36.37,44.09,12/6/2024 15:00:01
rvtL20133420240611Ep,20240611,E000086,鲜羊肉,新鲜去骨,58.77,36.37,44.01,11/6/2024 15:00:01
dqUI80125920240610Yi,20240610,E000086,鲜羊肉,新鲜去骨,58.82,36.37,44.01,10/6/2024 15:00:01
TSuu40122420240609QI,20240609,E000086,鲜羊肉,新鲜去骨,58.92,36.37,44.01,9/6/2024 15:00:01
rvGe00122720240608PS,20240608,E000086,鲜羊肉,新鲜去骨,58.91,36.37,44.01,8/6/2024 15:00:01
lWWi60122820240607lt,20240607,E000086,鲜羊肉,新鲜去骨,59.03,36.37,44.09,7/6/2024 15:00:01
fGyq20147420240606wc,20240606,E000086,鲜羊肉,新鲜去骨,58.98,36.37,43.97,6/6/2024 15:00:01
scVH80141020240605Bs,20240605,E000086,鲜羊肉,新鲜去骨,58.95,36.37,43.97,5/6/2024 15:00:01
bBKp40130020240604Xv,20240604,E000086,鲜羊肉,新鲜去骨,58.97,36.37,43.92,4/6/2024 15:00:01
sMId00132620240603AB,20240603,E000086,鲜羊肉,新鲜去骨,59.38,36.53,43.92,3/6/2024 15:00:01
Tieq60128620240602XY,20240602,E000086,鲜羊肉,新鲜去骨,59.4,36.47,43.92,2/6/2024 15:00:01
Keid20129720240601ql,20240601,E000086,鲜羊肉,新鲜去骨,59.4,36.47,43.92,1/6/2024 15:00:01
gcXy80144720240531rs,20240531,E000086,鲜羊肉,新鲜去骨,59.38,36.47,43.92,31/5/2024 15:00:01
HMcC40130820240530jv,20240530,E000086,鲜羊肉,新鲜去骨,59.39,36.53,43.92,30/5/2024 15:00:01
iTyc00151120240529pF,20240529,E000086,鲜羊肉,新鲜去骨,59.4,37.05,43.92,29/5/2024 15:00:01
LbOa60133720240528Ho,20240528,E000086,鲜羊肉,新鲜去骨,59.79,37.11,43.92,28/5/2024 15:00:01
aIni20132120240527EF,20240527,E000086,鲜羊肉,新鲜去骨,59.79,37.05,43.92,27/5/2024 15:00:01
ialV80146520240526Vu,20240526,E000086,鲜羊肉,新鲜去骨,59.81,37.05,43.95,26/5/2024 15:00:01
EWLC40120220240525CD,20240525,E000086,鲜羊肉,新鲜去骨,59.82,37.05,43.76,25/5/2024 15:00:01
lsMa00132220240524KP,20240524,E000086,鲜羊肉,新鲜去骨,59.81,37.05,43.76,24/5/2024 15:00:01
WAIf60134920240523aw,20240523,E000086,鲜羊肉,新鲜去骨,59.78,37.05,43.88,23/5/2024 15:00:01
vUBf20136420240522QG,20240522,E000086,鲜羊肉,新鲜去骨,59.82,37,43.88,22/5/2024 15:00:01
Rvpx80127820240521nr,20240521,E000086,鲜羊肉,新鲜去骨,59.81,37.11,43.95,21/5/2024 15:00:01
Kwix40137320240520eS,20240520,E000086,鲜羊肉,新鲜去骨,59.82,37.11,43.84,20/5/2024 15:00:01
SqVv00131020240519tB,20240519,E000086,鲜羊肉,新鲜去骨,59.83,37.16,43.84,19/5/2024 15:00:01
ECem60137320240518Cl,20240518,E000086,鲜羊肉,新鲜去骨,59.85,37.16,43.84,18/5/2024 15:00:01
EQWI20155420240517Uo,20240517,E000086,鲜羊肉,新鲜去骨,59.84,37.21,43.84,17/5/2024 15:00:01
PHYM80201520240516JC,20240516,E000086,鲜羊肉,新鲜去骨,59.84,37.21,43.84,16/5/2024 15:00:02
mbcJ40247720240515OQ,20240515,E000086,鲜羊肉,新鲜去骨,59.82,37.26,43.84,15/5/2024 15:00:02
jxbC30430320240514sA,20240514,E000086,鲜羊肉,新鲜去骨,59.82,37.26,43.92,14/5/2024 15:05:04
OMeb60121620240513AN,20240513,E000086,鲜羊肉,新鲜去骨,59.84,37.26,43.92,13/5/2024 15:00:01
KWCh20127320240512rP,20240512,E000086,鲜羊肉,新鲜去骨,60.27,37.32,43.92,12/5/2024 15:00:01
vfDU80128220240511xg,20240511,E000086,鲜羊肉,新鲜去骨,60.24,37.32,43.92,11/5/2024 15:00:01
oDcN40146620240510RC,20240510,E000086,鲜羊肉,新鲜去骨,60.26,37.37,43.92,10/5/2024 15:00:01
Jwkr00183120240509xq,20240509,E000086,鲜羊肉,新鲜去骨,60.25,37.22,43.92,9/5/2024 15:00:01
FwyK60196520240508II,20240508,E000086,鲜羊肉,新鲜去骨,61.1,37.22,43.88,8/5/2024 15:00:02
HjuK20123720240507HT,20240507,E000086,鲜羊肉,新鲜去骨,61.06,37.22,43.92,7/5/2024 15:00:01
apQf80138620240506iE,20240506,E000086,鲜羊肉,新鲜去骨,61.03,37.22,43.92,6/5/2024 15:00:01
cCLd40119520240505Px,20240505,E000086,鲜羊肉,新鲜去骨,62.22,37.22,43.92,5/5/2024 15:00:01
PUMo00127820240504LF,20240504,E000086,鲜羊肉,新鲜去骨,62.11,37.28,43.92,4/5/2024 15:00:01
KAUM60133020240503jo,20240503,E000086,鲜羊肉,新鲜去骨,62.15,37.28,44.03,3/5/2024 15:00:01
wyIM20134820240502TT,20240502,E000086,鲜羊肉,新鲜去骨,62.12,37.28,44.03,2/5/2024 15:00:01
dwvH80124320240501uP,20240501,E000086,鲜羊肉,新鲜去骨,62.1,37.28,44.03,1/5/2024 15:00:01
MVIE40127620240430ih,20240430,E000086,鲜羊肉,新鲜去骨,62.22,37.33,44.05,30/4/2024 15:00:01
HOhk00132020240429hd,20240429,E000086,鲜羊肉,新鲜去骨,62.23,37.39,44.05,29/4/2024 15:00:01
clGl60169720240428fM,20240428,E000086,鲜羊肉,新鲜去骨,62.22,37.39,44.13,28/4/2024 15:00:01
kMtp20118820240427uP,20240427,E000086,鲜羊肉,新鲜去骨,62.15,37.44,44.13,27/4/2024 15:00:01
yYOJ80136920240426rg,20240426,E000086,鲜羊肉,新鲜去骨,62.23,37.44,44.13,26/4/2024 15:00:01
csNo40131120240425BB,20240425,E000086,鲜羊肉,新鲜去骨,62.25,37.5,44.13,25/4/2024 15:00:01
aGoU00127220240424wb,20240424,E000086,鲜羊肉,新鲜去骨,62.3,37.56,44.13,24/4/2024 15:00:01
DLkM60135420240423Jb,20240423,E000086,鲜羊肉,新鲜去骨,62.37,37.56,44.13,23/4/2024 15:00:01
uMRd20141820240422hB,20240422,E000086,鲜羊肉,新鲜去骨,62.3,37.56,44.13,22/4/2024 15:00:01
WFxB80119120240421mB,20240421,E000086,鲜羊肉,新鲜去骨,62.24,37.61,44.13,21/4/2024 15:00:01
Nnyy40120420240420YK,20240420,E000086,鲜羊肉,新鲜去骨,62.19,37.61,43.89,20/4/2024 15:00:01
VoTu00156720240419lk,20240419,E000086,鲜羊肉,新鲜去骨,62.6,37.61,43.85,19/4/2024 15:00:01
iveC60141420240418Vo,20240418,E000086,鲜羊肉,新鲜去骨,62.6,37.67,43.97,18/4/2024 15:00:01
cbDO20140620240417On,20240417,E000086,鲜羊肉,新鲜去骨,62.63,37.67,44.09,17/4/2024 15:00:01
lDKD80123720240416yt,20240416,E000086,鲜羊肉,新鲜去骨,63.03,37.67,44.09,16/4/2024 15:00:01
fTwm40127720240415xY,20240415,E000086,鲜羊肉,新鲜去骨,63.01,37.67,44.09,15/4/2024 15:00:01
yUai00128020240414DI,20240414,E000086,鲜羊肉,新鲜去骨,62.99,37.67,44.09,14/4/2024 15:00:01
kLRW60114120240413MM,20240413,E000086,鲜羊肉,新鲜去骨,62.98,37.67,44.09,13/4/2024 15:00:01
MjOQ20139220240412Ld,20240412,E000086,鲜羊肉,新鲜去骨,63.01,37.56,44.09,12/4/2024 15:00:01
vhdX80135920240411CJ,20240411,E000086,鲜羊肉,新鲜去骨,63.04,37.56,44.09,11/4/2024 15:00:01
RRio40136920240410bq,20240410,E000086,鲜羊肉,新鲜去骨,63.07,37.56,44.12,10/4/2024 15:00:01
ynjW00126420240409bY,20240409,E000086,鲜羊肉,新鲜去骨,63.07,37.44,44.09,9/4/2024 15:00:01
ARxO60130320240408Go,20240408,E000086,鲜羊肉,新鲜去骨,63.1,37.56,44.2,8/4/2024 15:00:01
Xhhs20130620240407WB,20240407,E000086,鲜羊肉,新鲜去骨,63.06,37.56,44.12,7/4/2024 15:00:01
tlgU80123420240406qQ,20240406,E000086,鲜羊肉,新鲜去骨,63.03,37.56,44.24,6/4/2024 15:00:01
gBlS40136820240405of,20240405,E000086,鲜羊肉,新鲜去骨,62.99,37.56,44.24,5/4/2024 15:00:01
caTO00131620240404ht,20240404,E000086,鲜羊肉,新鲜去骨,63.82,37.56,44.24,4/4/2024 15:00:01
oEnN60167520240403qf,20240403,E000086,鲜羊肉,新鲜去骨,63.76,37.56,44.24,3/4/2024 15:00:01
faNv20158120240402KU,20240402,E000086,鲜羊肉,新鲜去骨,63.82,37.56,44.28,2/4/2024 15:00:01
gQrY80123820240401rn,20240401,E000086,鲜羊肉,新鲜去骨,63.78,37.61,44.28,1/4/2024 15:00:01
Ipji40125620240331Gu,20240331,E000086,鲜羊肉,新鲜去骨,63.93,37.61,44.28,31/3/2024 15:00:01
cCaU00128420240330FE,20240330,E000086,鲜羊肉,新鲜去骨,63.65,37.56,44.28,30/3/2024 15:00:01
yARo60129620240329Xo,20240329,E000086,鲜羊肉,新鲜去骨,63.61,37.56,44.28,29/3/2024 15:00:01
cBQC20126020240328Sj,20240328,E000086,鲜羊肉,新鲜去骨,63.29,37.61,44.28,28/3/2024 15:00:01
hksY80130520240327ql,20240327,E000086,鲜羊肉,新鲜去骨,62.71,37.72,44.28,27/3/2024 15:00:01
Kejy40170720240326mX,20240326,E000086,鲜羊肉,新鲜去骨,62.62,37.83,44.28,26/3/2024 15:00:01
FIuH00127220240325RD,20240325,E000086,鲜羊肉,新鲜去骨,61.38,37.83,44.28,25/3/2024 15:00:01
MnoM60131120240324ru,20240324,E000086,鲜羊肉,新鲜去骨,61.16,37.83,44.28,24/3/2024 15:00:01
UNjP20123220240323Gq,20240323,E000086,鲜羊肉,新鲜去骨,60.22,37.83,44.05,23/3/2024 15:00:01
atXB80156120240322gu,20240322,E000086,鲜羊肉,新鲜去骨,61.58,37.78,44.05,22/3/2024 15:00:01
Atbo40138920240321MO,20240321,E000086,鲜羊肉,新鲜去骨,62.91,37.78,44.05,21/3/2024 15:00:01
AwtE00142220240320Ry,20240320,E000086,鲜羊肉,新鲜去骨,63.87,37.78,44.16,20/3/2024 15:00:01
vtFO60127920240319Eb,20240319,E000086,鲜羊肉,新鲜去骨,65.2,37.78,44.16,19/3/2024 15:00:01
SFVM20135220240318Cg,20240318,E000086,鲜羊肉,新鲜去骨,65.31,37.78,44.16,18/3/2024 15:00:01
vAlN80121220240317oJ,20240317,E000086,鲜羊肉,新鲜去骨,65.53,37.72,44.16,17/3/2024 15:00:01
sPTl40139820240316Tr,20240316,E000086,鲜羊肉,新鲜去骨,65.35,37.78,44.16,16/3/2024 15:00:01
eCAc00214320240315sK,20240315,E000086,鲜羊肉,新鲜去骨,65.35,37.78,44.16,15/3/2024 15:00:02
CYlj60131420240314cU,20240314,E000086,鲜羊肉,新鲜去骨,65.72,37.93,44.15,14/3/2024 15:00:01
bnhw20150720240313ke,20240313,E000086,鲜羊肉,新鲜去骨,65.88,37.99,44.04,13/3/2024 15:00:01
gKbf80132420240312OB,20240312,E000086,鲜羊肉,新鲜去骨,65.94,37.93,43.23,12/3/2024 15:00:01
XnoM40126220240311Si,20240311,E000086,鲜羊肉,新鲜去骨,67.55,37.93,43.23,11/3/2024 15:00:01
mTSe00130620240310ja,20240310,E000086,鲜羊肉,新鲜去骨,67.63,37.93,43.23,10/3/2024 15:00:01
PNIu60123120240309Lk,20240309,E000086,鲜羊肉,新鲜去骨,67.54,37.93,43.23,9/3/2024 15:00:01
sXqk20133320240308dx,20240308,E000086,鲜羊肉,新鲜去骨,67.52,37.99,43.23,8/3/2024 15:00:01
VqbD80171220240307VH,20240307,E000086,鲜羊肉,新鲜去骨,68.73,38.04,43.12,7/3/2024 15:00:01
NbsE40178720240306vx,20240306,E000086,鲜羊肉,新鲜去骨,68.71,38.04,43.12,6/3/2024 15:00:01
UInr00141320240305ci,20240305,E000086,鲜羊肉,新鲜去骨,68.7,38.04,42.96,5/3/2024 15:00:01
DrWx60125020240304re,20240304,E000086,鲜羊肉,新鲜去骨,69.93,38.16,42.96,4/3/2024 15:00:01
giWe20123220240303Ow,20240303,E000086,鲜羊肉,新鲜去骨,69.82,38.16,42.96,3/3/2024 15:00:01
mMeL80108220240302fv,20240302,E000086,鲜羊肉,新鲜去骨,69.84,38.16,42.96,2/3/2024 15:00:01
JBSj40129520240301sl,20240301,E000086,鲜羊肉,新鲜去骨,69.92,38.16,43.19,1/3/2024 15:00:01
wxJG00133920240229qk,20240229,E000086,鲜羊肉,新鲜去骨,70.57,38.16,43.31,29/2/2024 15:00:01
wSMC60120620240228ac,20240228,E000086,鲜羊肉,新鲜去骨,70.83,38.16,43.31,28/2/2024 15:00:01
KFCJ20137820240227sK,20240227,E000086,鲜羊肉,新鲜去骨,70.59,38.27,43.19,27/2/2024 15:00:01
kWwD80129920240226EW,20240226,E000086,鲜羊肉,新鲜去骨,70.6,38.27,43.19,26/2/2024 15:00:01
cPYg40128020240225GF,20240225,E000086,鲜羊肉,新鲜去骨,71.71,38.49,43.19,25/2/2024 15:00:01
OpNc00117020240224Xj,20240224,E000086,鲜羊肉,新鲜去骨,71.57,38.49,43.19,24/2/2024 15:00:01
ewrL60120820240223JD,20240223,E000086,鲜羊肉,新鲜去骨,71.83,38.5,43.2,23/2/2024 15:00:01
hTIe20135920240222Eq,20240222,E000086,鲜羊肉,新鲜去骨,71.48,38.61,43.2,22/2/2024 15:00:01
xXTs80122720240221ra,20240221,E000086,鲜羊肉,新鲜去骨,71.8,38.61,43.2,21/2/2024 15:00:01
MJjs40242320240220td,20240220,E000086,鲜羊肉,新鲜去骨,71.47,38.61,43.74,20/2/2024 15:00:02
WkaJ00118320240219xa,20240219,E000086,鲜羊肉,新鲜去骨,74.37,38.53,43.74,19/2/2024 15:00:01
Rkil60118620240218jm,20240218,E000086,鲜羊肉,新鲜去骨,75.36,38.56,43.74,18/2/2024 15:00:01
GShi20117420240217Ei,20240217,E000086,鲜羊肉,新鲜去骨,76,38.85,43.77,17/2/2024 15:00:01
YmpB80118120240216xp,20240216,E000086,鲜羊肉,新鲜去骨,,39,43.77,16/2/2024 15:00:01
CUOy40118420240215iA,20240215,E000086,鲜羊肉,新鲜去骨,,39,43.66,15/2/2024 15:00:01
mJXN00114820240214qu,20240214,E000086,鲜羊肉,新鲜去骨,,40.5,43.66,14/2/2024 15:00:01
syuP60110420240213Ss,20240213,E000086,鲜羊肉,新鲜去骨,,40.86,43.81,13/2/2024 15:00:01
DIJf20118820240212Gv,20240212,E000086,鲜羊肉,新鲜去骨,,40.57,43.89,12/2/2024 15:00:01
MUDE80111720240211xx,20240211,E000086,鲜羊肉,新鲜去骨,,40.57,43.89,11/2/2024 15:00:01
jrAj40112820240210PS,20240210,E000086,鲜羊肉,新鲜去骨,,40.57,43.25,10/2/2024 15:00:01
RLMU00120120240209Mm,20240209,E000086,鲜羊肉,新鲜去骨,66,39.08,43.12,9/2/2024 15:00:01
DIkL60124020240208aQ,20240208,E000086,鲜羊肉,新鲜去骨,72,38.65,43.39,8/2/2024 15:00:01
VIlL20116820240207Ch,20240207,E000086,鲜羊肉,新鲜去骨,71.34,38.5,43.39,7/2/2024 15:00:01
rrhO80127920240206pQ,20240206,E000086,鲜羊肉,新鲜去骨,71.2,38.53,43.43,6/2/2024 15:00:01
VFRl40128820240205DI,20240205,E000086,鲜羊肉,新鲜去骨,71,38.53,43.74,5/2/2024 15:00:01
IMwf00122320240204Yg,20240204,E000086,鲜羊肉,新鲜去骨,70.83,38.58,45.2,4/2/2024 15:00:01
apVw60126120240203BW,20240203,E000086,鲜羊肉,新鲜去骨,70.7,38.53,45.2,3/2/2024 15:00:01
DVaU20145520240202Uw,20240202,E000086,鲜羊肉,新鲜去骨,70.94,38.53,45.2,2/2/2024 15:00:01
tusH80129320240201Sg,20240201,E000086,鲜羊肉,新鲜去骨,70.9,38.31,44.67,1/2/2024 15:00:01
dqVm40126520240131kj,20240131,E000086,鲜羊肉,新鲜去骨,69.39,38.31,44.67,31/1/2024 15:00:01
QQjD00118320240130FS,20240130,E000086,鲜羊肉,新鲜去骨,69.47,38.31,45.13,30/1/2024 15:00:01
Cbmb60131720240129lV,20240129,E000086,鲜羊肉,新鲜去骨,69.44,38.19,45.13,29/1/2024 15:00:01
gcYP20126720240128ls,20240128,E000086,鲜羊肉,新鲜去骨,69.44,38.19,45.13,28/1/2024 15:00:01
WmqK80123520240127dG,20240127,E000086,鲜羊肉,新鲜去骨,69.45,38.19,45.13,27/1/2024 15:00:01
SiOG40132820240126oj,20240126,E000086,鲜羊肉,新鲜去骨,69.44,38.19,45.13,26/1/2024 15:00:01
ebCh00136720240125jC,20240125,E000086,鲜羊肉,新鲜去骨,69.49,38.19,44.94,25/1/2024 15:00:01
pLAX60126320240124VN,20240124,E000086,鲜羊肉,新鲜去骨,69.47,38.19,44.94,24/1/2024 15:00:01
YDuq20130620240123es,20240123,E000086,鲜羊肉,新鲜去骨,69.47,38.19,44.59,23/1/2024 15:00:01
FfEN80129920240122hk,20240122,E000086,鲜羊肉,新鲜去骨,69.51,38.19,44.59,22/1/2024 15:00:01
Xmqp40116420240121UE,20240121,E000086,鲜羊肉,新鲜去骨,69.44,38.08,44.59,21/1/2024 15:00:01
AiMn00203720240120wJ,20240120,E000086,鲜羊肉,新鲜去骨,66.44,38.08,44.59,20/1/2024 15:00:02
Ufek60133020240119EK,20240119,E000086,鲜羊肉,新鲜去骨,66.35,38.03,44.59,19/1/2024 15:00:01
oTeX20125820240118ne,20240118,E000086,鲜羊肉,新鲜去骨,64.83,38.08,44.59,18/1/2024 15:00:01
CVdp80143820240117dh,20240117,E000086,鲜羊肉,新鲜去骨,64.76,38,44.63,17/1/2024 15:00:01
MAob40138920240116nW,20240116,E000086,鲜羊肉,新鲜去骨,64.82,38,44.7,16/1/2024 15:00:01
XYof00134020240115Wk,20240115,E000086,鲜羊肉,新鲜去骨,64.91,38,44.7,15/1/2024 15:00:01
mrAq60125820240114WB,20240114,E000086,鲜羊肉,新鲜去骨,64.99,38.06,44.7,14/1/2024 15:00:01
qxRw20136420240113It,20240113,E000086,鲜羊肉,新鲜去骨,64.88,38.06,44.7,13/1/2024 15:00:01
SUKA80134120240112sr,20240112,E000086,鲜羊肉,新鲜去骨,64.72,38,44.7,12/1/2024 15:00:01
AoMd40150420240111du,20240111,E000086,鲜羊肉,新鲜去骨,64.63,38,44.82,11/1/2024 15:00:01
wfpR00125620240110Hf,20240110,E000086,鲜羊肉,新鲜去骨,64.67,38.06,44.82,10/1/2024 15:00:01
EdqB60135720240109Bi,20240109,E000086,鲜羊肉,新鲜去骨,64.72,38.17,44.84,9/1/2024 15:00:01
KHYY20124120240108cN,20240108,E000086,鲜羊肉,新鲜去骨,65.58,38.17,44.84,8/1/2024 15:00:01
oGoc80127520240107Gv,20240107,E000086,鲜羊肉,新鲜去骨,65.65,38.17,44.84,7/1/2024 15:00:01
VNSm40134920240106jF,20240106,E000086,鲜羊肉,新鲜去骨,65.58,38.17,44.84,6/1/2024 15:00:01
yjes00139320240105yh,20240105,E000086,鲜羊肉,新鲜去骨,65.69,38.17,44.49,5/1/2024 15:00:01
myII60145920240104FU,20240104,E000086,鲜羊肉,新鲜去骨,65.62,38.17,44.49,4/1/2024 15:00:01
dxqR20227520240103fX,20240103,E000086,鲜羊肉,新鲜去骨,65.62,38.17,44.49,3/1/2024 15:00:02
iNKM80155620240102am,20240102,E000086,鲜羊肉,新鲜去骨,65.52,38.17,44.49,2/1/2024 15:00:01
dtDa40128920240101IE,20240101,E000086,鲜羊肉,新鲜去骨,65.63,38.17,44.34,1/1/2024 15:00:01
QUol00124220231231Bn,20231231,E000086,鲜羊肉,新鲜去骨,65.76,38.17,44.34,31/12/2023 15:00:01
hKnU60117220231230rP,20231230,E000086,鲜羊肉,新鲜去骨,65.61,38.11,44.72,30/12/2023 15:00:01
siJn20139220231229re,20231229,E000086,鲜羊肉,新鲜去骨,65.62,38.06,44.72,29/12/2023 15:00:01
AdkI80135520231228FP,20231228,E000086,鲜羊肉,新鲜去骨,65.52,38.06,44.72,28/12/2023 15:00:01
wPLq40128720231227nH,20231227,E000086,鲜羊肉,新鲜去骨,66.03,38.06,44.72,27/12/2023 15:00:01
lsmj00134420231226cW,20231226,E000086,鲜羊肉,新鲜去骨,66.06,38.06,44.72,26/12/2023 15:00:01
rMer60137420231225Ec,20231225,E000086,鲜羊肉,新鲜去骨,65.94,38.06,44.72,25/12/2023 15:00:01
iQWU20131020231224Mn,20231224,E000086,鲜羊肉,新鲜去骨,65.93,38,44.72,24/12/2023 15:00:01
KuDM80122520231223AS,20231223,E000086,鲜羊肉,新鲜去骨,65.94,38,44.72,23/12/2023 15:00:01
hDkD40136620231222ul,20231222,E000086,鲜羊肉,新鲜去骨,65.96,37.94,44.72,22/12/2023 15:00:01
YvVV00130020231221Da,20231221,E000086,鲜羊肉,新鲜去骨,65.97,38,44.34,21/12/2023 15:00:01
SGLG60122320231220xB,20231220,E000086,鲜羊肉,新鲜去骨,66.07,38.06,44.49,20/12/2023 15:00:01
BLFN20130120231219Tm,20231219,E000086,鲜羊肉,新鲜去骨,66.04,38,44.83,19/12/2023 15:00:01
dNpK80133820231218mM,20231218,E000086,鲜羊肉,新鲜去骨,66.08,38,44.83,18/12/2023 15:00:01
bJfb40122720231217vd,20231217,E000086,鲜羊肉,新鲜去骨,66.03,38,44.83,17/12/2023 15:00:01
PJBH00131120231216aW,20231216,E000086,鲜羊肉,新鲜去骨,66.12,38,45.22,16/12/2023 15:00:01
diwJ60150420231215Sr,20231215,E000086,鲜羊肉,新鲜去骨,66.11,38,45.22,15/12/2023 15:00:01
obTa20146720231214SR,20231214,E000086,鲜羊肉,新鲜去骨,65.96,38,45.19,14/12/2023 15:00:01
lLJj80131520231213jp,20231213,E000086,鲜羊肉,新鲜去骨,65.96,37.94,45.19,13/12/2023 15:00:01
Nxkp40136920231212DF,20231212,E000086,鲜羊肉,新鲜去骨,65.96,37.94,44.83,12/12/2023 15:00:01
Vgcu00135520231211nc,20231211,E000086,鲜羊肉,新鲜去骨,65.93,38,45.72,11/12/2023 15:00:01
xhQU60129320231210cB,20231210,E000086,鲜羊肉,新鲜去骨,65.98,38,45.63,10/12/2023 15:00:01
Xkkc20121520231209AM,20231209,E000086,鲜羊肉,新鲜去骨,66.03,38,45.64,9/12/2023 15:00:01
HJIu80184920231208Bi,20231208,E000086,鲜羊肉,新鲜去骨,65.42,38,45.64,8/12/2023 15:00:01
rwhk40133420231207rc,20231207,E000086,鲜羊肉,新鲜去骨,65.44,38.11,45.64,7/12/2023 15:00:01
Qljw00122720231206WQ,20231206,E000086,鲜羊肉,新鲜去骨,65.91,38.11,45.64,6/12/2023 15:00:01
MbWe60124220231205Dp,20231205,E000086,鲜羊肉,新鲜去骨,65.87,38.11,45.75,5/12/2023 15:00:01
PbGV20129320231204hw,20231204,E000086,鲜羊肉,新鲜去骨,65.88,38.11,45.75,4/12/2023 15:00:01
auxG80124820231203ov,20231203,E000086,鲜羊肉,新鲜去骨,65.92,38.11,45.75,3/12/2023 15:00:01
agfG40122020231202la,20231202,E000086,鲜羊肉,新鲜去骨,66.02,38.11,45.75,2/12/2023 15:00:01
nJIk00140920231201Vg,20231201,E000086,鲜羊肉,新鲜去骨,65.91,38.11,45.75,1/12/2023 15:00:01
vlvh60136720231130Sk,20231130,E000086,鲜羊肉,新鲜去骨,66.26,38.11,45.75,30/11/2023 15:00:01
KKWu20126220231129pV,20231129,E000086,鲜羊肉,新鲜去骨,66.28,38.11,45.75,29/11/2023 15:00:01
wddV80130720231128BY,20231128,E000086,鲜羊肉,新鲜去骨,65.97,38.06,45.56,28/11/2023 15:00:01
WOps40136920231127eH,20231127,E000086,鲜羊肉,新鲜去骨,66.08,38.11,45.56,27/11/2023 15:00:01
AyrQ00126920231126or,20231126,E000086,鲜羊肉,新鲜去骨,66.2,38.11,45.56,26/11/2023 15:00:01
GcIT60176920231125Fr,20231125,E000086,鲜羊肉,新鲜去骨,66.21,38,45.56,25/11/2023 15:00:01
nhRc20133020231124hW,20231124,E000086,鲜羊肉,新鲜去骨,66.04,38.11,45.56,24/11/2023 15:00:01
CATU80127020231123OT,20231123,E000086,鲜羊肉,新鲜去骨,66,38,45.56,23/11/2023 15:00:01
gSaW40235920231122kD,20231122,E000086,鲜羊肉,新鲜去骨,66.36,38,45.56,22/11/2023 15:00:02
lCLL00127020231121OU,20231121,E000086,鲜羊肉,新鲜去骨,66.32,38,45.25,21/11/2023 15:00:01
qgfW60132320231120vp,20231120,E000086,鲜羊肉,新鲜去骨,66.32,37.83,45.25,20/11/2023 15:00:01
FeHa20123920231119kO,20231119,E000086,鲜羊肉,新鲜去骨,66.44,37.72,45.25,19/11/2023 15:00:01
MJMR80125020231118HY,20231118,E000086,鲜羊肉,新鲜去骨,65.74,37.72,45.25,18/11/2023 15:00:01
iYqT40141520231117ei,20231117,E000086,鲜羊肉,新鲜去骨,65.65,37.72,45.25,17/11/2023 15:00:01
iLCM00134020231116WC,20231116,E000086,鲜羊肉,新鲜去骨,64.49,37.72,45.25,16/11/2023 15:00:01
AUoh60123320231115gb,20231115,E000086,鲜羊肉,新鲜去骨,64.55,37.72,45.37,15/11/2023 15:00:01
JjCo20124020231114tt,20231114,E000086,鲜羊肉,新鲜去骨,64.16,37.67,45.17,14/11/2023 15:00:01
pVrK80125620231113eV,20231113,E000086,鲜羊肉,新鲜去骨,63.47,37.67,45.17,13/11/2023 15:00:01
xeAt40126120231112Ns,20231112,E000086,鲜羊肉,新鲜去骨,62.49,37.67,45.17,12/11/2023 15:00:01
wpQr00121920231111Xh,20231111,E000086,鲜羊肉,新鲜去骨,62.44,37.67,45.17,11/11/2023 15:00:01
vbbX60125020231110Sy,20231110,E000086,鲜羊肉,新鲜去骨,62.38,37.72,45.17,10/11/2023 15:00:01
BBsQ20125120231109Ml,20231109,E000086,鲜羊肉,新鲜去骨,62.05,37.72,45.3,9/11/2023 15:00:01
RiHf80128020231108Wu,20231108,E000086,鲜羊肉,新鲜去骨,62.38,37.72,45.3,8/11/2023 15:00:01
oIVo40128020231107mE,20231107,E000086,鲜羊肉,新鲜去骨,62.82,37.72,45.3,7/11/2023 15:00:01
MuCm00126020231106Py,20231106,E000086,鲜羊肉,新鲜去骨,62.28,37.61,45.3,6/11/2023 15:00:01
cYCP60124920231105uG,20231105,E000086,鲜羊肉,新鲜去骨,62.44,37.61,45.3,5/11/2023 15:00:01
svaM20121020231104na,20231104,E000086,鲜羊肉,新鲜去骨,62.47,37.61,45.3,4/11/2023 15:00:01
usem80132520231103IA,20231103,E000086,鲜羊肉,新鲜去骨,62.47,37.72,45.3,3/11/2023 15:00:01
IMCR40127220231102CE,20231102,E000086,鲜羊肉,新鲜去骨,62.45,37.72,45.3,2/11/2023 15:00:01
bUCG00149120231101JH,20231101,E000086,鲜羊肉,新鲜去骨,62.28,37.67,45.3,1/11/2023 15:00:01
YDXH60136120231031jA,20231031,E000086,鲜羊肉,新鲜去骨,61.96,37.61,45.37,31/10/2023 15:00:01
PtIv20120820231030KU,20231030,E000086,鲜羊肉,新鲜去骨,61.12,37.78,45.37,30/10/2023 15:00:01
tJDT80123920231029NA,20231029,E000086,鲜羊肉,新鲜去骨,60.76,37.78,45.37,29/10/2023 15:00:01
CNJR40118620231028YG,20231028,E000086,鲜羊肉,新鲜去骨,59.1,37.78,45.37,28/10/2023 15:00:01
orUw00135720231027gJ,20231027,E000086,鲜羊肉,新鲜去骨,58.9,37.78,45.37,27/10/2023 15:00:01
noQA60138820231026gU,20231026,E000086,鲜羊肉,新鲜去骨,59.47,37.83,45.32,26/10/2023 15:00:01
KjDL20133620231025DY,20231025,E000086,鲜羊肉,新鲜去骨,58.96,37.89,45.32,25/10/2023 15:00:01
vrEH80126220231024wf,20231024,E000086,鲜羊肉,新鲜去骨,59.84,37.89,45.32,24/10/2023 15:00:01
JvPa40120120231023qe,20231023,E000086,鲜羊肉,新鲜去骨,59.84,37.89,45.32,23/10/2023 15:00:01
JrdV00128520231022DS,20231022,E000086,鲜羊肉,新鲜去骨,60.12,37.89,45.59,22/10/2023 15:00:01
wEGL60115120231021Xa,20231021,E000086,鲜羊肉,新鲜去骨,61.29,37.89,45.59,21/10/2023 15:00:01
ilMw20138220231020AU,20231020,E000086,鲜羊肉,新鲜去骨,60.76,37.89,45.72,20/10/2023 15:00:01
ONpG80134820231019av,20231019,E000086,鲜羊肉,新鲜去骨,60.56,37.89,45.72,19/10/2023 15:00:01
Arml40123620231018UK,20231018,E000086,鲜羊肉,新鲜去骨,60.66,37.89,45.72,18/10/2023 15:00:01
uBpe00218620231017Ky,20231017,E000086,鲜羊肉,新鲜去骨,60.82,37.83,45.72,17/10/2023 15:00:02
TGtX60128620231016Dv,20231016,E000086,鲜羊肉,新鲜去骨,60.82,37.83,45.72,16/10/2023 15:00:01
kJMl20126520231015Gq,20231015,E000086,鲜羊肉,新鲜去骨,61.36,37.78,45.72,15/10/2023 15:00:01
wrxi80125220231014tG,20231014,E000086,鲜羊肉,新鲜去骨,61.9,37.83,45.72,14/10/2023 15:00:01
gjkV40127220231013Qn,20231013,E000086,鲜羊肉,新鲜去骨,61.65,37.83,45.49,13/10/2023 15:00:01
XvsT00129020231012ih,20231012,E000086,鲜羊肉,新鲜去骨,61.8,37.94,45.49,12/10/2023 15:00:01
sCIi60132520231011Yw,20231011,E000086,鲜羊肉,新鲜去骨,61.8,37.89,45.49,11/10/2023 15:00:01
rHOh20132820231010ga,20231010,E000086,鲜羊肉,新鲜去骨,61.79,37.89,45.42,10/10/2023 15:00:01
KfwY80122420231009WM,20231009,E000086,鲜羊肉,新鲜去骨,61.63,37.89,45.43,9/10/2023 15:00:01
mUhP40125420231008gr,20231008,E000086,鲜羊肉,新鲜去骨,61.86,37.83,45.43,8/10/2023 15:00:01
NYrm00134520231007aB,20231007,E000086,鲜羊肉,新鲜去骨,62.26,37.89,45.43,7/10/2023 15:00:01
HlGK60126420231006ji,20231006,E000086,鲜羊肉,新鲜去骨,62.17,38,44.89,6/10/2023 15:00:01
QfTL20130520231005MS,20231005,E000086,鲜羊肉,新鲜去骨,61.93,38,44.89,5/10/2023 15:00:01
ipTi80129020231004si,20231004,E000086,鲜羊肉,新鲜去骨,62.11,38,44.85,4/10/2023 15:00:01
CXlb40122720231003rS,20231003,E000086,鲜羊肉,新鲜去骨,62.32,38,44.85,3/10/2023 15:00:01
IqtI00121120231002ei,20231002,E000086,鲜羊肉,新鲜去骨,62.44,38,44.85,2/10/2023 15:00:01
qwDW60121320231001oc,20231001,E000086,鲜羊肉,新鲜去骨,62.91,38,44.85,1/10/2023 15:00:01
EKFn20127520230930TK,20230930,E000086,鲜羊肉,新鲜去骨,62.53,38,44.89,30/9/2023 15:00:01
ulna80190720230929Rn,20230929,E000086,鲜羊肉,新鲜去骨,62.4,38,44.89,29/9/2023 15:00:01
Ncus40134520230928Up,20230928,E000086,鲜羊肉,新鲜去骨,62.36,38,44.57,28/9/2023 15:00:01
eJnQ00135120230927QF,20230927,E000086,鲜羊肉,新鲜去骨,62.22,38,45.54,27/9/2023 15:00:01
sYeG60133920230926qB,20230926,E000086,鲜羊肉,新鲜去骨,63.01,38,45.49,26/9/2023 15:00:01
kdDg20139020230925KX,20230925,E000086,鲜羊肉,新鲜去骨,62.99,38,45.49,25/9/2023 15:00:01
aNcP80118620230924VC,20230924,E000086,鲜羊肉,新鲜去骨,63.19,37.78,45.49,24/9/2023 15:00:01
OQNF40120620230923Fn,20230923,E000086,鲜羊肉,新鲜去骨,63.1,37.94,45.8,23/9/2023 15:00:01
RIyb00129720230922ek,20230922,E000086,鲜羊肉,新鲜去骨,63,37.94,45.8,22/9/2023 15:00:01
MJMQ60130320230921Aq,20230921,E000086,鲜羊肉,新鲜去骨,63.44,37.94,45.8,21/9/2023 15:00:01
VjML20135320230920JL,20230920,E000086,鲜羊肉,新鲜去骨,63.34,37.83,45.92,20/9/2023 15:00:01
beIj80158620230919uD,20230919,E000086,鲜羊肉,新鲜去骨,63.46,37.83,46.26,19/9/2023 15:00:01
UOCq40124320230918Fg,20230918,E000086,鲜羊肉,新鲜去骨,62.17,37.83,46.26,18/9/2023 15:00:01
etJT00129520230917gb,20230917,E000086,鲜羊肉,新鲜去骨,62.06,37.83,46.26,17/9/2023 15:00:01
wPUr60120220230916Yk,20230916,E000086,鲜羊肉,新鲜去骨,60.99,37.83,46.26,16/9/2023 15:00:01
mMyk20126720230915iu,20230915,E000086,鲜羊肉,新鲜去骨,60.77,37.83,46.26,15/9/2023 15:00:01
IhxR80137020230914HY,20230914,E000086,鲜羊肉,新鲜去骨,61.04,37.89,46.42,14/9/2023 15:00:01
ESAb40127220230913PS,20230913,E000086,鲜羊肉,新鲜去骨,61.47,37.89,46.11,13/9/2023 15:00:01
NgRx00130320230912By,20230912,E000086,鲜羊肉,新鲜去骨,61.4,37.89,46.12,12/9/2023 15:00:01
XUiw60128420230911Pn,20230911,E000086,鲜羊肉,新鲜去骨,61.2,37.83,46.12,11/9/2023 15:00:01
Qoyj20119420230910Ul,20230910,E000086,鲜羊肉,新鲜去骨,61.4,37.89,46.43,10/9/2023 15:00:01
SvYu80124320230909sK,20230909,E000086,鲜羊肉,新鲜去骨,62.7,37.83,46.43,9/9/2023 15:00:01
vQhp40118720230908op,20230908,E000086,鲜羊肉,新鲜去骨,62.7,37.94,46.43,8/9/2023 15:00:01
SpPb00126920230907Ht,20230907,E000086,鲜羊肉,新鲜去骨,62.47,37.94,46.43,7/9/2023 15:00:01
CHQt60127120230906aG,20230906,E000086,鲜羊肉,新鲜去骨,62.47,37.94,46.43,6/9/2023 15:00:01
UEJT20126620230905eF,20230905,E000086,鲜羊肉,新鲜去骨,62.38,37.94,46.81,5/9/2023 15:00:01
OypI80123020230904Ol,20230904,E000086,鲜羊肉,新鲜去骨,62.53,37.94,46.81,4/9/2023 15:00:01
mJNc40121020230903Rv,20230903,E000086,鲜羊肉,新鲜去骨,62.65,37.94,46.81,3/9/2023 15:00:01
KLpG00128220230902jB,20230902,E000086,鲜羊肉,新鲜去骨,62.74,37.94,46.81,2/9/2023 15:00:01
dqvk60124720230901YB,20230901,E000086,鲜羊肉,新鲜去骨,62.61,37.94,46.81,1/9/2023 15:00:01
ukUp22259520230831Bi,20230831,E000086,鲜羊肉,新鲜去骨,62.4,38,46.81,31/8/2023 15:00:23
QVLH80127120230830VN,20230830,E000086,鲜羊肉,新鲜去骨,62.74,38,46.81,30/8/2023 15:00:01
taGa40134320230829rI,20230829,E000086,鲜羊肉,新鲜去骨,62.58,37.89,46.77,29/8/2023 15:00:01
vJfl00139020230828gs,20230828,E000086,鲜羊肉,新鲜去骨,62.62,37.83,46.77,28/8/2023 15:00:01
ySrE60124220230827Wq,20230827,E000086,鲜羊肉,新鲜去骨,62.69,37.83,46.77,27/8/2023 15:00:01
rDht20123720230826mo,20230826,E000086,鲜羊肉,新鲜去骨,62.69,37.83,46.77,26/8/2023 15:00:01
cwbv80124720230825KC,20230825,E000086,鲜羊肉,新鲜去骨,62.38,37.89,46.77,25/8/2023 15:00:01
eyYe40133620230824FG,20230824,E000086,鲜羊肉,新鲜去骨,62.4,37.89,46.77,24/8/2023 15:00:01
gkeC00131020230823Bi,20230823,E000086,鲜羊肉,新鲜去骨,62.93,37.89,46.97,23/8/2023 15:00:01
xajE60131820230822My,20230822,E000086,鲜羊肉,新鲜去骨,62.98,37.89,47,22/8/2023 15:00:01
yeRm20131020230821vM,20230821,E000086,鲜羊肉,新鲜去骨,62.97,37.89,47,21/8/2023 15:00:01
GuEO80129420230820SY,20230820,E000086,鲜羊肉,新鲜去骨,63.02,37.89,47.04,20/8/2023 15:00:01
qoun40138320230819Kb,20230819,E000086,鲜羊肉,新鲜去骨,63.37,37.89,47.39,19/8/2023 15:00:01
lmvV00152820230818LY,20230818,E000086,鲜羊肉,新鲜去骨,63.44,37.89,47.39,18/8/2023 15:00:01
vMFp60139220230817bM,20230817,E000086,鲜羊肉,新鲜去骨,63.67,37.83,47.39,17/8/2023 15:00:01
Ecxm20139320230816hM,20230816,E000086,鲜羊肉,新鲜去骨,63.35,37.78,47.39,16/8/2023 15:00:01
jsCI80137020230815Hw,20230815,E000086,鲜羊肉,新鲜去骨,63.11,37.78,47.39,15/8/2023 15:00:01
RnJN40123020230814rA,20230814,E000086,鲜羊肉,新鲜去骨,63.11,37.83,47.39,14/8/2023 15:00:01
CoWC00120720230813Jn,20230813,E000086,鲜羊肉,新鲜去骨,63.44,37.83,47.39,13/8/2023 15:00:01
tPud60124420230812Yq,20230812,E000086,鲜羊肉,新鲜去骨,63.27,37.83,47.39,12/8/2023 15:00:01
RYwf20165620230811uU,20230811,E000086,鲜羊肉,新鲜去骨,64.13,37.89,47.39,11/8/2023 15:00:01
TplT80133120230810py,20230810,E000086,鲜羊肉,新鲜去骨,63.05,37.94,47.24,10/8/2023 15:00:01
XYEG40127720230809Qo,20230809,E000086,鲜羊肉,新鲜去骨,63.11,37.94,47.2,9/8/2023 15:00:01
xsRo00128020230808su,20230808,E000086,鲜羊肉,新鲜去骨,63.16,37.94,47.16,8/8/2023 15:00:01
vPAd60133620230807eg,20230807,E000086,鲜羊肉,新鲜去骨,63.28,38,47.16,7/8/2023 15:00:01
dsOC20131620230806Tg,20230806,E000086,鲜羊肉,新鲜去骨,63.22,37.89,47.2,6/8/2023 15:00:01
kqen80123720230805Nj,20230805,E000086,鲜羊肉,新鲜去骨,63.11,37.89,47.2,5/8/2023 15:00:01
lpVs40127820230804KG,20230804,E000086,鲜羊肉,新鲜去骨,63.23,37.89,47.2,4/8/2023 15:00:01
GNKx00127820230803ug,20230803,E000086,鲜羊肉,新鲜去骨,63.31,37.89,47.2,3/8/2023 15:00:01
ONxJ60121620230802cY,20230802,E000086,鲜羊肉,新鲜去骨,62.89,37.94,47.2,2/8/2023 15:00:01
AdcP20126820230801ie,20230801,E000086,鲜羊肉,新鲜去骨,61.4,38,47.24,1/8/2023 15:00:01
HRsW80121320230731yn,20230731,E000086,鲜羊肉,新鲜去骨,62.04,38.17,47.24,31/7/2023 15:00:01
SLJa40118020230730IH,20230730,E000086,鲜羊肉,新鲜去骨,61.82,38.22,47.24,30/7/2023 15:00:01
mJMv00127720230729Go,20230729,E000086,鲜羊肉,新鲜去骨,62,38.28,47.24,29/7/2023 15:00:01
XKww60124420230728xi,20230728,E000086,鲜羊肉,新鲜去骨,61.72,38.28,47.24,28/7/2023 15:00:01
cdmw20146620230727SV,20230727,E000086,鲜羊肉,新鲜去骨,61.58,38.28,47.24,27/7/2023 15:00:01
XaIB80125620230726FF,20230726,E000086,鲜羊肉,新鲜去骨,61.65,38.22,47.24,26/7/2023 15:00:01
EWLi40133420230725Nt,20230725,E000086,鲜羊肉,新鲜去骨,61.33,38.17,47.27,25/7/2023 15:00:01
sOjl00125820230724UX,20230724,E000086,鲜羊肉,新鲜去骨,61.49,38.17,47.43,24/7/2023 15:00:01
FrKP60126820230723QK,20230723,E000086,鲜羊肉,新鲜去骨,61.85,38.39,47.43,23/7/2023 15:00:01
Vrwv20127020230722eE,20230722,E000086,鲜羊肉,新鲜去骨,61.65,38.39,47.43,22/7/2023 15:00:01
yfIb80146720230721So,20230721,E000086,鲜羊肉,新鲜去骨,61.88,38.44,47.43,21/7/2023 15:00:01
rNuh40134620230720lI,20230720,E000086,鲜羊肉,新鲜去骨,61.37,38.44,47.43,20/7/2023 15:00:01
FuuA00119220230719li,20230719,E000086,鲜羊肉,新鲜去骨,61.63,38.44,47.43,19/7/2023 15:00:01
iRYJ60128220230718yd,20230718,E000086,鲜羊肉,新鲜去骨,61.57,38.5,47.43,18/7/2023 15:00:01
POsv20135220230717iS,20230717,E000086,鲜羊肉,新鲜去骨,61.7,38.72,47.47,17/7/2023 15:00:01
fEgA80129920230716JB,20230716,E000086,鲜羊肉,新鲜去骨,61.86,38.83,47.58,16/7/2023 15:00:01
TRxr40121620230715Fr,20230715,E000086,鲜羊肉,新鲜去骨,62.08,38.83,47.58,15/7/2023 15:00:01
ImGR00126720230714lo,20230714,E000086,鲜羊肉,新鲜去骨,61.75,38.83,47.62,14/7/2023 15:00:01
aTPk60125920230713mk,20230713,E000086,鲜羊肉,新鲜去骨,61.84,38.94,47.77,13/7/2023 15:00:01
sfTU20257320230712Ow,20230712,E000086,鲜羊肉,新鲜去骨,62.32,38.94,47.77,12/7/2023 15:00:02
SfTi80211220230711Hc,20230711,E000086,鲜羊肉,新鲜去骨,61.78,39,47.89,11/7/2023 15:00:02
bwWp40123020230710sv,20230710,E000086,鲜羊肉,新鲜去骨,62.73,39,47.89,10/7/2023 15:00:01
gTcT00123720230709gq,20230709,E000086,鲜羊肉,新鲜去骨,63.05,39,47.89,9/7/2023 15:00:01
HaHL60122120230708Gy,20230708,E000086,鲜羊肉,新鲜去骨,63.24,39,47.89,8/7/2023 15:00:01
iTfc20120020230707jM,20230707,E000086,鲜羊肉,新鲜去骨,63.24,39,47.89,7/7/2023 15:00:01
IUeL80128120230706WP,20230706,E000086,鲜羊肉,新鲜去骨,63.34,39,47.85,6/7/2023 15:00:01
THEG40190220230705QU,20230705,E000086,鲜羊肉,新鲜去骨,63.22,39,47.85,5/7/2023 15:00:01
rnnV00168120230704MX,20230704,E000086,鲜羊肉,新鲜去骨,63.91,39.06,47.58,4/7/2023 15:00:01
mDkV60115920230703ov,20230703,E000086,鲜羊肉,新鲜去骨,65.35,39.06,47.58,3/7/2023 15:00:01
WDPC20131020230702rT,20230702,E000086,鲜羊肉,新鲜去骨,65.8,39.11,47.58,2/7/2023 15:00:01
gSdP80121820230701RD,20230701,E000086,鲜羊肉,新鲜去骨,66.13,39.11,47.58,1/7/2023 15:00:01
jaYE40130420230630jq,20230630,E000086,鲜羊肉,新鲜去骨,66.07,39.11,47.58,30/6/2023 15:00:01
pckF00127720230629rY,20230629,E000086,鲜羊肉,新鲜去骨,66.11,39.11,47.58,29/6/2023 15:00:01
UcFB60123520230628Tq,20230628,E000086,鲜羊肉,新鲜去骨,66.05,39.11,47.58,28/6/2023 15:00:01
iKBt20116720230627ke,20230627,E000086,鲜羊肉,新鲜去骨,66.09,39.11,47.39,27/6/2023 15:00:01
QivX80118820230626PJ,20230626,E000086,鲜羊肉,新鲜去骨,66.11,39.11,47.39,26/6/2023 15:00:01
TIbT40121820230625Ph,20230625,E000086,鲜羊肉,新鲜去骨,65.96,39.11,47.39,25/6/2023 15:00:01
XlBI00121520230624hT,20230624,E000086,鲜羊肉,新鲜去骨,66.02,39.11,46.81,24/6/2023 15:00:01
AdId60117620230623MH,20230623,E000086,鲜羊肉,新鲜去骨,66.2,39.11,46.85,23/6/2023 15:00:01
NvqD20205220230622by,20230622,E000086,鲜羊肉,新鲜去骨,66.19,39.11,46.85,22/6/2023 15:00:02
AQNk80130820230621IC,20230621,E000086,鲜羊肉,新鲜去骨,66.11,39.11,46.85,21/6/2023 15:00:01
sUmw40125320230620YK,20230620,E000086,鲜羊肉,新鲜去骨,66.02,39.06,46.97,20/6/2023 15:00:01
mQOP00120820230619eg,20230619,E000086,鲜羊肉,新鲜去骨,66.12,39.11,47.06,19/6/2023 15:00:01
BfjL60123220230618fO,20230618,E000086,鲜羊肉,新鲜去骨,66.19,39.11,47.06,18/6/2023 15:00:01
MfFS20124320230617jw,20230617,E000086,鲜羊肉,新鲜去骨,66.13,39.11,47.06,17/6/2023 15:00:01
AquL80131920230616Jf,20230616,E000086,鲜羊肉,新鲜去骨,66.2,39.11,47.06,16/6/2023 15:00:01
hSDD40123920230615cN,20230615,E000086,鲜羊肉,新鲜去骨,66.01,39.17,47.64,15/6/2023 15:00:01
DxUY00129620230614Qf,20230614,E000086,鲜羊肉,新鲜去骨,66.11,39.17,47.64,14/6/2023 15:00:01
yVey60113320230613jV,20230613,E000086,鲜羊肉,新鲜去骨,66,39.17,48.6,13/6/2023 15:00:01
aqku20124320230612or,20230612,E000086,鲜羊肉,新鲜去骨,66.09,39.17,48.6,12/6/2023 15:00:01
jONt80123320230611oP,20230611,E000086,鲜羊肉,新鲜去骨,66.18,39.17,48.6,11/6/2023 15:00:01
tiXA40128320230610LY,20230610,E000086,鲜羊肉,新鲜去骨,66.19,39.11,48.6,10/6/2023 15:00:01
nivm00135120230609XQ,20230609,E000086,鲜羊肉,新鲜去骨,66.05,39.11,48.6,9/6/2023 15:00:01
kpgN60124020230608iu,20230608,E000086,鲜羊肉,新鲜去骨,66.2,39,48.52,8/6/2023 15:00:01
YbtB20115820230607EX,20230607,E000086,鲜羊肉,新鲜去骨,66.05,39,48.52,7/6/2023 15:00:01
MtkB80122220230606TS,20230606,E000086,鲜羊肉,新鲜去骨,66.05,39,48.52,6/6/2023 15:00:01
FxxX40121720230605kc,20230605,E000086,鲜羊肉,新鲜去骨,66.13,39.17,48.52,5/6/2023 15:00:01
bTrH00115820230604hA,20230604,E000086,鲜羊肉,新鲜去骨,66.15,39.17,48.52,4/6/2023 15:00:01
QEsw60115620230603FG,20230603,E000086,鲜羊肉,新鲜去骨,66.52,39.17,48.52,3/6/2023 15:00:01
vxXA20117420230602YA,20230602,E000086,鲜羊肉,新鲜去骨,66.36,39.28,48.52,2/6/2023 15:00:01
yMiF80116520230601Qi,20230601,E000086,鲜羊肉,新鲜去骨,66.47,39.28,48.52,1/6/2023 15:00:01
spFC40122320230531Sa,20230531,E000086,鲜羊肉,新鲜去骨,66.47,39.39,48.52,31/5/2023 15:00:01
ETxR00119520230530oj,20230530,E000086,鲜羊肉,新鲜去骨,67.11,39.39,48.52,30/5/2023 15:00:01
rcUa60119220230529Bb,20230529,E000086,鲜羊肉,新鲜去骨,67.13,39.39,48.52,29/5/2023 15:00:01
sKXA20113520230528Ld,20230528,E000086,鲜羊肉,新鲜去骨,67.49,39.39,48.44,28/5/2023 15:00:01
Spss80121820230527lW,20230527,E000086,鲜羊肉,新鲜去骨,67.47,39.39,48.44,27/5/2023 15:00:01
wupo40132320230526Mb,20230526,E000086,鲜羊肉,新鲜去骨,67.46,39.44,48.44,26/5/2023 15:00:01
CYRT00117720230525tM,20230525,E000086,鲜羊肉,新鲜去骨,67.47,39.5,48.44,25/5/2023 15:00:01
SRsd60123220230524Uc,20230524,E000086,鲜羊肉,新鲜去骨,67.44,39.5,48.44,24/5/2023 15:00:01
hoow20117720230523eL,20230523,E000086,鲜羊肉,新鲜去骨,67.44,39.5,48.44,23/5/2023 15:00:01
TSYw80120120230522BK,20230522,E000086,鲜羊肉,新鲜去骨,67.49,39.61,48.44,22/5/2023 15:00:01
bnCi40116720230521MA,20230521,E000086,鲜羊肉,新鲜去骨,67.51,39.61,48.4,21/5/2023 15:00:01
lRqJ00112120230520sn,20230520,E000086,鲜羊肉,新鲜去骨,67.49,39.61,48.4,20/5/2023 15:00:01
SojH60122320230519Li,20230519,E000086,鲜羊肉,新鲜去骨,67.49,39.56,48.56,19/5/2023 15:00:01
TtJi20114920230518YI,20230518,E000086,鲜羊肉,新鲜去骨,67.46,39.56,48.56,18/5/2023 15:00:01
rFwV80130620230517yU,20230517,E000086,鲜羊肉,新鲜去骨,67.44,39.56,48.56,17/5/2023 15:00:01
qSDG40119420230516aC,20230516,E000086,鲜羊肉,新鲜去骨,67.47,39.56,48.52,16/5/2023 15:00:01
XaLt00121420230515mx,20230515,E000086,鲜羊肉,新鲜去骨,67.49,39.56,48.52,15/5/2023 15:00:01
GtEv60113720230514Dm,20230514,E000086,鲜羊肉,新鲜去骨,67.49,39.56,48.52,14/5/2023 15:00:01
wfYI20124020230513Gm,20230513,E000086,鲜羊肉,新鲜去骨,68.13,39.56,48.52,13/5/2023 15:00:01
fsNJ80116720230512WQ,20230512,E000086,鲜羊肉,新鲜去骨,68.14,39.56,48.52,12/5/2023 15:00:01
BXsq40117820230511FF,20230511,E000086,鲜羊肉,新鲜去骨,68.13,39.68,48.52,11/5/2023 15:00:01
DBmN00118020230510BY,20230510,E000086,鲜羊肉,新鲜去骨,68.11,39.68,48.56,10/5/2023 15:00:01
JMGC60123320230509Ar,20230509,E000086,鲜羊肉,新鲜去骨,68.14,39.74,48.25,9/5/2023 15:00:01
YxvP20127420230508ve,20230508,E000086,鲜羊肉,新鲜去骨,68.14,39.74,48.25,8/5/2023 15:00:01
EQpV80118420230507MY,20230507,E000086,鲜羊肉,新鲜去骨,68.07,39.74,48.25,7/5/2023 15:00:01
HoTR40124920230506VT,20230506,E000086,鲜羊肉,新鲜去骨,68.08,39.74,47.98,6/5/2023 15:00:01
NukU00125420230505NA,20230505,E000086,鲜羊肉,新鲜去骨,68.12,39.74,48.36,5/5/2023 15:00:01
kYTW60125420230504uc,20230504,E000086,鲜羊肉,新鲜去骨,68.47,39.79,48.36,4/5/2023 15:00:01
xjiW20114920230503Ha,20230503,E000086,鲜羊肉,新鲜去骨,68.42,39.79,48.36,3/5/2023 15:00:01
CVuQ80124820230502Dv,20230502,E000086,鲜羊肉,新鲜去骨,68.85,39.79,48.67,2/5/2023 15:00:01
HvSx40121620230501TK,20230501,E000086,鲜羊肉,新鲜去骨,68.91,39.79,48.67,1/5/2023 15:00:01
qBio00114620230430ms,20230430,E000086,鲜羊肉,新鲜去骨,68.82,39.79,48.67,30/4/2023 15:00:01
PVFs60117420230429ym,20230429,E000086,鲜羊肉,新鲜去骨,68.72,39.79,48.67,29/4/2023 15:00:01
hBvP20173020230428QS,20230428,E000086,鲜羊肉,新鲜去骨,68.85,39.79,48.67,28/4/2023 15:00:01
BoBi80127120230427Yi,20230427,E000086,鲜羊肉,新鲜去骨,68.81,39.84,48.82,27/4/2023 15:00:01
OkbV40125120230426Ip,20230426,E000086,鲜羊肉,新鲜去骨,68.78,39.84,48.59,26/4/2023 15:00:01
CUmV00118520230425Ts,20230425,E000086,鲜羊肉,新鲜去骨,68.85,39.84,48.86,25/4/2023 15:00:01
WKhy60119020230424eL,20230424,E000086,鲜羊肉,新鲜去骨,68.81,39.84,48.86,24/4/2023 15:00:01
GTHR20120820230423LG,20230423,E000086,鲜羊肉,新鲜去骨,68.75,39.84,48.86,23/4/2023 15:00:01
HifT80118520230422ci,20230422,E000086,鲜羊肉,新鲜去骨,68.72,39.84,48.86,22/4/2023 15:00:01
VsvJ40131720230421CH,20230421,E000086,鲜羊肉,新鲜去骨,68.72,39.84,48.86,21/4/2023 15:00:01
vvJO00124420230420tP,20230420,E000086,鲜羊肉,新鲜去骨,68.68,39.84,48.86,20/4/2023 15:00:01
TxIu60120220230419ay,20230419,E000086,鲜羊肉,新鲜去骨,68.74,39.74,48.86,19/4/2023 15:00:01
tyPS20124020230418Qg,20230418,E000086,鲜羊肉,新鲜去骨,68.78,39.74,48.9,18/4/2023 15:00:01
AhKH80112620230417Wk,20230417,E000086,鲜羊肉,新鲜去骨,68.84,39.74,48.9,17/4/2023 15:00:01
YmEA40115920230416wC,20230416,E000086,鲜羊肉,新鲜去骨,68.75,39.74,48.9,16/4/2023 15:00:01
TIVb00113720230415Nl,20230415,E000086,鲜羊肉,新鲜去骨,68.92,39.74,48.9,15/4/2023 15:00:01
LgJn60113720230414Bx,20230414,E000086,鲜羊肉,新鲜去骨,68.82,39.74,48.9,14/4/2023 15:00:01
eQSt20120620230413lU,20230413,E000086,鲜羊肉,新鲜去骨,68.75,39.79,48.79,13/4/2023 15:00:01
gtOA80121520230412eD,20230412,E000086,鲜羊肉,新鲜去骨,68.62,39.79,48.79,12/4/2023 15:00:01
HsJQ40127520230411cQ,20230411,E000086,鲜羊肉,新鲜去骨,68.64,39.79,48.79,11/4/2023 15:00:01
Iusp00113620230410Bs,20230410,E000086,鲜羊肉,新鲜去骨,68.66,39.79,48.71,10/4/2023 15:00:01
Kyuv60122320230409PC,20230409,E000086,鲜羊肉,新鲜去骨,68.67,39.79,48.71,9/4/2023 15:00:01
DwLD20120220230408ul,20230408,E000086,鲜羊肉,新鲜去骨,68.65,39.79,48.71,8/4/2023 15:00:01
VQph80126920230407OL,20230407,E000086,鲜羊肉,新鲜去骨,68.79,39.79,48.71,7/4/2023 15:00:01
lcQS40135620230406gR,20230406,E000086,鲜羊肉,新鲜去骨,68.73,39.84,48.71,6/4/2023 15:00:01
wRAs00117820230405Ia,20230405,E000086,鲜羊肉,新鲜去骨,68.5,39.84,48.71,5/4/2023 15:00:01
LYjG60119020230404Ak,20230404,E000086,鲜羊肉,新鲜去骨,68.72,39.84,49.18,4/4/2023 15:00:01
xCix20123220230403kj,20230403,E000086,鲜羊肉,新鲜去骨,68.76,39.84,49.18,3/4/2023 15:00:01
UXIs80117220230402Hg,20230402,E000086,鲜羊肉,新鲜去骨,68.64,39.84,49.18,2/4/2023 15:00:01
kuFD40171420230401Yu,20230401,E000086,鲜羊肉,新鲜去骨,68.5,39.84,49.18,1/4/2023 15:00:01
YPOO00114520230331sY,20230331,E000086,鲜羊肉,新鲜去骨,68.56,39.84,49.18,31/3/2023 15:00:01
JyRE60677520230330xi,20230330,E000086,鲜羊肉,新鲜去骨,68.56,39.84,49.18,30/3/2023 15:00:07
DtVM20118520230329TG,20230329,E000086,鲜羊肉,新鲜去骨,68.68,39.89,49.26,29/3/2023 15:00:01
OEMS80127320230328In,20230328,E000086,鲜羊肉,新鲜去骨,69.33,39.89,49.26,28/3/2023 15:00:01
IXJE40109320230327ft,20230327,E000086,鲜羊肉,新鲜去骨,69.31,39.89,49.26,27/3/2023 15:00:01
AsSA00114020230326PF,20230326,E000086,鲜羊肉,新鲜去骨,69.11,39.89,49.26,26/3/2023 15:00:01
Osgy60113720230325EX,20230325,E000086,鲜羊肉,新鲜去骨,69.14,39.89,49.26,25/3/2023 15:00:01
vgAS20115720230324Sb,20230324,E000086,鲜羊肉,新鲜去骨,69.15,39.89,49.26,24/3/2023 15:00:01
OTqW80108420230323cO,20230323,E000086,鲜羊肉,新鲜去骨,69.14,39.89,49.26,23/3/2023 15:00:01
trwE40116620230322VN,20230322,E000086,鲜羊肉,新鲜去骨,69.1,39.89,49.26,22/3/2023 15:00:01
jcGJ00117420230321HC,20230321,E000086,鲜羊肉,新鲜去骨,69.06,39.89,49.26,21/3/2023 15:00:01
IXmX60108120230320HX,20230320,E000086,鲜羊肉,新鲜去骨,69.16,39.89,49.26,20/3/2023 15:00:01
JONW20111320230319aQ,20230319,E000086,鲜羊肉,新鲜去骨,69.24,40,49.26,19/3/2023 15:00:01
keKn80108320230318KD,20230318,E000086,鲜羊肉,新鲜去骨,69.96,40,49.26,18/3/2023 15:00:01
rHVx40110220230317xO,20230317,E000086,鲜羊肉,新鲜去骨,69.7,40,49.22,17/3/2023 15:00:01
NCYm00117220230316jI,20230316,E000086,鲜羊肉,新鲜去骨,69.67,40,49.41,16/3/2023 15:00:01
eWQO60115220230315LY,20230315,E000086,鲜羊肉,新鲜去骨,69.67,39.95,49.41,15/3/2023 15:00:01
uceu20113020230314pw,20230314,E000086,鲜羊肉,新鲜去骨,69.7,39.95,49.33,14/3/2023 15:00:01
SMpk80115220230313BA,20230313,E000086,鲜羊肉,新鲜去骨,69.67,39.95,49.33,13/3/2023 15:00:01
mMui40114620230312CG,20230312,E000086,鲜羊肉,新鲜去骨,69.45,39.95,49.33,12/3/2023 15:00:01
GjGb00115220230311cE,20230311,E000086,鲜羊肉,新鲜去骨,69.86,39.95,49.33,11/3/2023 15:00:01
XhdA60116320230310kK,20230310,E000086,鲜羊肉,新鲜去骨,69.97,39.95,49.33,10/3/2023 15:00:01
tJSS20111520230309Vv,20230309,E000086,鲜羊肉,新鲜去骨,70.02,39.95,49.33,9/3/2023 15:00:01
mbbQ80115120230308Vf,20230308,E000086,鲜羊肉,新鲜去骨,70.15,39.95,49.33,8/3/2023 15:00:01
vREL40118120230307Vh,20230307,E000086,鲜羊肉,新鲜去骨,70.54,39.95,49.33,7/3/2023 15:00:01
DaMc00110120230306vq,20230306,E000086,鲜羊肉,新鲜去骨,70.28,39.89,49.33,6/3/2023 15:00:01
RmNK60118120230305Fw,20230305,E000086,鲜羊肉,新鲜去骨,70.23,39.79,49.33,5/3/2023 15:00:01
gRXb20114320230304nt,20230304,E000086,鲜羊肉,新鲜去骨,70.24,39.79,49.33,4/3/2023 15:00:01
yjDn80115820230303KW,20230303,E000086,鲜羊肉,新鲜去骨,70.38,39.79,49.22,3/3/2023 15:00:01
Qdvc40119120230302tM,20230302,E000086,鲜羊肉,新鲜去骨,70.56,39.68,49.22,2/3/2023 15:00:01
orBi00118120230301ow,20230301,E000086,鲜羊肉,新鲜去骨,70.54,39.68,49.18,1/3/2023 15:00:01
JcUk60127320230228Vg,20230228,E000086,鲜羊肉,新鲜去骨,70.51,39.68,49.06,28/2/2023 15:00:01
iMUw20109520230227Ni,20230227,E000086,鲜羊肉,新鲜去骨,70.41,39.68,49.06,27/2/2023 15:00:01
qtJK80120220230226xS,20230226,E000086,鲜羊肉,新鲜去骨,70.28,39.68,49.06,26/2/2023 15:00:01
MQwr40112720230225kJ,20230225,E000086,鲜羊肉,新鲜去骨,70.8,39.68,49.06,25/2/2023 15:00:01
NLTM00120120230224ey,20230224,E000086,鲜羊肉,新鲜去骨,71,39.68,49.06,24/2/2023 15:00:01
nlNs60131420230223CW,20230223,E000086,鲜羊肉,新鲜去骨,71.3,39.68,49.06,23/2/2023 15:00:01
Punq20109520230222KV,20230222,E000086,鲜羊肉,新鲜去骨,70.23,39.68,49.02,22/2/2023 15:00:01
jxON81559820230221rK,20230221,E000086,鲜羊肉,新鲜去骨,69.03,39.58,49.02,21/2/2023 15:00:17
SvBS44300120230220aK,20230220,E000086,鲜羊肉,新鲜去骨,68.58,39.58,49.02,20/2/2023 15:00:48
vFkJ01465820230219vy,20230219,E000086,鲜羊肉,新鲜去骨,68.24,39.58,49.02,19/2/2023 15:00:19
UQIS61658120230218Dg,20230218,E000086,鲜羊肉,新鲜去骨,68.31,39.58,49.02,18/2/2023 15:00:20
baMT23232120230217Ef,20230217,E000086,鲜羊肉,新鲜去骨,68.42,39.53,49.02,17/2/2023 15:00:40
Miwr83856320230216uN,20230216,E000086,鲜羊肉,新鲜去骨,68.38,39.47,49.02,16/2/2023 15:00:43
Cxvw43077720230215kS,20230215,E000086,鲜羊肉,新鲜去骨,68.3,39.47,49.02,15/2/2023 15:00:34
rnun01560820230214nN,20230214,E000086,鲜羊肉,新鲜去骨,68.29,39.37,49.1,14/2/2023 15:00:18
IyRk65586520230213Lx,20230213,E000086,鲜羊肉,新鲜去骨,68.5,39.37,49.1,13/2/2023 15:01:03
GHrT21895620230212HD,20230212,E000086,鲜羊肉,新鲜去骨,68.43,39.37,49.1,12/2/2023 15:00:22
wwhY81601620230211TE,20230211,E000086,鲜羊肉,新鲜去骨,68.52,39.42,49.1,11/2/2023 15:00:20
xGev43182920230210Nv,20230210,E000086,鲜羊肉,新鲜去骨,68.38,39.42,49.06,10/2/2023 15:00:40
mlbf00131320230209cx,20230209,E000086,鲜羊肉,新鲜去骨,68.1,39.47,49.06,9/2/2023 15:00:01
kwda60121620230208ge,20230208,E000086,鲜羊肉,新鲜去骨,68.11,39.47,49.06,8/2/2023 15:00:01
kuhr20117820230207Ix,20230207,E000086,鲜羊肉,新鲜去骨,68.49,39.58,49.02,7/2/2023 15:00:01
SqrL80124920230206ms,20230206,E000086,鲜羊肉,新鲜去骨,68.49,39.68,49.06,6/2/2023 15:00:01
XQoi40120020230205oN,20230205,E000086,鲜羊肉,新鲜去骨,68.79,39.79,49.06,5/2/2023 15:00:01
ghFR00119020230204lv,20230204,E000086,鲜羊肉,新鲜去骨,68.75,39.79,49.06,4/2/2023 15:00:01
uTIQ60172720230203RM,20230203,E000086,鲜羊肉,新鲜去骨,68.64,39.79,49.06,3/2/2023 15:00:01
bvYP20120920230202kH,20230202,E000086,鲜羊肉,新鲜去骨,68.73,39.79,49.06,2/2/2023 15:00:01
gSsv80118920230201Kh,20230201,E000086,鲜羊肉,新鲜去骨,68.54,39.84,49.06,1/2/2023 15:00:01
JnJI40114820230131bu,20230131,E000086,鲜羊肉,新鲜去骨,69.39,40.12,48.99,31/1/2023 15:00:01
xRkL00114620230130tq,20230130,E000086,鲜羊肉,新鲜去骨,69.74,40.12,48.99,30/1/2023 15:00:01
EgNg60125320230129tD,20230129,E000086,鲜羊肉,新鲜去骨,70.01,40,48.99,29/1/2023 15:00:01
WBDl20118920230128Xc,20230128,E000086,鲜羊肉,新鲜去骨,70.8,39.93,48.99,28/1/2023 15:00:01
gPbQ80105820230127wH,20230127,E000086,鲜羊肉,新鲜去骨,,40.5,48.99,27/1/2023 15:00:01
hpys40111020230126Mb,20230126,E000086,鲜羊肉,新鲜去骨,,40.5,48.99,26/1/2023 15:00:01
vqXg00108220230125uS,20230125,E000086,鲜羊肉,新鲜去骨,,40.5,48.99,25/1/2023 15:00:01
hvhQ60113620230124fq,20230124,E000086,鲜羊肉,新鲜去骨,,40.5,48.99,24/1/2023 15:00:01
NNdH20117320230123yh,20230123,E000086,鲜羊肉,新鲜去骨,,40.5,48.99,23/1/2023 15:00:01
MVeU80113420230122pu,20230122,E000086,鲜羊肉,新鲜去骨,,40.5,48.99,22/1/2023 15:00:01
YKNX00342120230121WE,20230121,E000086,鲜羊肉,新鲜去骨,,40.55,48.99,21/1/2023 16:33:23
RUYh00115420230120AE,20230120,E000086,鲜羊肉,新鲜去骨,67.4,39.47,48.99,20/1/2023 15:00:01
sIFl60122820230119Xv,20230119,E000086,鲜羊肉,新鲜去骨,68.34,39.67,48.99,19/1/2023 15:00:01
pJEd20125520230118YJ,20230118,E000086,鲜羊肉,新鲜去骨,67.75,39.67,48.99,18/1/2023 15:00:01
AFtM80118520230117bs,20230117,E000086,鲜羊肉,新鲜去骨,67.72,39.63,49.02,17/1/2023 15:00:01
yoQO40117920230116sV,20230116,E000086,鲜羊肉,新鲜去骨,67.74,39.63,49.02,16/1/2023 15:00:01
vIHy00127220230115qJ,20230115,E000086,鲜羊肉,新鲜去骨,67.73,39.63,49.02,15/1/2023 15:00:01
cOxK60129620230114eA,20230114,E000086,鲜羊肉,新鲜去骨,67.73,39.63,49.02,14/1/2023 15:00:01
GHYb20136920230113Ml,20230113,E000086,鲜羊肉,新鲜去骨,66.53,39.63,49.02,13/1/2023 15:00:01
kfHR80133820230112HD,20230112,E000086,鲜羊肉,新鲜去骨,65.88,39.63,49.02,12/1/2023 15:00:01
WLcq40116620230111rJ,20230111,E000086,鲜羊肉,新鲜去骨,65.96,39.63,49.1,11/1/2023 15:00:01
VkPm00112720230110Up,20230110,E000086,鲜羊肉,新鲜去骨,64.29,39.63,49.1,10/1/2023 15:00:01
vFeC60113520230109Qf,20230109,E000086,鲜羊肉,新鲜去骨,64.57,39.63,49.1,9/1/2023 15:00:01
dMcG20125820230108oG,20230108,E000086,鲜羊肉,新鲜去骨,64.46,39.63,49.1,8/1/2023 15:00:01
MrIv80109120230107vN,20230107,E000086,鲜羊肉,新鲜去骨,63.29,39.63,49.18,7/1/2023 15:00:01
ubVM40119920230106vo,20230106,E000086,鲜羊肉,新鲜去骨,64.03,39.63,49.18,6/1/2023 15:00:01
SuGS00122920230105PX,20230105,E000086,鲜羊肉,新鲜去骨,63.62,39.63,49.18,5/1/2023 15:00:01
Ndks60182620230104qW,20230104,E000086,鲜羊肉,新鲜去骨,63.62,39.63,49.18,4/1/2023 15:00:01
ighs20113920230103Qa,20230103,E000086,鲜羊肉,新鲜去骨,63.17,39.63,49.41,3/1/2023 15:00:01
wNFq80108820230102DO,20230102,E000086,鲜羊肉,新鲜去骨,64.41,39.68,49.41,2/1/2023 15:00:01
cXXL40115020230101ED,20230101,E000086,鲜羊肉,新鲜去骨,64.57,39.68,49.41,1/1/2023 15:00:01
Imfp00123520221231YQ,20221231,E000086,鲜羊肉,新鲜去骨,64.49,39.6,49.41,31/12/2022 15:00:01
cvHk60113120221230iC,20221230,E000086,鲜羊肉,新鲜去骨,64.25,39.6,49.41,30/12/2022 15:00:01
hoUW20111720221229VE,20221229,E000086,鲜羊肉,新鲜去骨,64.39,39.6,49.41,29/12/2022 15:00:01
iRks80115220221228Aj,20221228,E000086,鲜羊肉,新鲜去骨,64.62,39.6,49.41,28/12/2022 15:00:01
Ruel40117620221227Qa,20221227,E000086,鲜羊肉,新鲜去骨,64.72,39.6,49.41,27/12/2022 15:00:01
WSow00120720221226GC,20221226,E000086,鲜羊肉,新鲜去骨,64.71,39.55,49.99,26/12/2022 15:00:01
tBnn60121920221225wq,20221225,E000086,鲜羊肉,新鲜去骨,64.68,39.4,49.99,25/12/2022 15:00:01
ctWF20118220221224MP,20221224,E000086,鲜羊肉,新鲜去骨,64.19,39.4,49.99,24/12/2022 15:00:01
IUvw80114820221223LW,20221223,E000086,鲜羊肉,新鲜去骨,64.29,39.4,49.99,23/12/2022 15:00:01
iDyF40118820221222XL,20221222,E000086,鲜羊肉,新鲜去骨,65.6,39.4,50.03,22/12/2022 15:00:01
lWIA00109120221221DW,20221221,E000086,鲜羊肉,新鲜去骨,65.53,39.4,50.03,21/12/2022 15:00:01
FJxY60149420221220eF,20221220,E000086,鲜羊肉,新鲜去骨,65.47,39.45,50.03,20/12/2022 15:00:01
BLNF20116320221219Nf,20221219,E000086,鲜羊肉,新鲜去骨,65.47,39.58,50.03,19/12/2022 15:00:01
DOTS80113920221218tr,20221218,E000086,鲜羊肉,新鲜去骨,65.43,39.58,50.03,18/12/2022 15:00:01
JFuy40114320221217wn,20221217,E000086,鲜羊肉,新鲜去骨,66.67,39.42,50.03,17/12/2022 15:00:01
sbpc00116820221216Wn,20221216,E000086,鲜羊肉,新鲜去骨,66.6,39.53,50.03,16/12/2022 15:00:01
ceSH60117320221215ql,20221215,E000086,鲜羊肉,新鲜去骨,66.51,39.53,50.03,15/12/2022 15:00:01
CvWf20117120221214RO,20221214,E000086,鲜羊肉,新鲜去骨,66.55,39.53,50.03,14/12/2022 15:00:01
cVrx80106420221213aS,20221213,E000086,鲜羊肉,新鲜去骨,66.65,39.53,50.03,13/12/2022 15:00:01
QMOO40128020221212tn,20221212,E000086,鲜羊肉,新鲜去骨,66.7,39.53,50.03,12/12/2022 15:00:01
GbTe00120920221211Vw,20221211,E000086,鲜羊肉,新鲜去骨,66.83,39.53,50.03,11/12/2022 15:00:01
Bwva60113820221210gW,20221210,E000086,鲜羊肉,新鲜去骨,66.91,39.53,50.55,10/12/2022 15:00:01
FmgH20116120221209IJ,20221209,E000086,鲜羊肉,新鲜去骨,66.82,39.53,50.55,9/12/2022 15:00:01
HoWk80120720221208CS,20221208,E000086,鲜羊肉,新鲜去骨,66.79,39.45,50.55,8/12/2022 15:00:01
lKbq40112020221207ig,20221207,E000086,鲜羊肉,新鲜去骨,66.75,39.45,50.55,7/12/2022 15:00:01
HWvV00110020221206DK,20221206,E000086,鲜羊肉,新鲜去骨,66.65,39.71,50.41,6/12/2022 15:00:01
OTgq60115420221205Rl,20221205,E000086,鲜羊肉,新鲜去骨,66.51,39.76,50.41,5/12/2022 15:00:01
EIVD20108920221204UQ,20221204,E000086,鲜羊肉,新鲜去骨,66.84,39.63,50.39,4/12/2022 15:00:01
sQBb80113420221203FL,20221203,E000086,鲜羊肉,新鲜去骨,66.75,39.53,50.39,3/12/2022 15:00:01
EnBF40117920221202pd,20221202,E000086,鲜羊肉,新鲜去骨,66.37,39.78,49.87,2/12/2022 15:00:01
paEV00128420221201vn,20221201,E000086,鲜羊肉,新鲜去骨,65.9,39.76,49.87,1/12/2022 15:00:01
gwwY60111220221130hX,20221130,E000086,鲜羊肉,新鲜去骨,66.78,40,49.87,30/11/2022 15:00:01
WpQq20107620221129mA,20221129,E000086,鲜羊肉,新鲜去骨,66.81,39.94,49.91,29/11/2022 15:00:01
vOID80112520221128YB,20221128,E000086,鲜羊肉,新鲜去骨,67.76,39.65,49.91,28/11/2022 15:00:01
DnfB40112820221127YH,20221127,E000086,鲜羊肉,新鲜去骨,67.15,39.83,49.91,27/11/2022 15:00:01
bDOa00116620221126Kb,20221126,E000086,鲜羊肉,新鲜去骨,67.03,39.69,49.91,26/11/2022 15:00:01
Aqpf60111320221125DH,20221125,E000086,鲜羊肉,新鲜去骨,61.59,39.75,49.91,25/11/2022 15:00:01
YXlh20117520221124OU,20221124,E000086,鲜羊肉,新鲜去骨,61.95,39.71,49.91,24/11/2022 15:00:01
ICFF80119720221123Jm,20221123,E000086,鲜羊肉,新鲜去骨,61.81,39.71,49.91,23/11/2022 15:00:01
Vrvh40107120221122BN,20221122,E000086,鲜羊肉,新鲜去骨,62,39.71,50.11,22/11/2022 15:00:01
PJMR00114520221121Sx,20221121,E000086,鲜羊肉,新鲜去骨,61.17,39.71,50.12,21/11/2022 15:00:01
bdSd60108520221120Ax,20221120,E000086,鲜羊肉,新鲜去骨,62.03,39.65,50.11,20/11/2022 15:00:01
pyyo20121720221119VS,20221119,E000086,鲜羊肉,新鲜去骨,61.32,39.8,50.11,19/11/2022 15:00:01
OrUW80113620221118Aj,20221118,E000086,鲜羊肉,新鲜去骨,61.63,39.8,50.1,18/11/2022 15:00:01
RNXv40118420221117RW,20221117,E000086,鲜羊肉,新鲜去骨,61.78,39.81,50.53,17/11/2022 15:00:01
sggQ00108520221116NP,20221116,E000086,鲜羊肉,新鲜去骨,61.55,39.81,50.53,16/11/2022 15:00:01
ECBi60119920221115BD,20221115,E000086,鲜羊肉,新鲜去骨,61.48,39.81,50.33,15/11/2022 15:00:01
INrh20146120221114oc,20221114,E000086,鲜羊肉,新鲜去骨,60.75,39.81,50.59,14/11/2022 15:00:01
tYwS80114520221113DE,20221113,E000086,鲜羊肉,新鲜去骨,61.22,39.81,50.8,13/11/2022 15:00:01
OcGk40125320221112gm,20221112,E000086,鲜羊肉,新鲜去骨,61.83,39.81,50.8,12/11/2022 15:00:01
UCkS00121120221111oP,20221111,E000086,鲜羊肉,新鲜去骨,61.25,39.8,50.8,11/11/2022 15:00:01
mnce60119920221110Yl,20221110,E000086,鲜羊肉,新鲜去骨,61.8,39.8,51.31,10/11/2022 15:00:01
iMSE20118120221109cy,20221109,E000086,鲜羊肉,新鲜去骨,61.84,39.8,50.87,9/11/2022 15:00:01
eldQ80114420221108mW,20221108,E000086,鲜羊肉,新鲜去骨,61.76,39.9,50.43,8/11/2022 15:00:01
Bvfm40108520221107KY,20221107,E000086,鲜羊肉,新鲜去骨,62.54,39.93,50.18,7/11/2022 15:00:01
bkfx00110320221106Cf,20221106,E000086,鲜羊肉,新鲜去骨,61.65,39.93,50.18,6/11/2022 15:00:01
SsmB60119120221105xc,20221105,E000086,鲜羊肉,新鲜去骨,61.37,39.93,50.18,5/11/2022 15:00:01
RCDQ20118120221104dt,20221104,E000086,鲜羊肉,新鲜去骨,62.54,39.93,50.18,4/11/2022 15:00:01
xUjj80135220221103be,20221103,E000086,鲜羊肉,新鲜去骨,61.62,39.93,50.53,3/11/2022 15:00:01
QrPd40115220221102ox,20221102,E000086,鲜羊肉,新鲜去骨,61.41,39.93,50.53,2/11/2022 15:00:01
PHwS00115220221101rM,20221101,E000086,鲜羊肉,新鲜去骨,61.29,39.88,50.91,1/11/2022 15:00:01
fYXe60118620221031sc,20221031,E000086,鲜羊肉,新鲜去骨,62.39,39.88,50.91,31/10/2022 15:00:01
EFAi20119120221030YA,20221030,E000086,鲜羊肉,新鲜去骨,63.18,39.86,50.95,30/10/2022 15:00:01
GlTy80128420221029qm,20221029,E000086,鲜羊肉,新鲜去骨,60.95,39.86,50.95,29/10/2022 15:00:01
MtvI40123820221028Fa,20221028,E000086,鲜羊肉,新鲜去骨,61.27,39.86,50.61,28/10/2022 15:00:01
YEVG00129120221027rU,20221027,E000086,鲜羊肉,新鲜去骨,61.31,39.86,50.61,27/10/2022 15:00:01
gJjr60118720221026WL,20221026,E000086,鲜羊肉,新鲜去骨,60.86,39.86,50.61,26/10/2022 15:00:01
UABB20117520221025yL,20221025,E000086,鲜羊肉,新鲜去骨,61.57,39.86,50.26,25/10/2022 15:00:01
YyYq80115020221024Kw,20221024,E000086,鲜羊肉,新鲜去骨,61.35,39.86,50.26,24/10/2022 15:00:01
VUcY40116420221023eo,20221023,E000086,鲜羊肉,新鲜去骨,61.25,39.86,50.26,23/10/2022 15:00:01
JuOf00119320221022mk,20221022,E000086,鲜羊肉,新鲜去骨,61.37,39.9,50.34,22/10/2022 15:00:01
AgQP60116820221021Gy,20221021,E000086,鲜羊肉,新鲜去骨,60.77,39.9,50.79,21/10/2022 15:00:01
fcTp20115420221020iV,20221020,E000086,鲜羊肉,新鲜去骨,61.06,39.9,50.34,20/10/2022 15:00:01
LRFv80116720221019Wa,20221019,E000086,鲜羊肉,新鲜去骨,60.79,39.9,50.53,19/10/2022 15:00:01
vfet40121620221018ga,20221018,E000086,鲜羊肉,新鲜去骨,60.84,39.9,51.33,18/10/2022 15:00:01
DQeL00113920221017yo,20221017,E000086,鲜羊肉,新鲜去骨,61.12,39.9,51.33,17/10/2022 15:00:01
Xwnd60113120221016nh,20221016,E000086,鲜羊肉,新鲜去骨,60.93,39.38,51.33,16/10/2022 15:00:01
nxkj20115720221015xe,20221015,E000086,鲜羊肉,新鲜去骨,60.33,39.43,51.33,15/10/2022 15:00:01
MXGf80115120221014Uq,20221014,E000086,鲜羊肉,新鲜去骨,60.81,39.43,51.33,14/10/2022 15:00:01
RqdO40121120221013Rs,20221013,E000086,鲜羊肉,新鲜去骨,62.75,39.43,51.1,13/10/2022 15:00:01
rgNS00111520221012rQ,20221012,E000086,鲜羊肉,新鲜去骨,60.32,39.43,51.1,12/10/2022 15:00:01
UeQE60113620221011oE,20221011,E000086,鲜羊肉,新鲜去骨,60.01,39.43,50.68,11/10/2022 15:00:01
KIRX20126520221010aY,20221010,E000086,鲜羊肉,新鲜去骨,60.48,39.43,50.68,10/10/2022 15:00:01
JdLd80114820221009eV,20221009,E000086,鲜羊肉,新鲜去骨,60.12,39.38,50.68,9/10/2022 15:00:01
WKcP40125320221008hX,20221008,E000086,鲜羊肉,新鲜去骨,59.49,39.38,50.76,8/10/2022 15:00:01
xUmS00118320221007sa,20221007,E000086,鲜羊肉,新鲜去骨,59.51,39.83,50.91,7/10/2022 15:00:01
afXE60123820221006Je,20221006,E000086,鲜羊肉,新鲜去骨,60.33,39.83,51.11,6/10/2022 15:00:01
lcuq20113820221005Ov,20221005,E000086,鲜羊肉,新鲜去骨,59.55,39.83,51.26,5/10/2022 15:00:01
pNPk80120020221004UR,20221004,E000086,鲜羊肉,新鲜去骨,59.44,39.83,51.68,4/10/2022 15:00:01
FOdL40123420221003Hc,20221003,E000086,鲜羊肉,新鲜去骨,59.79,39.79,51.68,3/10/2022 15:00:01
xIUE00119920221002CH,20221002,E000086,鲜羊肉,新鲜去骨,60.09,39.79,51.68,2/10/2022 15:00:01
SQOf60120120221001Oh,20221001,E000086,鲜羊肉,新鲜去骨,60.64,39.79,51.68,1/10/2022 15:00:01
Uvbd20121120220930Lc,20220930,E000086,鲜羊肉,新鲜去骨,60.56,39.79,51.68,30/9/2022 15:00:01
BSCX80126920220929HE,20220929,E000086,鲜羊肉,新鲜去骨,61.13,39.79,52.27,29/9/2022 15:00:01
sWtF40116320220928mv,20220928,E000086,鲜羊肉,新鲜去骨,60.87,39.79,51.68,28/9/2022 15:00:01
EgPw00118320220927CQ,20220927,E000086,鲜羊肉,新鲜去骨,60.4,39.79,51.26,27/9/2022 15:00:01
rdKa60113620220926rk,20220926,E000086,鲜羊肉,新鲜去骨,60.52,39.71,50.87,26/9/2022 15:00:01
UciQ20109020220925mq,20220925,E000086,鲜羊肉,新鲜去骨,61.12,39.76,50.87,25/9/2022 15:00:01
ITsn80122920220924FE,20220924,E000086,鲜羊肉,新鲜去骨,60.4,39.76,50.87,24/9/2022 15:00:01
rjdA40124720220923fm,20220923,E000086,鲜羊肉,新鲜去骨,60.99,39.76,50.87,23/9/2022 15:00:01
XTkx00114920220922HA,20220922,E000086,鲜羊肉,新鲜去骨,60.57,39.81,50.87,22/9/2022 15:00:01
esSN60114520220921OV,20220921,E000086,鲜羊肉,新鲜去骨,60.71,39.81,50.87,21/9/2022 15:00:01
idJy20142320220920iw,20220920,E000086,鲜羊肉,新鲜去骨,61.01,39.81,51.3,20/9/2022 15:00:01
HjCI80108520220919yy,20220919,E000086,鲜羊肉,新鲜去骨,61.37,39.62,51.3,19/9/2022 15:00:01
Iexh40115520220918lr,20220918,E000086,鲜羊肉,新鲜去骨,61.32,39.62,51.3,18/9/2022 15:00:01
QYgq00112820220917lo,20220917,E000086,鲜羊肉,新鲜去骨,61.67,39.62,51.3,17/9/2022 15:00:01
iHhh60123720220916Xt,20220916,E000086,鲜羊肉,新鲜去骨,61.89,39.62,51.3,16/9/2022 15:00:01
TToI20118020220915KL,20220915,E000086,鲜羊肉,新鲜去骨,61.64,39.62,51.3,15/9/2022 15:00:01
Rsag80112620220914ep,20220914,E000086,鲜羊肉,新鲜去骨,60.62,39.67,51.3,14/9/2022 15:00:01
jbfi40109420220913cA,20220913,E000086,鲜羊肉,新鲜去骨,61.78,39.67,50.91,13/9/2022 15:00:01
WtJo00110320220912bO,20220912,E000086,鲜羊肉,新鲜去骨,61.43,39.76,50.91,12/9/2022 15:00:01
XOLM60116920220911pj,20220911,E000086,鲜羊肉,新鲜去骨,61.94,39.67,50.91,11/9/2022 15:00:01
wHqK20124820220910LI,20220910,E000086,鲜羊肉,新鲜去骨,61.76,39.67,50.91,10/9/2022 15:00:01
JYXX80128620220909BY,20220909,E000086,鲜羊肉,新鲜去骨,62.23,39.67,50.91,9/9/2022 15:00:01
QTOy40117520220908dU,20220908,E000086,鲜羊肉,新鲜去骨,62.41,39.67,50.91,8/9/2022 15:00:01
FXNd00108420220907Lm,20220907,E000086,鲜羊肉,新鲜去骨,62.41,39.62,50.91,7/9/2022 15:00:01
XwAm60173020220906XT,20220906,E000086,鲜羊肉,新鲜去骨,61.02,39.62,51.26,6/9/2022 15:00:01
GWjm20105820220905YP,20220905,E000086,鲜羊肉,新鲜去骨,61.95,39.62,51.26,5/9/2022 15:00:01
tTCi80108020220904cU,20220904,E000086,鲜羊肉,新鲜去骨,62.2,39.89,51.83,4/9/2022 15:00:01
vbIG40121820220903RG,20220903,E000086,鲜羊肉,新鲜去骨,62.49,39.89,51.79,3/9/2022 15:00:01
WSAy00113120220902fM,20220902,E000086,鲜羊肉,新鲜去骨,60.68,39.89,51.8,2/9/2022 15:00:01
YjAQ60113420220901xN,20220901,E000086,鲜羊肉,新鲜去骨,61.96,39.89,51.44,1/9/2022 15:00:01
mIvL20109820220831TG,20220831,E000086,鲜羊肉,新鲜去骨,60.69,39.89,51.32,31/8/2022 15:00:01
Iixx80106020220830El,20220830,E000086,鲜羊肉,新鲜去骨,62.18,39.89,51.36,30/8/2022 15:00:01
foIb40112320220829BX,20220829,E000086,鲜羊肉,新鲜去骨,61.43,39.89,51.36,29/8/2022 15:00:01
bNmR00106720220828Qs,20220828,E000086,鲜羊肉,新鲜去骨,61.5,39.89,51.35,28/8/2022 15:00:01
mrrG60112120220827qr,20220827,E000086,鲜羊肉,新鲜去骨,60.57,39.89,51.35,27/8/2022 15:00:01
MrMU20111920220826vn,20220826,E000086,鲜羊肉,新鲜去骨,61.78,39.89,51.35,26/8/2022 15:00:01
Taqg80107520220825Pt,20220825,E000086,鲜羊肉,新鲜去骨,60.62,39.84,51.36,25/8/2022 15:00:01
nheQ40109920220824UN,20220824,E000086,鲜羊肉,新鲜去骨,62.37,39.84,51.36,24/8/2022 15:00:01
APNV00108120220823bu,20220823,E000086,鲜羊肉,新鲜去骨,61.22,39.95,50.99,23/8/2022 15:00:01
bqea60111220220822lw,20220822,E000086,鲜羊肉,新鲜去骨,61.96,39.95,50.99,22/8/2022 15:00:01
RVGH20103920220821TG,20220821,E000086,鲜羊肉,新鲜去骨,60.95,39.95,50.99,21/8/2022 15:00:01
ISYR80112020220820bt,20220820,E000086,鲜羊肉,新鲜去骨,62.23,39.95,50.99,20/8/2022 15:00:01
AgqO40103620220819RK,20220819,E000086,鲜羊肉,新鲜去骨,61.17,39.95,51,19/8/2022 15:00:01
bQHE00108720220818Pe,20220818,E000086,鲜羊肉,新鲜去骨,62.04,39.95,51,18/8/2022 15:00:01
FNOi60107920220817Bu,20220817,E000086,鲜羊肉,新鲜去骨,60.91,40.05,51,17/8/2022 15:00:01
koQk20104320220816lq,20220816,E000086,鲜羊肉,新鲜去骨,61.97,40.05,51,16/8/2022 15:00:01
QUiE80108020220815rB,20220815,E000086,鲜羊肉,新鲜去骨,60.53,40.05,51,15/8/2022 15:00:01
hVHx40109420220814cT,20220814,E000086,鲜羊肉,新鲜去骨,61.97,40.05,51.03,14/8/2022 15:00:01
sLjU00109520220813kf,20220813,E000086,鲜羊肉,新鲜去骨,61.76,40.05,51.03,13/8/2022 15:00:01
Enhc60117820220812jM,20220812,E000086,鲜羊肉,新鲜去骨,62.22,40.05,51.04,12/8/2022 15:00:01
fcLP20106320220811he,20220811,E000086,鲜羊肉,新鲜去骨,61.18,40.05,51.04,11/8/2022 15:00:01
VIKO80108720220810uO,20220810,E000086,鲜羊肉,新鲜去骨,62.32,40.05,51.04,10/8/2022 15:00:01
pEKM40110720220809Dp,20220809,E000086,鲜羊肉,新鲜去骨,60.21,40.05,50.99,9/8/2022 15:00:01
IVEQ00106620220808MN,20220808,E000086,鲜羊肉,新鲜去骨,62.16,40.05,51,8/8/2022 15:00:01
YXmr60106720220807ES,20220807,E000086,鲜羊肉,新鲜去骨,60.31,40.05,50.99,7/8/2022 15:00:01
TurQ20109620220806BG,20220806,E000086,鲜羊肉,新鲜去骨,62.67,40.05,50.99,6/8/2022 15:00:01
mRVf80112520220805hQ,20220805,E000086,鲜羊肉,新鲜去骨,61.35,40.05,51,5/8/2022 15:00:01
iNfJ40111120220804Et,20220804,E000086,鲜羊肉,新鲜去骨,63.2,40.05,51.04,4/8/2022 15:00:01
GIFp00107120220803lu,20220803,E000086,鲜羊肉,新鲜去骨,61.49,40.05,50.91,3/8/2022 15:00:01
Splm60105120220802sT,20220802,E000086,鲜羊肉,新鲜去骨,62.36,39.95,51.07,2/8/2022 15:00:01
WUDL20132820220801KY,20220801,E000086,鲜羊肉,新鲜去骨,61.05,39.95,51.07,1/8/2022 15:00:01
Bpry80102420220731qA,20220731,E000086,鲜羊肉,新鲜去骨,62.9,39.94,51.07,31/7/2022 15:00:01
MLFc40109520220730iT,20220730,E000086,鲜羊肉,新鲜去骨,60.91,39.94,51.07,30/7/2022 15:00:01
QBHX00106120220729Kq,20220729,E000086,鲜羊肉,新鲜去骨,62.18,39.94,51.07,29/7/2022 15:00:01
NAoX60113920220728RA,20220728,E000086,鲜羊肉,新鲜去骨,61.59,39.94,51.07,28/7/2022 15:00:01
MEBf20106420220727CS,20220727,E000086,鲜羊肉,新鲜去骨,62.47,39.94,49.54,27/7/2022 15:00:01
pjuo80107220220726WI,20220726,E000086,鲜羊肉,新鲜去骨,58.91,39.94,49.07,26/7/2022 15:00:01
GvqX40109220220725HA,20220725,E000086,鲜羊肉,新鲜去骨,60.2,39.94,49.07,25/7/2022 15:00:01
tDjG00107720220724vF,20220724,E000086,鲜羊肉,新鲜去骨,59.12,39.94,49.07,24/7/2022 15:00:01
rdes60106220220723ng,20220723,E000086,鲜羊肉,新鲜去骨,61.93,39.94,49.2,23/7/2022 15:00:01
nFrl20104620220722VN,20220722,E000086,鲜羊肉,新鲜去骨,58.46,39.94,49.2,22/7/2022 15:00:01
sNoK80105120220721Vc,20220721,E000086,鲜羊肉,新鲜去骨,60.57,39.94,49.2,21/7/2022 15:00:01
pXWr40105520220720mY,20220720,E000086,鲜羊肉,新鲜去骨,58.03,39.94,49.2,20/7/2022 15:00:01
FEtl00109720220719ja,20220719,E000086,鲜羊肉,新鲜去骨,60.39,39.94,49.12,19/7/2022 15:00:01
HdGD60108020220718sw,20220718,E000086,鲜羊肉,新鲜去骨,60.44,39.83,49.12,18/7/2022 15:00:01
ODYR20104020220717vJ,20220717,E000086,鲜羊肉,新鲜去骨,57.77,39.89,49.12,17/7/2022 15:00:01
BxCq80107520220716wp,20220716,E000086,鲜羊肉,新鲜去骨,60.18,39.94,49.12,16/7/2022 15:00:01
hcrG40110020220715VY,20220715,E000086,鲜羊肉,新鲜去骨,60.12,40,49.12,15/7/2022 15:00:01
FLKq00107120220714yL,20220714,E000086,鲜羊肉,新鲜去骨,61.4,40,49.12,14/7/2022 15:00:01
mRKE60113720220713TI,20220713,E000086,鲜羊肉,新鲜去骨,62.31,40,49.49,13/7/2022 15:00:01
xHAN20251720220712Jd,20220712,E000086,鲜羊肉,新鲜去骨,62.41,40,50.07,12/7/2022 15:00:02
yvfe80258720220711hQ,20220711,E000086,鲜羊肉,新鲜去骨,61.66,40,50.07,11/7/2022 15:00:02
fLmh40233620220710vR,20220710,E000086,鲜羊肉,新鲜去骨,64.3,39.94,50.07,10/7/2022 15:00:02
AGHp00228220220709rS,20220709,E000086,鲜羊肉,新鲜去骨,66.18,39.94,50.07,9/7/2022 15:00:02
jyxg60347920220708lb,20220708,E000086,鲜羊肉,新鲜去骨,66.14,39.94,50.07,8/7/2022 15:00:03
aRgJ20244520220707Pk,20220707,E000086,鲜羊肉,新鲜去骨,65.7,39.94,50.07,7/7/2022 15:00:02
yhxR80221820220706PU,20220706,E000086,鲜羊肉,新鲜去骨,65.51,40.06,49.49,6/7/2022 15:00:02
MLgQ40222920220705TC,20220705,E000086,鲜羊肉,新鲜去骨,66.13,40.06,47.41,5/7/2022 15:00:02
JvhK00236620220704pW,20220704,E000086,鲜羊肉,新鲜去骨,66.24,40.06,47.41,4/7/2022 15:00:02
eBOD60246920220703dY,20220703,E000086,鲜羊肉,新鲜去骨,66.42,40.11,47.41,3/7/2022 15:00:02
OFOP20248820220702wT,20220702,E000086,鲜羊肉,新鲜去骨,66.35,40.11,47.32,2/7/2022 15:00:02
sSgm80224020220701UK,20220701,E000086,鲜羊肉,新鲜去骨,65.71,40.11,47.32,1/7/2022 15:00:02
xwPB40232720220630cB,20220630,E000086,鲜羊肉,新鲜去骨,65.41,40,47.28,30/6/2022 15:00:02
JNES00265620220629ry,20220629,E000086,鲜羊肉,新鲜去骨,65.45,40.06,47.28,29/6/2022 15:00:02
KtFy60227620220628GL,20220628,E000086,鲜羊肉,新鲜去骨,65.07,40.06,48.82,28/6/2022 15:00:02
KmuQ20216720220627yu,20220627,E000086,鲜羊肉,新鲜去骨,64.86,39.94,48.82,27/6/2022 15:00:02
oEiM80253720220626lU,20220626,E000086,鲜羊肉,新鲜去骨,65.1,39.94,48.82,26/6/2022 15:00:02
SJtK40110820220625JW,20220625,E000086,鲜羊肉,新鲜去骨,65,39.94,48.6,25/6/2022 15:00:01
yEio00107420220624Sx,20220624,E000086,鲜羊肉,新鲜去骨,64.47,39.94,48.6,24/6/2022 15:00:01
xspy60105020220623JP,20220623,E000086,鲜羊肉,新鲜去骨,64.62,40.06,48.36,23/6/2022 15:00:01
Mdww20093120220622Ax,20220622,E000086,鲜羊肉,新鲜去骨,64.7,40.06,48.62,22/6/2022 15:00:00
SuQj80100820220621fD,20220621,E000086,鲜羊肉,新鲜去骨,65,40.06,48.58,21/6/2022 15:00:01
HnfB40113120220620Qy,20220620,E000086,鲜羊肉,新鲜去骨,65.07,40.06,48.56,20/6/2022 15:00:01
doqJ00107320220619be,20220619,E000086,鲜羊肉,新鲜去骨,64.95,40.06,48.42,19/6/2022 15:00:01
JOsQ60111720220618vE,20220618,E000086,鲜羊肉,新鲜去骨,64.73,40.06,48.4,18/6/2022 15:00:01
icSr20101820220617ty,20220617,E000086,鲜羊肉,新鲜去骨,64.85,40.17,48.37,17/6/2022 15:00:01
qbCv80100620220616hV,20220616,E000086,鲜羊肉,新鲜去骨,64.44,40.17,48.75,16/6/2022 15:00:01
kWmT40100420220615Or,20220615,E000086,鲜羊肉,新鲜去骨,64.02,40.28,48.56,15/6/2022 15:00:01
hAfS00105920220614jH,20220614,E000086,鲜羊肉,新鲜去骨,64.4,40.33,48.58,14/6/2022 15:00:01
cayg60100420220613lv,20220613,E000086,鲜羊肉,新鲜去骨,64.49,40.33,48.56,13/6/2022 15:00:01
FDqf20098820220612kR,20220612,E000086,鲜羊肉,新鲜去骨,64.31,40.33,48.58,12/6/2022 15:00:01
PoBm80105720220611UK,20220611,E000086,鲜羊肉,新鲜去骨,64.74,40.33,48.58,11/6/2022 15:00:01
AXHE40103220220610ss,20220610,E000086,鲜羊肉,新鲜去骨,64.61,40.33,48.58,10/6/2022 15:00:01
EqUr00101920220609rB,20220609,E000086,鲜羊肉,新鲜去骨,64.35,40.33,48.58,9/6/2022 15:00:01
hhwE60107320220608Ie,20220608,E000086,鲜羊肉,新鲜去骨,64.92,40.33,48.83,8/6/2022 15:00:01
JsCU20106120220607bo,20220607,E000086,鲜羊肉,新鲜去骨,64.82,40.33,48.83,7/6/2022 15:00:01
lOcw80100920220606yO,20220606,E000086,鲜羊肉,新鲜去骨,64.59,40.5,48.83,6/6/2022 15:00:01
WOQC40104020220605VE,20220605,E000086,鲜羊肉,新鲜去骨,63.82,40.5,48.83,5/6/2022 15:00:01
KSUi00138220220604sT,20220604,E000086,鲜羊肉,新鲜去骨,64.34,40.5,48.83,4/6/2022 15:00:01
jFUr60149020220603Qx,20220603,E000086,鲜羊肉,新鲜去骨,64.56,40.5,48.83,3/6/2022 15:00:01
yIwh20102720220602Ma,20220602,E000086,鲜羊肉,新鲜去骨,64.21,40.39,48.7,2/6/2022 15:00:01
XdGf80110820220601vD,20220601,E000086,鲜羊肉,新鲜去骨,63.64,40.39,48.7,1/6/2022 15:00:01
sdEn40110220220531mM,20220531,E000086,鲜羊肉,新鲜去骨,63.26,40.39,47.95,31/5/2022 15:00:01
kbTp00101420220530RC,20220530,E000086,鲜羊肉,新鲜去骨,63.33,40.39,47.95,30/5/2022 15:00:01
qbcX60110220220529rn,20220529,E000086,鲜羊肉,新鲜去骨,63.1,40.41,47.95,29/5/2022 15:00:01
gLWE20106620220528RH,20220528,E000086,鲜羊肉,新鲜去骨,63.21,40.41,48.17,28/5/2022 15:00:01
EHqv80107120220527TU,20220527,E000086,鲜羊肉,新鲜去骨,62.75,40.71,48.39,27/5/2022 15:00:01
tpYv40108420220526wJ,20220526,E000086,鲜羊肉,新鲜去骨,63.18,40.71,48.39,26/5/2022 15:00:01
CGsd00105520220525vi,20220525,E000086,鲜羊肉,新鲜去骨,63.24,40.71,48.35,25/5/2022 15:00:01
wPxq60117920220524Ab,20220524,E000086,鲜羊肉,新鲜去骨,63.78,40.76,48.96,24/5/2022 15:00:01
IqBK20111920220523jc,20220523,E000086,鲜羊肉,新鲜去骨,62.15,40.71,48.05,23/5/2022 15:00:01
mNNA80114820220522WA,20220522,E000086,鲜羊肉,新鲜去骨,63,40.71,48.05,22/5/2022 15:00:01
UfvQ40160320220521gN,20220521,E000086,鲜羊肉,新鲜去骨,61.32,40.76,48.05,21/5/2022 15:00:01
XRQv00111820220520CD,20220520,E000086,鲜羊肉,新鲜去骨,64.07,40.81,48.05,20/5/2022 15:00:01
pMuV60098620220519Bu,20220519,E000086,鲜羊肉,新鲜去骨,62.63,40.76,48.05,19/5/2022 15:00:01
TOJE20102120220518qv,20220518,E000086,鲜羊肉,新鲜去骨,62.95,40.76,48,18/5/2022 15:00:01
rXvO80108420220517Fw,20220517,E000086,鲜羊肉,新鲜去骨,61.54,40.76,47.86,17/5/2022 15:00:01
jyFT40107820220516HX,20220516,E000086,鲜羊肉,新鲜去骨,64.64,40.76,47.86,16/5/2022 15:00:01
QJqp00103620220515rU,20220515,E000086,鲜羊肉,新鲜去骨,64.53,41.11,47.86,15/5/2022 15:00:01
wOyG60107620220514pU,20220514,E000086,鲜羊肉,新鲜去骨,64.22,41.11,47.86,14/5/2022 15:00:01
QkwD20117620220513bH,20220513,E000086,鲜羊肉,新鲜去骨,65.59,40.75,47.86,13/5/2022 15:00:01
sBhq80103020220512Nk,20220512,E000086,鲜羊肉,新鲜去骨,65.32,40.75,47.86,12/5/2022 15:00:01
SpSn40101820220511pX,20220511,E000086,鲜羊肉,新鲜去骨,65.68,40.75,48,11/5/2022 15:00:01
MbId00103320220510Ej,20220510,E000086,鲜羊肉,新鲜去骨,66.41,40.75,47.34,10/5/2022 15:00:01
aHsV60105820220509ED,20220509,E000086,鲜羊肉,新鲜去骨,66.36,40.75,47.34,9/5/2022 15:00:01
Oypj20101220220508gN,20220508,E000086,鲜羊肉,新鲜去骨,66.25,40.95,47.34,8/5/2022 15:00:01
BdfV80103820220507pC,20220507,E000086,鲜羊肉,新鲜去骨,66.48,40.95,47.34,7/5/2022 15:00:01
hEye40110920220506CA,20220506,E000086,鲜羊肉,新鲜去骨,65.29,40.95,47.34,6/5/2022 15:00:01
gieL00109020220505mI,20220505,E000086,鲜羊肉,新鲜去骨,67.56,40.89,47.34,5/5/2022 15:00:01
oVyG60106620220504Hp,20220504,E000086,鲜羊肉,新鲜去骨,67.61,41.05,48.32,4/5/2022 15:00:01
SuKi20108520220503Fr,20220503,E000086,鲜羊肉,新鲜去骨,67.62,40.9,49.19,3/5/2022 15:00:01
hygU80106920220502Mo,20220502,E000086,鲜羊肉,新鲜去骨,67.85,40.9,49.19,2/5/2022 15:00:01
GRTQ40103620220501nT,20220501,E000086,鲜羊肉,新鲜去骨,67.86,40.9,49.19,1/5/2022 15:00:01
qQcI00104920220430rv,20220430,E000086,鲜羊肉,新鲜去骨,68,40.9,49.19,30/4/2022 15:00:01
vuoR60103320220429Se,20220429,E000086,鲜羊肉,新鲜去骨,67.99,40.9,49.19,29/4/2022 15:00:01
ipqO20113720220428Pu,20220428,E000086,鲜羊肉,新鲜去骨,67.89,41.15,49.19,28/4/2022 15:00:01
lOMk80106120220427UG,20220427,E000086,鲜羊肉,新鲜去骨,68.19,41.15,49.1,27/4/2022 15:00:01
qULr40111020220426jH,20220426,E000086,鲜羊肉,新鲜去骨,68.31,41.15,49.6,26/4/2022 15:00:01
GFjy00103420220425uH,20220425,E000086,鲜羊肉,新鲜去骨,67.94,41.15,49.6,25/4/2022 15:00:01
Mnfw60112320220424VE,20220424,E000086,鲜羊肉,新鲜去骨,67.77,41,49.6,24/4/2022 15:00:01
CVFB20112320220423MR,20220423,E000086,鲜羊肉,新鲜去骨,67.77,41,49.6,23/4/2022 15:00:01
Tqym80110520220422UC,20220422,E000086,鲜羊肉,新鲜去骨,67.76,41,49.6,22/4/2022 15:00:01
CbgT40106320220421bA,20220421,E000086,鲜羊肉,新鲜去骨,68.17,41,49.6,21/4/2022 15:00:01
RSXg00103720220420Yf,20220420,E000086,鲜羊肉,新鲜去骨,68.09,41,49.6,20/4/2022 15:00:01
UCHM60102520220419cT,20220419,E000086,鲜羊肉,新鲜去骨,69.04,40.9,49.37,19/4/2022 15:00:01
rEbP20112920220418Xv,20220418,E000086,鲜羊肉,新鲜去骨,68.93,40.9,49.37,18/4/2022 15:00:01
MTxw80105120220417Pc,20220417,E000086,鲜羊肉,新鲜去骨,68.93,40.9,49.37,17/4/2022 15:00:01
xVuR40104720220416VE,20220416,E000086,鲜羊肉,新鲜去骨,68.93,40.9,49.37,16/4/2022 15:00:01
nspi00111820220415Pc,20220415,E000086,鲜羊肉,新鲜去骨,69.1,40.9,49.37,15/4/2022 15:00:01
DQSO60102920220414wV,20220414,E000086,鲜羊肉,新鲜去骨,69.1,40.9,49.37,14/4/2022 15:00:01
XroU20101820220413KR,20220413,E000086,鲜羊肉,新鲜去骨,69.03,40.9,49.46,13/4/2022 15:00:01
NNCL80105020220412Ek,20220412,E000086,鲜羊肉,新鲜去骨,69.1,40.9,49.46,12/4/2022 15:00:01
Ddxg40108620220411DA,20220411,E000086,鲜羊肉,新鲜去骨,69.03,40.86,49.46,11/4/2022 15:00:01
DScj00104320220410rq,20220410,E000086,鲜羊肉,新鲜去骨,69.21,40.9,49.32,10/4/2022 15:00:01
ewCx60113620220409Tp,20220409,E000086,鲜羊肉,新鲜去骨,69.16,40.9,49.32,9/4/2022 15:00:01
sosU20104620220408EH,20220408,E000086,鲜羊肉,新鲜去骨,69.38,40.9,49.32,8/4/2022 15:00:01
VNiY80115620220407wh,20220407,E000086,鲜羊肉,新鲜去骨,69.36,40.9,49.32,7/4/2022 15:00:01
aBKt40109920220406fv,20220406,E000086,鲜羊肉,新鲜去骨,69.38,41.1,49.32,6/4/2022 15:00:01
RSeE00102020220405jt,20220405,E000086,鲜羊肉,新鲜去骨,70.03,41.1,48.5,5/4/2022 15:00:01
fPtX60104720220404CD,20220404,E000086,鲜羊肉,新鲜去骨,70.04,41.1,48.5,4/4/2022 15:00:01
cJEB20103620220403CQ,20220403,E000086,鲜羊肉,新鲜去骨,70.19,41.1,48.55,3/4/2022 15:00:01
McDd80114820220402iq,20220402,E000086,鲜羊肉,新鲜去骨,70.22,41.1,48.55,2/4/2022 15:00:01
Qfop40115820220401PG,20220401,E000086,鲜羊肉,新鲜去骨,70,41.1,48.55,1/4/2022 15:00:01
Eapq00109520220331Jb,20220331,E000086,鲜羊肉,新鲜去骨,70.51,41.05,49.1,31/3/2022 15:00:01
AYGY60100920220330Bc,20220330,E000086,鲜羊肉,新鲜去骨,70.34,41.05,49.1,30/3/2022 15:00:01
nMeF20155220220329Ha,20220329,E000086,鲜羊肉,新鲜去骨,70.32,41.05,50.01,29/3/2022 15:00:01
BNyH80110920220328Mc,20220328,E000086,鲜羊肉,新鲜去骨,72.82,41.1,50.01,28/3/2022 15:00:01
VVyW40112320220327WT,20220327,E000086,鲜羊肉,新鲜去骨,73.01,41.14,50.01,27/3/2022 15:00:01
hdcA00109020220326Vn,20220326,E000086,鲜羊肉,新鲜去骨,73.3,41.14,50.01,26/3/2022 15:00:01
EmGK60147420220325xO,20220325,E000086,鲜羊肉,新鲜去骨,73.02,41.14,50.01,25/3/2022 15:00:01
OYXD20104920220324eQ,20220324,E000086,鲜羊肉,新鲜去骨,72.81,41.14,50.01,24/3/2022 15:00:01
Eotp80104720220323Ij,20220323,E000086,鲜羊肉,新鲜去骨,72.79,41,50.01,23/3/2022 15:00:01
vtNk40105520220322AU,20220322,E000086,鲜羊肉,新鲜去骨,72.53,41,50.01,22/3/2022 15:00:01
duue00102820220321YR,20220321,E000086,鲜羊肉,新鲜去骨,73.11,41,50.1,21/3/2022 15:00:01
ypoY60104120220320Hi,20220320,E000086,鲜羊肉,新鲜去骨,73.63,41.05,50.19,20/3/2022 15:00:01
LsPc20101020220319XE,20220319,E000086,鲜羊肉,新鲜去骨,73.77,41.05,50.19,19/3/2022 15:00:01
Erpt80106720220318vb,20220318,E000086,鲜羊肉,新鲜去骨,73.45,41.05,50.19,18/3/2022 15:00:01
OrQc40104620220317gD,20220317,E000086,鲜羊肉,新鲜去骨,73.27,41.1,50.19,17/3/2022 15:00:01
Tvnx00101320220316xN,20220316,E000086,鲜羊肉,新鲜去骨,73.46,41.1,50.19,16/3/2022 15:00:01
YOUd60107020220315Oj,20220315,E000086,鲜羊肉,新鲜去骨,73.05,41.1,48.92,15/3/2022 15:00:01
vSXS20100920220314yr,20220314,E000086,鲜羊肉,新鲜去骨,73.48,41.1,48.92,14/3/2022 15:00:01
DdGD80100820220313js,20220313,E000086,鲜羊肉,新鲜去骨,73.66,41.1,48.82,13/3/2022 15:00:01
IofE40111220220312KR,20220312,E000086,鲜羊肉,新鲜去骨,73.68,41.1,48.82,12/3/2022 15:00:01
yFQp00111820220311vF,20220311,E000086,鲜羊肉,新鲜去骨,73.48,41.1,48.82,11/3/2022 15:00:01
Muaa60104720220310Ec,20220310,E000086,鲜羊肉,新鲜去骨,73.47,41.1,48.82,10/3/2022 15:00:01
DfPx20114220220309Vq,20220309,E000086,鲜羊肉,新鲜去骨,73.27,41.1,48.28,9/3/2022 15:00:01
Qxrb80108820220308Hn,20220308,E000086,鲜羊肉,新鲜去骨,73.26,41.1,49.46,8/3/2022 15:00:01
NvXN40114420220307HO,20220307,E000086,鲜羊肉,新鲜去骨,73.45,41.1,49.46,7/3/2022 15:00:01
ffCS00105020220306YA,20220306,E000086,鲜羊肉,新鲜去骨,73.29,41.14,49.46,6/3/2022 15:00:01
bciY60115420220305bj,20220305,E000086,鲜羊肉,新鲜去骨,73.47,41.14,49.46,5/3/2022 15:00:01
umgd20112820220304mQ,20220304,E000086,鲜羊肉,新鲜去骨,73.48,41.14,49.46,4/3/2022 15:00:01
NWek80107620220303pP,20220303,E000086,鲜羊肉,新鲜去骨,73.48,41.14,49.46,3/3/2022 15:00:01
PuGJ40107920220302ua,20220302,E000086,鲜羊肉,新鲜去骨,73.44,41.14,49.46,2/3/2022 15:00:01
pGdK00149220220301nj,20220301,E000086,鲜羊肉,新鲜去骨,73.44,41.14,48.28,1/3/2022 15:00:01
ubpY60109120220228ml,20220228,E000086,鲜羊肉,新鲜去骨,73.62,41.14,48.28,28/2/2022 15:00:01
sJAM20116020220227py,20220227,E000086,鲜羊肉,新鲜去骨,73.62,41.14,48.23,27/2/2022 15:00:01
thed80110620220226HA,20220226,E000086,鲜羊肉,新鲜去骨,73.79,41.14,48.23,26/2/2022 15:00:01
GggK40103620220225Yx,20220225,E000086,鲜羊肉,新鲜去骨,74.07,41.14,48.23,25/2/2022 15:00:01
QtBp00108020220224Xt,20220224,E000086,鲜羊肉,新鲜去骨,74.1,41.14,48.23,24/2/2022 15:00:01
JdQe60110620220223dK,20220223,E000086,鲜羊肉,新鲜去骨,73.92,41.14,48.23,23/2/2022 15:00:01
wIya20114520220222WY,20220222,E000086,鲜羊肉,新鲜去骨,73.89,41.24,48.23,22/2/2022 15:00:01
QOlD80116820220221Yo,20220221,E000086,鲜羊肉,新鲜去骨,74.62,41.24,48.23,21/2/2022 15:00:01
FrMk40108620220220BX,20220220,E000086,鲜羊肉,新鲜去骨,74.42,41.14,48.32,20/2/2022 15:00:01
AcWI00111920220219WQ,20220219,E000086,鲜羊肉,新鲜去骨,74.39,41.14,48.32,19/2/2022 15:00:01
Bdbk60115120220218eo,20220218,E000086,鲜羊肉,新鲜去骨,74.26,41.14,48.32,18/2/2022 15:00:01
rEjW20127820220217gI,20220217,E000086,鲜羊肉,新鲜去骨,74.11,41.19,48.32,17/2/2022 15:00:01
flpt80112020220216Ja,20220216,E000086,鲜羊肉,新鲜去骨,74.38,41.24,48.32,16/2/2022 15:00:01
mioF40122520220215gY,20220215,E000086,鲜羊肉,新鲜去骨,75.14,41.24,48.87,15/2/2022 15:00:01
aNfb00130320220214hN,20220214,E000086,鲜羊肉,新鲜去骨,74.92,41.19,48.87,14/2/2022 15:00:01
WEpY60116820220213EV,20220213,E000086,鲜羊肉,新鲜去骨,74.94,41.19,48.78,13/2/2022 15:00:01
BwYN20113520220212NV,20220212,E000086,鲜羊肉,新鲜去骨,74.98,41.19,48.78,12/2/2022 15:00:01
dang80117420220211Hu,20220211,E000086,鲜羊肉,新鲜去骨,75.09,41.19,48.78,11/2/2022 15:00:01
iucr40108620220210ns,20220210,E000086,鲜羊肉,新鲜去骨,75.11,41.25,48.78,10/2/2022 15:00:01
QgTw00111120220209dB,20220209,E000086,鲜羊肉,新鲜去骨,75,41.35,48.78,9/2/2022 15:00:01
XFob60108520220208XS,20220208,E000086,鲜羊肉,新鲜去骨,75.08,41.35,48.41,8/2/2022 15:00:01
xKhY20109120220207ba,20220207,E000086,鲜羊肉,新鲜去骨,75.37,41.5,48.41,7/2/2022 15:00:01
OOJd80105220220206BJ,20220206,E000086,鲜羊肉,新鲜去骨,70,41.44,48.32,6/2/2022 15:00:01
BmoN40113920220205Vy,20220205,E000086,鲜羊肉,新鲜去骨,70,41.43,48.32,5/2/2022 15:00:01
kewG00112720220204ID,20220204,E000086,鲜羊肉,新鲜去骨,,41.43,48.32,4/2/2022 15:00:01
tRmb60099120220203Ik,20220203,E000086,鲜羊肉,新鲜去骨,,41.43,48.32,3/2/2022 15:00:01
bijn20096920220202nA,20220202,E000086,鲜羊肉,新鲜去骨,,41.54,48.32,2/2/2022 15:00:01
SOFG80107520220201xv,20220201,E000086,鲜羊肉,新鲜去骨,,41.54,48.32,1/2/2022 15:00:01
CvtH40112320220131lW,20220131,E000086,鲜羊肉,新鲜去骨,70,41.37,48.32,31/1/2022 15:00:01
TcPR00107520220130rI,20220130,E000086,鲜羊肉,新鲜去骨,75.14,41.24,48.32,30/1/2022 15:00:01
syvU60161520220129OY,20220129,E000086,鲜羊肉,新鲜去骨,76.73,41.14,48.59,29/1/2022 15:00:01
CPMv20104920220128xG,20220128,E000086,鲜羊肉,新鲜去骨,75.56,41.14,48.59,28/1/2022 15:00:01
ypRG80151720220127iO,20220127,E000086,鲜羊肉,新鲜去骨,74.89,41.14,48.55,27/1/2022 15:00:01
ntyx40165920220126Yb,20220126,E000086,鲜羊肉,新鲜去骨,75.2,41.14,48.55,26/1/2022 15:00:01
HqAD00157220220125vx,20220125,E000086,鲜羊肉,新鲜去骨,75.14,41.14,48.55,25/1/2022 15:00:01
boCQ60124720220124vK,20220124,E000086,鲜羊肉,新鲜去骨,74.58,41.14,48.55,24/1/2022 15:00:01
fUDP20112720220123Fe,20220123,E000086,鲜羊肉,新鲜去骨,74.58,41.14,48.68,23/1/2022 15:00:01
NYbv80110020220122ca,20220122,E000086,鲜羊肉,新鲜去骨,74.57,41.24,48.64,22/1/2022 15:00:01
OOHm40111720220121rs,20220121,E000086,鲜羊肉,新鲜去骨,74.77,41.24,48.64,21/1/2022 15:00:01
NUUX00108820220120XN,20220120,E000086,鲜羊肉,新鲜去骨,74.38,41.24,48.61,20/1/2022 15:00:01
ENsV60113620220119Dh,20220119,E000086,鲜羊肉,新鲜去骨,74.34,41.29,48.61,19/1/2022 15:00:01
DGqc20121720220118La,20220118,E000086,鲜羊肉,新鲜去骨,74.07,41.29,49.38,18/1/2022 15:00:01
OnCF80113820220117PT,20220117,E000086,鲜羊肉,新鲜去骨,74.07,41.29,49.34,17/1/2022 15:00:01
SBnO40107020220116Fv,20220116,E000086,鲜羊肉,新鲜去骨,74.15,41.24,49.29,16/1/2022 15:00:01
ivoP00108620220115hY,20220115,E000086,鲜羊肉,新鲜去骨,74.19,41.24,49.29,15/1/2022 15:00:01
EMsw60179620220114ux,20220114,E000086,鲜羊肉,新鲜去骨,74.07,41.24,49.29,14/1/2022 15:00:01
rBDe20111920220113LC,20220113,E000086,鲜羊肉,新鲜去骨,73.98,41.24,49.29,13/1/2022 15:00:01
SdUN80117720220112rS,20220112,E000086,鲜羊肉,新鲜去骨,73.93,41.24,49.15,12/1/2022 15:00:01
Lxys40121620220111dp,20220111,E000086,鲜羊肉,新鲜去骨,74.12,41.19,48.33,11/1/2022 15:00:01
Cuok00115820220110Ja,20220110,E000086,鲜羊肉,新鲜去骨,74.02,41.24,48.33,10/1/2022 15:00:01
nhpt60109920220109fn,20220109,E000086,鲜羊肉,新鲜去骨,74.02,41.19,48.19,9/1/2022 15:00:01
scEJ20113720220108tq,20220108,E000086,鲜羊肉,新鲜去骨,74.1,41.24,48.19,8/1/2022 15:00:01
tQVq80116320220107NX,20220107,E000086,鲜羊肉,新鲜去骨,74.13,41.24,48.19,7/1/2022 15:00:01
Vndt40114620220106Rm,20220106,E000086,鲜羊肉,新鲜去骨,73.86,41.24,48.19,6/1/2022 15:00:01
FsAl00119620220105uN,20220105,E000086,鲜羊肉,新鲜去骨,73.54,41.24,47.55,5/1/2022 15:00:01
uIxJ60121320220104wt,20220104,E000086,鲜羊肉,新鲜去骨,73.79,41.24,48.5,4/1/2022 15:00:01
VLii20107720220103Sw,20220103,E000086,鲜羊肉,新鲜去骨,74.11,41.24,48.41,3/1/2022 15:00:01
qhrI80110220220102vH,20220102,E000086,鲜羊肉,新鲜去骨,74.27,41.24,48.41,2/1/2022 15:00:01
pJIG40108120220101WY,20220101,E000086,鲜羊肉,新鲜去骨,74.23,41.24,48.64,1/1/2022 15:00:01
tlwu00107820211231EB,20211231,E000086,鲜羊肉,新鲜去骨,74.28,41.24,48.64,31/12/2021 15:00:01
oVIu60113120211230kA,20211230,E000086,鲜羊肉,新鲜去骨,74.13,41.24,48.64,30/12/2021 15:00:01
YKFh20113820211229Qx,20211229,E000086,鲜羊肉,新鲜去骨,74.02,41.24,48.64,29/12/2021 15:00:01
yWqd80113120211228rd,20211228,E000086,鲜羊肉,新鲜去骨,71.17,41.24,48.55,28/12/2021 15:00:01
QJfm40118820211227KF,20211227,E000086,鲜羊肉,新鲜去骨,71.05,41.24,48.55,27/12/2021 15:00:01
lIdB00120020211226tp,20211226,E000086,鲜羊肉,新鲜去骨,71.02,41.14,48.55,26/12/2021 15:00:01
HeuO60117820211225Ja,20211225,E000086,鲜羊肉,新鲜去骨,71.06,41.14,48.55,25/12/2021 15:00:01
Qssw20124620211224mW,20211224,E000086,鲜羊肉,新鲜去骨,71.12,41.14,48.55,24/12/2021 15:00:01
jrwV80126920211223qn,20211223,E000086,鲜羊肉,新鲜去骨,71.21,41.14,48.55,23/12/2021 15:00:01
uFVk40108320211222Fr,20211222,E000086,鲜羊肉,新鲜去骨,71.09,41.14,48.55,22/12/2021 15:00:01
Hcgh00109320211221KR,20211221,E000086,鲜羊肉,新鲜去骨,71.17,41.14,48.78,21/12/2021 15:00:01
mpME60107720211220jw,20211220,E000086,鲜羊肉,新鲜去骨,71.08,41.14,48.78,20/12/2021 15:00:01
xECL20106420211219yY,20211219,E000086,鲜羊肉,新鲜去骨,71.02,41.14,48.78,19/12/2021 15:00:01
aGVm80107520211218fY,20211218,E000086,鲜羊肉,新鲜去骨,70.85,41.1,48.78,18/12/2021 15:00:01
TkYc40120320211217Jj,20211217,E000086,鲜羊肉,新鲜去骨,71.06,41.1,48.78,17/12/2021 15:00:01
ehOy00125820211216LR,20211216,E000086,鲜羊肉,新鲜去骨,71.07,41.1,48.78,16/12/2021 15:00:01
MAuN60106820211215HF,20211215,E000086,鲜羊肉,新鲜去骨,71.24,41.1,48.78,15/12/2021 15:00:01
yuHu20154620211214bK,20211214,E000086,鲜羊肉,新鲜去骨,71.12,41.1,48.09,14/12/2021 15:00:01
YyeC80101820211213dV,20211213,E000086,鲜羊肉,新鲜去骨,71.07,41.1,48.56,13/12/2021 15:00:01
RmIX40108420211212hr,20211212,E000086,鲜羊肉,新鲜去骨,70.96,41.05,48.56,12/12/2021 15:00:01
Ptny19774520211211dg,20211211,E000086,鲜羊肉,新鲜去骨,70.99,41.05,48.56,11/12/2021 17:16:37
LQEH60115020211210iu,20211210,E000086,鲜羊肉,新鲜去骨,71.12,41.05,48.56,10/12/2021 15:00:01
DUWt20099920211209kP,20211209,E000086,鲜羊肉,新鲜去骨,71.15,41.05,48.56,9/12/2021 15:00:01
JgWI80091520211208yV,20211208,E000086,鲜羊肉,新鲜去骨,71.09,41.05,48.56,8/12/2021 15:00:00
kulq40108020211207fc,20211207,E000086,鲜羊肉,新鲜去骨,71.2,41.05,48.52,7/12/2021 15:00:01
HVCp00123620211206gU,20211206,E000086,鲜羊肉,新鲜去骨,71.03,41.05,48.52,6/12/2021 15:00:01
SOLQ60107120211205Wn,20211205,E000086,鲜羊肉,新鲜去骨,71.02,41.05,48.52,5/12/2021 15:00:01
sttn20108420211204XX,20211204,E000086,鲜羊肉,新鲜去骨,71.03,41,48.52,4/12/2021 15:00:01
ppsM80118220211203bt,20211203,E000086,鲜羊肉,新鲜去骨,71.32,40.95,48.52,3/12/2021 15:00:01
QBRM40171020211202or,20211202,E000086,鲜羊肉,新鲜去骨,71.51,40.95,48.52,2/12/2021 15:00:01
KStJ00089020211201IO,20211201,E000086,鲜羊肉,新鲜去骨,71.37,40.95,48.56,1/12/2021 15:00:00
buSn60134320211130bx,20211130,E000086,鲜羊肉,新鲜去骨,70.73,40.9,48.15,30/11/2021 15:00:01
hxHj20113020211129ME,20211129,E000086,鲜羊肉,新鲜去骨,70.8,40.95,48.15,29/11/2021 15:00:01
coUB80108020211128Gp,20211128,E000086,鲜羊肉,新鲜去骨,71.15,40.9,48.15,28/11/2021 15:00:01
rXBe40118820211127dl,20211127,E000086,鲜羊肉,新鲜去骨,71.13,40.9,48.15,27/11/2021 15:00:01
GyhA00119020211126Ad,20211126,E000086,鲜羊肉,新鲜去骨,71.14,40.9,48.15,26/11/2021 15:00:01
VhVs60163220211125BS,20211125,E000086,鲜羊肉,新鲜去骨,71.21,40.9,48.15,25/11/2021 15:00:01
DVkG20094920211124ML,20211124,E000086,鲜羊肉,新鲜去骨,71.08,40.95,48.19,24/11/2021 15:00:00
gPjY80112820211123Hf,20211123,E000086,鲜羊肉,新鲜去骨,70.62,40.9,48.37,23/11/2021 15:00:01
Lcpv40109620211122fU,20211122,E000086,鲜羊肉,新鲜去骨,70.79,40.9,48.37,22/11/2021 15:00:01
qIGy00095820211121sJ,20211121,E000086,鲜羊肉,新鲜去骨,70.8,40.86,48.37,21/11/2021 15:00:00
kmOQ60100920211120hB,20211120,E000086,鲜羊肉,新鲜去骨,70.75,40.86,48.5,20/11/2021 15:00:01
YPSv20098520211119Le,20211119,E000086,鲜羊肉,新鲜去骨,70.89,40.81,48.5,19/11/2021 15:00:01
WWlF80113220211118vN,20211118,E000086,鲜羊肉,新鲜去骨,70.88,40.86,48.77,18/11/2021 15:00:01
DIAe40111520211117xl,20211117,E000086,鲜羊肉,新鲜去骨,70.89,40.9,48.81,17/11/2021 15:00:01
swCK00108920211116uj,20211116,E000086,鲜羊肉,新鲜去骨,70.88,40.9,48.35,16/11/2021 15:00:01
slXi60114520211115aK,20211115,E000086,鲜羊肉,新鲜去骨,70.65,40.86,48.35,15/11/2021 15:00:01
EBBy20100820211114RJ,20211114,E000086,鲜羊肉,新鲜去骨,70.58,40.9,48.27,14/11/2021 15:00:01
uRjE80093720211113Ts,20211113,E000086,鲜羊肉,新鲜去骨,70.55,40.9,48.27,13/11/2021 15:00:00
VHyE40102220211112Vg,20211112,E000086,鲜羊肉,新鲜去骨,70.61,40.9,48.27,12/11/2021 15:00:01
uAHX00110120211111aw,20211111,E000086,鲜羊肉,新鲜去骨,70.61,40.9,48.27,11/11/2021 15:00:01
wogG60103020211110Sh,20211110,E000086,鲜羊肉,新鲜去骨,70.25,40.9,48.27,10/11/2021 15:00:01
ScVN20138020211109Nx,20211109,E000086,鲜羊肉,新鲜去骨,70.4,40.86,49.2,9/11/2021 15:00:01
UWfc80098920211108TA,20211108,E000086,鲜羊肉,新鲜去骨,70.39,40.86,49.2,8/11/2021 15:00:01
iKLn40101320211107ba,20211107,E000086,鲜羊肉,新鲜去骨,70.12,40.86,49.2,7/11/2021 15:00:01
vWNF00108320211106uQ,20211106,E000086,鲜羊肉,新鲜去骨,70.17,40.86,49.11,6/11/2021 15:00:01
YFSr60112820211105dw,20211105,E000086,鲜羊肉,新鲜去骨,70.18,40.86,49.11,5/11/2021 15:00:01
tqKu20107220211104Mc,20211104,E000086,鲜羊肉,新鲜去骨,70.12,40.86,49.11,4/11/2021 15:00:01
OUeD80098520211103OU,20211103,E000086,鲜羊肉,新鲜去骨,70.13,40.86,49.08,3/11/2021 15:00:01
VeOl40130420211102lI,20211102,E000086,鲜羊肉,新鲜去骨,70.12,40.86,47.97,2/11/2021 15:00:01
fLfE00115220211101uQ,20211101,E000086,鲜羊肉,新鲜去骨,70.1,40.86,47.97,1/11/2021 15:00:01
LdAQ60181420211031SJ,20211031,E000086,鲜羊肉,新鲜去骨,70.08,41,47.97,31/10/2021 15:00:01
USEW80121120211030Sd,20211030,E000086,鲜羊肉,新鲜去骨,70.05,41,47.97,30/10/2021 16:00:01
WdwJ99522420211029UH,20211029,E000086,鲜羊肉,新鲜去骨,70.08,40.8,47.84,29/10/2021 16:59:55
MAGJ00151020211028xN,20211028,E000086,鲜羊肉,新鲜去骨,70.14,40.8,47.53,28/10/2021 16:00:01
eshr60179120211027IL,20211027,E000086,鲜羊肉,新鲜去骨,70.12,40.8,47.45,27/10/2021 16:00:01
AHXS61915820211026UE,20211026,E000086,鲜羊肉,新鲜去骨,70.46,40.8,48.37,26/10/2021 20:00:19
tYoJ91845720211025kL,20211025,E000086,鲜羊肉,新鲜去骨,70.46,40.8,48.37,26/10/2021 18:08:38
OhcT91343120211024Hp,20211024,E000086,鲜羊肉,新鲜去骨,70.32,40.8,48.37,26/10/2021 18:08:33
Ftso90852320211023NY,20211023,E000086,鲜羊肉,新鲜去骨,70.23,40.85,48.37,26/10/2021 18:08:28
fLvA90350120211022bX,20211022,E000086,鲜羊肉,新鲜去骨,70.29,40.85,48.37,26/10/2021 18:08:23
rsqi89864720211021Wa,20211021,E000086,鲜羊肉,新鲜去骨,70.3,40.8,48.37,26/10/2021 18:08:18
iVSK89344120211020th,20211020,E000086,鲜羊肉,新鲜去骨,70.27,40.8,48.37,26/10/2021 18:08:13
UJuE88852920211019TU,20211019,E000086,鲜羊肉,新鲜去骨,70.35,40.85,47.16,26/10/2021 18:08:08
cbcB88323820211018FM,20211018,E000086,鲜羊肉,新鲜去骨,70.31,40.9,47.16,26/10/2021 18:08:03
YAGq87795820211017Bd,20211017,E000086,鲜羊肉,新鲜去骨,70.22,40.85,47.49,26/10/2021 18:07:57
uhoc87272420211016lU,20211016,E000086,鲜羊肉,新鲜去骨,70.25,40.85,47.49,26/10/2021 18:07:52
LWLn86776020211015cA,20211015,E000086,鲜羊肉,新鲜去骨,70.22,40.85,47.57,26/10/2021 18:07:47
XHIV86282520211014Sa,20211014,E000086,鲜羊肉,新鲜去骨,70.48,40.85,47.57,26/10/2021 18:07:42
TOcS85814720211013lR,20211013,E000086,鲜羊肉,新鲜去骨,70.48,40.85,47.57,26/10/2021 18:07:38
sQdO85318120211012Vy,20211012,E000086,鲜羊肉,新鲜去骨,70.48,40.85,47.66,26/10/2021 18:07:33
LHYT99810520211011nl,20211011,E000086,鲜羊肉,新鲜去骨,70.52,40.85,47.66,26/10/2021 19:16:38
pJIX84828420211010bA,20211010,E000086,鲜羊肉,新鲜去骨,70.55,40.85,47.88,26/10/2021 18:07:28
Vekt84342120211009TM,20211009,E000086,鲜羊肉,新鲜去骨,70.52,40.9,47.86,26/10/2021 18:07:23
NjVR83842620211008de,20211008,E000086,鲜羊肉,新鲜去骨,70.48,40.85,47.86,26/10/2021 18:07:18
Iqcn83353920211007aY,20211007,E000086,鲜羊肉,新鲜去骨,70.44,40.85,47.86,26/10/2021 18:07:13
LNDK82872520211006nq,20211006,E000086,鲜羊肉,新鲜去骨,70.47,40.85,48.13,26/10/2021 18:07:08
AQYL82334620211005NU,20211005,E000086,鲜羊肉,新鲜去骨,70.51,40.85,48.94,26/10/2021 18:07:03
NTSW81831220211004Ky,20211004,E000086,鲜羊肉,新鲜去骨,70.5,40.9,48.94,26/10/2021 18:06:58
qRjS81362620211003HY,20211003,E000086,鲜羊肉,新鲜去骨,70.47,40.9,48.94,26/10/2021 18:06:53
kMoF80884120211002YL,20211002,E000086,鲜羊肉,新鲜去骨,70.52,40.9,48.94,26/10/2021 18:06:48
cNMV80384020211001yD,20211001,E000086,鲜羊肉,新鲜去骨,70.39,40.9,48.94,26/10/2021 18:06:43
krKB79894720210930Rb,20210930,E000086,鲜羊肉,新鲜去骨,70.2,40.9,48.94,26/10/2021 18:06:38
Btpc79403120210929te,20210929,E000086,鲜羊肉,新鲜去骨,70.18,40.9,48.94,26/10/2021 18:06:34
GiTm78909520210928kn,20210928,E000086,鲜羊肉,新鲜去骨,70.47,41,47.95,26/10/2021 18:06:29
CJwx78441920210927ee,20210927,E000086,鲜羊肉,新鲜去骨,71.27,41,47.95,26/10/2021 18:06:24
nrqB77952320210926tu,20210926,E000086,鲜羊肉,新鲜去骨,71.22,40.95,47.95,26/10/2021 18:06:19
eePQ77486820210925Qh,20210925,E000086,鲜羊肉,新鲜去骨,71.81,41,48,26/10/2021 18:06:14
XGIQ77000820210924AY,20210924,E000086,鲜羊肉,新鲜去骨,71.93,41,47.97,26/10/2021 18:06:10
ReYG76500220210923iW,20210923,E000086,鲜羊肉,新鲜去骨,71.97,41,47.97,26/10/2021 18:06:05
cajI75987020210922kr,20210922,E000086,鲜羊肉,新鲜去骨,71.7,41.05,47.9,26/10/2021 18:05:59
tKxO75498920210921Sm,20210921,E000086,鲜羊肉,新鲜去骨,71.6,41.05,47.78,26/10/2021 18:05:55
iIGI74974620210920Ba,20210920,E000086,鲜羊肉,新鲜去骨,71.45,41.05,47.78,26/10/2021 18:05:49
SdpM74494320210919VK,20210919,E000086,鲜羊肉,新鲜去骨,71.38,41.05,47.78,26/10/2021 18:05:44
HMHX74011920210918CP,20210918,E000086,鲜羊肉,新鲜去骨,71.6,41.05,47.78,26/10/2021 18:05:40
wMlF73534020210917Ki,20210917,E000086,鲜羊肉,新鲜去骨,71.68,41.05,48.02,26/10/2021 18:05:35
JYDb73029020210916QT,20210916,E000086,鲜羊肉,新鲜去骨,71.69,41,48.02,26/10/2021 18:05:30
DTBF72552820210915hp,20210915,E000086,鲜羊肉,新鲜去骨,71.98,41.1,48.1,26/10/2021 18:05:25
nnNc72080620210914bI,20210914,E000086,鲜羊肉,新鲜去骨,72.25,41.1,49.06,26/10/2021 18:05:20
VKjw71598120210913TE,20210913,E000086,鲜羊肉,新鲜去骨,72.11,41.1,49.06,26/10/2021 18:05:15
rVJJ71121820210912Di,20210912,E000086,鲜羊肉,新鲜去骨,71.98,41.1,49.06,26/10/2021 18:05:11
VBND70616920210911mi,20210911,E000086,鲜羊肉,新鲜去骨,71.98,41.1,49.06,26/10/2021 18:05:06
Cvmm70092920210910iQ,20210910,E000086,鲜羊肉,新鲜去骨,71.98,41.1,49.06,26/10/2021 18:05:00
RDbN69604820210909Nc,20210909,E000086,鲜羊肉,新鲜去骨,72.41,41.1,49.06,26/10/2021 18:04:56
UTut69126420210908Hm,20210908,E000086,鲜羊肉,新鲜去骨,73.11,41.1,49.06,26/10/2021 18:04:51
AFrb68634620210907ry,20210907,E000086,鲜羊肉,新鲜去骨,73,41.1,49.06,26/10/2021 18:04:46
gwMr68161620210906jB,20210906,E000086,鲜羊肉,新鲜去骨,73.15,41.1,49.06,26/10/2021 18:04:41
UhgF67701520210905kH,20210905,E000086,鲜羊肉,新鲜去骨,73,41.1,49.06,26/10/2021 18:04:37
ohMD67206020210904NP,20210904,E000086,鲜羊肉,新鲜去骨,72.97,41.1,49.06,26/10/2021 18:04:32
aayi66727520210903bE,20210903,E000086,鲜羊肉,新鲜去骨,73.07,41.1,49.06,26/10/2021 18:04:27
ofgu66265320210902Jp,20210902,E000086,鲜羊肉,新鲜去骨,73.11,41.1,49.06,26/10/2021 18:04:22
MAew65774720210901nN,20210901,E000086,鲜羊肉,新鲜去骨,73.11,41.1,49.06,26/10/2021 18:04:17
NGgp65278720210831bT,20210831,E000086,鲜羊肉,新鲜去骨,73.11,41.15,49.06,26/10/2021 18:04:12
UOIW64789520210830Is,20210830,E000086,鲜羊肉,新鲜去骨,73.03,41.15,49.06,26/10/2021 18:04:07
sVvW64286320210829SW,20210829,E000086,鲜羊肉,新鲜去骨,72.91,41,49.06,26/10/2021 18:04:02
vfjm63785520210828ti,20210828,E000086,鲜羊肉,新鲜去骨,72.97,41,49.06,26/10/2021 18:03:57
sfKl63316120210827tY,20210827,E000086,鲜羊肉,新鲜去骨,67.64,41,49.06,26/10/2021 18:03:53
nupv62831120210826mh,20210826,E000086,鲜羊肉,新鲜去骨,68.74,41.05,49.06,26/10/2021 18:03:48
CDdD98641620210825de,20210825,E000086,鲜羊肉,新鲜去骨,68.15,41.05,49.06,26/10/2021 19:16:26
AdQH62358620210824vU,20210824,E000086,鲜羊肉,新鲜去骨,68.15,41.05,49.43,26/10/2021 18:03:43
hTXJ61879520210823Rg,20210823,E000086,鲜羊肉,新鲜去骨,67.5,41.05,49.43,26/10/2021 18:03:38
vwDK61369120210822XF,20210822,E000086,鲜羊肉,新鲜去骨,67.34,41,49.3,26/10/2021 18:03:33
XTww60880520210821yW,20210821,E000086,鲜羊肉,新鲜去骨,66.36,41,49.3,26/10/2021 18:03:28
KLTP60363820210820ud,20210820,E000086,鲜羊肉,新鲜去骨,66.6,41,49.3,26/10/2021 18:03:23
iWHT59860120210819io,20210819,E000086,鲜羊肉,新鲜去骨,67.19,41.1,49.3,26/10/2021 18:03:18
FFXh59377420210818qq,20210818,E000086,鲜羊肉,新鲜去骨,67.26,41.1,49.25,26/10/2021 18:03:13
Gsfw58828920210817Cg,20210817,E000086,鲜羊肉,新鲜去骨,67.12,41.1,48.93,26/10/2021 18:03:08
HRcg58276920210816ab,20210816,E000086,鲜羊肉,新鲜去骨,66.24,41.1,48.93,26/10/2021 18:03:02
HpVQ57766120210815sm,20210815,E000086,鲜羊肉,新鲜去骨,66.66,41.2,48.93,26/10/2021 18:02:57
qVgv57287320210814Ym,20210814,E000086,鲜羊肉,新鲜去骨,66.16,41.2,48.93,26/10/2021 18:02:52
gfku56806820210813WE,20210813,E000086,鲜羊肉,新鲜去骨,66.6,41.2,48.93,26/10/2021 18:02:48
PaCU56314920210812qH,20210812,E000086,鲜羊肉,新鲜去骨,67.05,41.2,48.93,26/10/2021 18:02:43
XkEx55821120210811DJ,20210811,E000086,鲜羊肉,新鲜去骨,67.12,41.25,48.93,26/10/2021 18:02:38
eyvp55344820210810Sn,20210810,E000086,鲜羊肉,新鲜去骨,67.63,41.3,48.93,26/10/2021 18:02:33
fJsc54874920210809FV,20210809,E000086,鲜羊肉,新鲜去骨,67.63,41.4,49.33,26/10/2021 18:02:28
QjOc54409420210808sj,20210808,E000086,鲜羊肉,新鲜去骨,66.22,41.4,49.33,26/10/2021 18:02:24
OhpE53946420210807Bv,20210807,E000086,鲜羊肉,新鲜去骨,65.69,41.4,49.38,26/10/2021 18:02:19
IdNs53476420210806Wq,20210806,E000086,鲜羊肉,新鲜去骨,66.77,41.35,49.24,26/10/2021 18:02:14
beAU52996520210805aW,20210805,E000086,鲜羊肉,新鲜去骨,67.06,41.35,49.58,26/10/2021 18:02:09
htUD52495220210804Ct,20210804,E000086,鲜羊肉,新鲜去骨,66.89,41.4,49.58,26/10/2021 18:02:04
wwGT51995420210803aj,20210803,E000086,鲜羊肉,新鲜去骨,66.78,41.4,49.97,26/10/2021 18:01:59
pNLH51514420210802Os,20210802,E000086,鲜羊肉,新鲜去骨,67.22,41.6,50.02,26/10/2021 18:01:55
QcbM51012420210801dM,20210801,E000086,鲜羊肉,新鲜去骨,66.14,41.7,50.02,26/10/2021 18:01:50
qhsQ50515020210731cG,20210731,E000086,鲜羊肉,新鲜去骨,66.37,41.7,50.02,26/10/2021 18:01:45
JJIH50042820210730aX,20210730,E000086,鲜羊肉,新鲜去骨,66.82,41.85,50.02,26/10/2021 18:01:40
yVls49549920210729mr,20210729,E000086,鲜羊肉,新鲜去骨,66.48,41.9,50.02,26/10/2021 18:01:35
MIIr49040620210728lX,20210728,E000086,鲜羊肉,新鲜去骨,66.82,42,50.02,26/10/2021 18:01:30
Jgvu48546620210727tI,20210727,E000086,鲜羊肉,新鲜去骨,67.91,42,50.02,26/10/2021 18:01:25
eLLr48066920210726HO,20210726,E000086,鲜羊肉,新鲜去骨,67.38,42.05,50.02,26/10/2021 18:01:20
ptSx47575820210725Uv,20210725,E000086,鲜羊肉,新鲜去骨,66.75,42.4,49.97,26/10/2021 18:01:15
JINA47098020210724Aj,20210724,E000086,鲜羊肉,新鲜去骨,66.53,42.4,49.97,26/10/2021 18:01:10
cske46607620210723Ym,20210723,E000086,鲜羊肉,新鲜去骨,66.82,42.45,49.97,26/10/2021 18:01:06
bouD46096320210722gt,20210722,E000086,鲜羊肉,新鲜去骨,67.47,42.45,50.02,26/10/2021 18:01:00
wXOk45601720210721mH,20210721,E000086,鲜羊肉,新鲜去骨,68.09,42.45,50.02,26/10/2021 18:00:56
ipFh45076220210720ur,20210720,E000086,鲜羊肉,新鲜去骨,68.36,42.5,50.07,26/10/2021 18:00:50
HChF44579020210719ll,20210719,E000086,鲜羊肉,新鲜去骨,67.84,42.55,50.16,26/10/2021 18:00:45
Avyl44067420210718GD,20210718,E000086,鲜羊肉,新鲜去骨,67.28,42.55,50.16,26/10/2021 18:00:40
Phmg43551020210717JW,20210717,E000086,鲜羊肉,新鲜去骨,67.33,42.55,50.16,26/10/2021 18:00:35
ipkN43041320210716vh,20210716,E000086,鲜羊肉,新鲜去骨,67.19,42.6,50.16,26/10/2021 18:00:30
cyRF42550120210715ER,20210715,E000086,鲜羊肉,新鲜去骨,68.67,42.6,50.16,26/10/2021 18:00:25
afmR42031420210714oC,20210714,E000086,鲜羊肉,新鲜去骨,68.78,42.6,49.76,26/10/2021 18:00:20
QFXv41523320210713ra,20210713,E000086,鲜羊肉,新鲜去骨,67.98,42.65,49.76,26/10/2021 18:00:15
RGtO40983620210712Oj,20210712,E000086,鲜羊肉,新鲜去骨,68.62,42.6,49.76,26/10/2021 18:00:09
jple40421420210711Tr,20210711,E000086,鲜羊肉,新鲜去骨,67.8,42.5,49.76,26/10/2021 18:00:04
HlfY39867820210710Pg,20210710,E000086,鲜羊肉,新鲜去骨,68.12,42.6,49.76,26/10/2021 17:59:58
sreM98174420210709dI,20210709,E000086,鲜羊肉,新鲜去骨,68.8,42.6,49.76,26/10/2021 19:16:21
iUHG39364920210708yo,20210708,E000086,鲜羊肉,新鲜去骨,69.14,42.6,49.76,26/10/2021 17:59:53
cBtK38862120210707QC,20210707,E000086,鲜羊肉,新鲜去骨,69.14,42.6,49.76,26/10/2021 17:59:48
gUPI38364620210706Yk,20210706,E000086,鲜羊肉,新鲜去骨,69.14,42.7,49.76,26/10/2021 17:59:43
vhna37879020210705RH,20210705,E000086,鲜羊肉,新鲜去骨,68.37,42.7,49.76,26/10/2021 17:59:38
IVQj37394820210704XM,20210704,E000086,鲜羊肉,新鲜去骨,67.82,42.7,49.76,26/10/2021 17:59:33
XYPF36909720210703hd,20210703,E000086,鲜羊肉,新鲜去骨,68.55,42.75,49.76,26/10/2021 17:59:29
SGBe36403520210702bF,20210702,E000086,鲜羊肉,新鲜去骨,68.67,42.75,49.76,26/10/2021 17:59:24
mXAa35880520210701Ev,20210701,E000086,鲜羊肉,新鲜去骨,69.28,42.85,49.76,26/10/2021 17:59:18
hWCG35374120210630qu,20210630,E000086,鲜羊肉,新鲜去骨,69.52,42.85,49.76,26/10/2021 17:59:13
BqPc34864020210629ln,20210629,E000086,鲜羊肉,新鲜去骨,69.48,42.85,49.76,26/10/2021 17:59:08
BGCr34359920210628os,20210628,E000086,鲜羊肉,新鲜去骨,68.87,42.85,49.76,26/10/2021 17:59:03
EFve33845820210627eK,20210627,E000086,鲜羊肉,新鲜去骨,69.2,43,49.76,26/10/2021 17:58:58
gWsn33336720210626DF,20210626,E000086,鲜羊肉,新鲜去骨,68.9,43,49.76,26/10/2021 17:58:53
Ures32850320210625bp,20210625,E000086,鲜羊肉,新鲜去骨,69.04,43,49.81,26/10/2021 17:58:48
wCII32330520210624dQ,20210624,E000086,鲜羊肉,新鲜去骨,68.93,43.05,49.81,26/10/2021 17:58:43
tWlA31857220210623aY,20210623,E000086,鲜羊肉,新鲜去骨,69.92,43.1,49.81,26/10/2021 17:58:38
aDss31379220210622Mk,20210622,E000086,鲜羊肉,新鲜去骨,69.11,43.3,50.29,26/10/2021 17:58:33
VnRG30892220210621Vs,20210621,E000086,鲜羊肉,新鲜去骨,68.16,43.6,50.38,26/10/2021 17:58:28
JnRW30358520210620Dl,20210620,E000086,鲜羊肉,新鲜去骨,68.9,43.85,50.43,26/10/2021 17:58:23
lXrN29860820210619ah,20210619,E000086,鲜羊肉,新鲜去骨,68.5,43.85,50.57,26/10/2021 17:58:18
vAXE29326620210618Ex,20210618,E000086,鲜羊肉,新鲜去骨,68.61,43.95,50.67,26/10/2021 17:58:13
OqNq28812220210617xi,20210617,E000086,鲜羊肉,新鲜去骨,69.2,43.95,50.67,26/10/2021 17:58:08
uywR28295220210616oD,20210616,E000086,鲜羊肉,新鲜去骨,68.56,44.1,50.67,26/10/2021 17:58:02
vIWH27760120210615iL,20210615,E000086,鲜羊肉,新鲜去骨,69.51,44.1,50.67,26/10/2021 17:57:57
tpLw27263220210614Op,20210614,E000086,鲜羊肉,新鲜去骨,68.25,44.2,50.67,26/10/2021 17:57:52
DRbt26786320210613AL,20210613,E000086,鲜羊肉,新鲜去骨,68.55,44.2,50.67,26/10/2021 17:57:47
DobG26282120210612OH,20210612,E000086,鲜羊肉,新鲜去骨,68.79,44.2,50.67,26/10/2021 17:57:42
PrsR25785120210611qA,20210611,E000086,鲜羊肉,新鲜去骨,69.68,44.2,50.67,26/10/2021 17:57:37
VxLB25276020210610Tp,20210610,E000086,鲜羊肉,新鲜去骨,71.56,44.2,50.67,26/10/2021 17:57:32
ogyL24791120210609ri,20210609,E000086,鲜羊肉,新鲜去骨,70.96,44.15,50.67,26/10/2021 17:57:27
qeuH24299220210608Hs,20210608,E000086,鲜羊肉,新鲜去骨,71.79,44.15,50.67,26/10/2021 17:57:23
cGJc23822420210607DO,20210607,E000086,鲜羊肉,新鲜去骨,70.66,44.15,50.83,26/10/2021 17:57:18
THby23337520210606cR,20210606,E000086,鲜羊肉,新鲜去骨,70.05,44.2,50.83,26/10/2021 17:57:13
UltW22844120210605MB,20210605,E000086,鲜羊肉,新鲜去骨,71.48,44.2,50.83,26/10/2021 17:57:08
gdrc22338120210604Xq,20210604,E000086,鲜羊肉,新鲜去骨,70.87,44.3,50.93,26/10/2021 17:57:03
mWKN21811420210603tt,20210603,E000086,鲜羊肉,新鲜去骨,70.51,44.3,51.07,26/10/2021 17:56:58
WfCh21303020210602Uk,20210602,E000086,鲜羊肉,新鲜去骨,70.43,44.3,51.07,26/10/2021 17:56:53
lcpf20809220210601tK,20210601,E000086,鲜羊肉,新鲜去骨,72.45,44.3,50.68,26/10/2021 17:56:48
nSeo20313120210531fe,20210531,E000086,鲜羊肉,新鲜去骨,71.71,44.25,50.63,26/10/2021 17:56:43
PaWy19821620210530Dg,20210530,E000086,鲜羊肉,新鲜去骨,70.95,44.3,50.63,26/10/2021 17:56:38
DXqE19326520210529FG,20210529,E000086,鲜羊肉,新鲜去骨,70.22,44.3,50.63,26/10/2021 17:56:33
pWsQ18830520210528pq,20210528,E000086,鲜羊肉,新鲜去骨,70,44.3,50.63,26/10/2021 17:56:28
KVOd18361520210527ms,20210527,E000086,鲜羊肉,新鲜去骨,70.83,44.35,50.63,26/10/2021 17:56:23
aFVe17866420210526nR,20210526,E000086,鲜羊肉,新鲜去骨,70.95,44.45,50.63,26/10/2021 17:56:18
pcFI17368620210525gO,20210525,E000086,鲜羊肉,新鲜去骨,70.95,44.45,50.63,26/10/2021 17:56:13
WcXl16851620210524cj,20210524,E000086,鲜羊肉,新鲜去骨,70.55,44.4,50.58,26/10/2021 17:56:08
Ndnm97706720210523uO,20210523,E000086,鲜羊肉,新鲜去骨,70.95,44.35,50.58,26/10/2021 19:16:17
YTBU16325020210522JC,20210522,E000086,鲜羊肉,新鲜去骨,70.29,44.35,50.62,26/10/2021 17:56:03
FGnJ15826620210521IC,20210521,E000086,鲜羊肉,新鲜去骨,70.52,44.4,50.62,26/10/2021 17:55:58
quQv15297520210520pv,20210520,E000086,鲜羊肉,新鲜去骨,70.29,44.4,50.62,26/10/2021 17:55:52
RWjl14782720210519Jr,20210519,E000086,鲜羊肉,新鲜去骨,72.59,44.4,50.62,26/10/2021 17:55:47
katj14268320210518Dm,20210518,E000086,鲜羊肉,新鲜去骨,70.75,44.4,50.62,26/10/2021 17:55:42
Vnax13764920210517fL,20210517,E000086,鲜羊肉,新鲜去骨,69.38,44.4,50.62,26/10/2021 17:55:37
pAim13249420210516OD,20210516,E000086,鲜羊肉,新鲜去骨,68.49,44.4,50.62,26/10/2021 17:55:32
tYne12732020210515Mm,20210515,E000086,鲜羊肉,新鲜去骨,70.04,44.35,50.62,26/10/2021 17:55:27
krPA12244420210514XV,20210514,E000086,鲜羊肉,新鲜去骨,73.55,44.35,50.62,26/10/2021 17:55:22
YeRP11718520210513xf,20210513,E000086,鲜羊肉,新鲜去骨,75.58,44.35,50.62,26/10/2021 17:55:17
ryqd11219220210512nK,20210512,E000086,鲜羊肉,新鲜去骨,75.58,44.35,50.86,26/10/2021 17:55:12
eprJ10640220210511xS,20210511,E000086,鲜羊肉,新鲜去骨,74.46,44.35,50.86,26/10/2021 17:55:06
Ghvd10095820210510RE,20210510,E000086,鲜羊肉,新鲜去骨,74.22,44.45,50.87,26/10/2021 17:55:00
BKUI09585520210509El,20210509,E000086,鲜羊肉,新鲜去骨,73.79,44.4,50.91,26/10/2021 17:54:55
ajtL09098420210508fK,20210508,E000086,鲜羊肉,新鲜去骨,74.18,44.4,50.91,26/10/2021 17:54:51
Utyj08599620210507yB,20210507,E000086,鲜羊肉,新鲜去骨,73.67,44.5,50.91,26/10/2021 17:54:46
rHaf08109320210506JX,20210506,E000086,鲜羊肉,新鲜去骨,74.56,44.5,50.91,26/10/2021 17:54:41
OnsV07601520210505Lw,20210505,E000086,鲜羊肉,新鲜去骨,72.61,44.5,50.91,26/10/2021 17:54:36
Jcpp07084620210504DD,20210504,E000086,鲜羊肉,新鲜去骨,71.85,44.55,50.82,26/10/2021 17:54:30
kksq06585420210503gL,20210503,E000086,鲜羊肉,新鲜去骨,72.57,44.55,50.82,26/10/2021 17:54:25
XOhY06112020210502Pb,20210502,E000086,鲜羊肉,新鲜去骨,72.23,44.55,50.82,26/10/2021 17:54:21
wCcm05618620210501aH,20210501,E000086,鲜羊肉,新鲜去骨,72.07,44.55,50.82,26/10/2021 17:54:16
EDYH05141220210430Ox,20210430,E000086,鲜羊肉,新鲜去骨,72.88,44.55,50.82,26/10/2021 17:54:11
bPJj04631020210429lF,20210429,E000086,鲜羊肉,新鲜去骨,72.89,44.6,50.82,26/10/2021 17:54:06
SpMG04116620210428gV,20210428,E000086,鲜羊肉,新鲜去骨,73.79,44.65,50.82,26/10/2021 17:54:01
hDSn03617820210427IN,20210427,E000086,鲜羊肉,新鲜去骨,74.34,44.55,50.61,26/10/2021 17:53:56
XOCs03119820210426Yj,20210426,E000086,鲜羊肉,新鲜去骨,72.74,44.6,50.61,26/10/2021 17:53:51
dsgC02612220210425rO,20210425,E000086,鲜羊肉,新鲜去骨,72.74,44.6,50.61,26/10/2021 17:53:46
hrLW02130620210424af,20210424,E000086,鲜羊肉,新鲜去骨,72.53,44.6,50.61,26/10/2021 17:53:41
Acpp01645120210423Ba,20210423,E000086,鲜羊肉,新鲜去骨,73.05,44.6,50.61,26/10/2021 17:53:36
XxYv01136320210422sj,20210422,E000086,鲜羊肉,新鲜去骨,72.52,44.6,50.61,26/10/2021 17:53:31
hOpn00649920210421un,20210421,E000086,鲜羊肉,新鲜去骨,72.67,44.6,50.61,26/10/2021 17:53:26
iRgN00104420210420wF,20210420,E000086,鲜羊肉,新鲜去骨,73.53,44.6,50.61,26/10/2021 17:53:21
PmgD99584320210419JY,20210419,E000086,鲜羊肉,新鲜去骨,73.1,44.6,50.74,26/10/2021 17:53:15
XKmv99056020210418lh,20210418,E000086,鲜羊肉,新鲜去骨,72.67,44.6,50.74,26/10/2021 17:53:10
wBmW98530020210417Kr,20210417,E000086,鲜羊肉,新鲜去骨,72.1,44.6,50.74,26/10/2021 17:53:05
EJGL98012320210416XD,20210416,E000086,鲜羊肉,新鲜去骨,73.37,44.6,50.74,26/10/2021 17:53:00
HFPd97509720210415vr,20210415,E000086,鲜羊肉,新鲜去骨,73.53,44.6,50.74,26/10/2021 17:52:55
lrON97012720210414Aq,20210414,E000086,鲜羊肉,新鲜去骨,73.68,44.65,50.74,26/10/2021 17:52:50
LwPJ96531920210413As,20210413,E000086,鲜羊肉,新鲜去骨,73.83,44.65,50.74,26/10/2021 17:52:45
HPbJ96055120210412nO,20210412,E000086,鲜羊肉,新鲜去骨,71.54,44.55,50.74,26/10/2021 17:52:40
fKyX95569820210411ff,20210411,E000086,鲜羊肉,新鲜去骨,72.99,44.55,50.74,26/10/2021 17:52:35
XWYA95029320210410nv,20210410,E000086,鲜羊肉,新鲜去骨,73.14,44.55,50.74,26/10/2021 17:52:30
lNMT94515920210409YJ,20210409,E000086,鲜羊肉,新鲜去骨,75.64,44.55,50.74,26/10/2021 17:52:25
djSi94018920210408nk,20210408,E000086,鲜羊肉,新鲜去骨,73.11,44.55,50.74,26/10/2021 17:52:20
DlbJ93514320210407LV,20210407,E000086,鲜羊肉,新鲜去骨,73.73,44.5,50.76,26/10/2021 17:52:15
tTKs97242820210406SH,20210406,E000086,鲜羊肉,新鲜去骨,73.14,44.5,50.76,26/10/2021 19:16:12
Irav92985220210405Ua,20210405,E000086,鲜羊肉,新鲜去骨,74.05,44.55,50.76,26/10/2021 17:52:09
TKXw92433020210404nl,20210404,E000086,鲜羊肉,新鲜去骨,72.31,44.55,50.76,26/10/2021 17:52:04
uKht91910920210403IB,20210403,E000086,鲜羊肉,新鲜去骨,72.99,44.55,50.76,26/10/2021 17:51:59
OfnP91414420210402Dj,20210402,E000086,鲜羊肉,新鲜去骨,72.99,44.25,50.76,26/10/2021 17:51:54
kHqe90907720210401Ab,20210401,E000086,鲜羊肉,新鲜去骨,73.14,44.2,50.76,26/10/2021 17:51:49
aUBt90398020210331lT,20210331,E000086,鲜羊肉,新鲜去骨,73.73,44.35,50.8,26/10/2021 17:51:44
WPaG89895120210330jj,20210330,E000086,鲜羊肉,新鲜去骨,73.54,44.35,50.8,26/10/2021 17:51:38
hhMf89377520210329ch,20210329,E000086,鲜羊肉,新鲜去骨,74.27,44.35,50.8,26/10/2021 17:51:33
CSni88866520210328Sb,20210328,E000086,鲜羊肉,新鲜去骨,73.79,44.35,50.51,26/10/2021 17:51:28
XjLe88381620210327Dj,20210327,E000086,鲜羊肉,新鲜去骨,71.06,44.35,50.44,26/10/2021 17:51:23
WPIS87909120210326Rh,20210326,E000086,鲜羊肉,新鲜去骨,71.14,44.35,50.44,26/10/2021 17:51:19
ImUv87402320210325Fw,20210325,E000086,鲜羊肉,新鲜去骨,72,44.4,50.35,26/10/2021 17:51:14
nybx86927820210324hw,20210324,E000086,鲜羊肉,新鲜去骨,73.26,44.4,50.24,26/10/2021 17:51:09
eeNq86409820210323hn,20210323,E000086,鲜羊肉,新鲜去骨,73.31,44.35,50.15,26/10/2021 17:51:04
mHiC85890220210322IU,20210322,E000086,鲜羊肉,新鲜去骨,73.52,44.4,50.15,26/10/2021 17:50:58
vpqe85383920210321vp,20210321,E000086,鲜羊肉,新鲜去骨,71.04,44.4,50.15,26/10/2021 17:50:53
DFLh84842220210320fY,20210320,E000086,鲜羊肉,新鲜去骨,72.73,44.4,50.15,26/10/2021 17:50:48
BhNJ84344420210319pw,20210319,E000086,鲜羊肉,新鲜去骨,71.82,44.45,50.15,26/10/2021 17:50:43
gITe83849720210318RL,20210318,E000086,鲜羊肉,新鲜去骨,73.85,44.45,50.11,26/10/2021 17:50:38
SbHK83352420210317BE,20210317,E000086,鲜羊肉,新鲜去骨,72.67,44.45,50.11,26/10/2021 17:50:33
uWAe82861320210316wm,20210316,E000086,鲜羊肉,新鲜去骨,71.69,44.4,50.49,26/10/2021 17:50:28
iJkW82383620210315vT,20210315,E000086,鲜羊肉,新鲜去骨,68.4,44.45,50.49,26/10/2021 17:50:23
bIAJ81908620210314LW,20210314,E000086,鲜羊肉,新鲜去骨,73.53,44.4,50.67,26/10/2021 17:50:19
exvu81415420210313tR,20210313,E000086,鲜羊肉,新鲜去骨,70.35,44.4,50.67,26/10/2021 17:50:14
rsuO80938520210312og,20210312,E000086,鲜羊肉,新鲜去骨,73.64,44.4,50.53,26/10/2021 17:50:09
xPwJ80425320210311Pw,20210311,E000086,鲜羊肉,新鲜去骨,70.59,44.4,50.25,26/10/2021 17:50:04
asvs79888020210310CN,20210310,E000086,鲜羊肉,新鲜去骨,71.33,44.6,50.25,26/10/2021 17:49:58
kcbt79396020210309ax,20210309,E000086,鲜羊肉,新鲜去骨,73.5,44.75,50.66,26/10/2021 17:49:53
UwPu78901420210308gA,20210308,E000086,鲜羊肉,新鲜去骨,72.3,44.75,50.66,26/10/2021 17:49:49
nmYd78386720210307pw,20210307,E000086,鲜羊肉,新鲜去骨,70.47,44.75,50.66,26/10/2021 17:49:43
FCVs77889220210306Jt,20210306,E000086,鲜羊肉,新鲜去骨,71.2,44.7,50.66,26/10/2021 17:49:38
Cbop77422220210305rj,20210305,E000086,鲜羊肉,新鲜去骨,72.13,44.7,50.66,26/10/2021 17:49:34
rYUX76928920210304tX,20210304,E000086,鲜羊肉,新鲜去骨,71.81,44.7,50.66,26/10/2021 17:49:29
mjha76459820210303dU,20210303,E000086,鲜羊肉,新鲜去骨,71.58,44.7,50.66,26/10/2021 17:49:24
ByaM75987220210302Xw,20210302,E000086,鲜羊肉,新鲜去骨,72.57,44.6,49.11,26/10/2021 17:49:19
UvvN75522020210301DC,20210301,E000086,鲜羊肉,新鲜去骨,74.09,44.5,49.24,26/10/2021 17:49:15
iLSV75048220210228WA,20210228,E000086,鲜羊肉,新鲜去骨,71.54,44.5,49.24,26/10/2021 17:49:10
Ugca74551620210227pk,20210227,E000086,鲜羊肉,新鲜去骨,71.5,44.55,49.24,26/10/2021 17:49:05
Alnf74030920210226je,20210226,E000086,鲜羊肉,新鲜去骨,71.5,44.55,49.12,26/10/2021 17:49:00
rLVH73540920210225TT,20210225,E000086,鲜羊肉,新鲜去骨,74.21,44.45,49.36,26/10/2021 17:48:55
hEMK73044520210224lW,20210224,E000086,鲜羊肉,新鲜去骨,72.48,44.4,49.32,26/10/2021 17:48:50
gsqm72541220210223CL,20210223,E000086,鲜羊肉,新鲜去骨,73.57,44.45,50.03,26/10/2021 17:48:45
Iqnl72045320210222VL,20210222,E000086,鲜羊肉,新鲜去骨,71.6,44.55,50.03,26/10/2021 17:48:40
pmro71570020210221yG,20210221,E000086,鲜羊肉,新鲜去骨,72.69,44.25,49.84,26/10/2021 17:48:35
HemM71023320210220Bo,20210220,E000086,鲜羊肉,新鲜去骨,76.09,44.25,49.93,26/10/2021 17:48:30
VcRP70539520210219tD,20210219,E000086,鲜羊肉,新鲜去骨,73.38,44.26,50,26/10/2021 17:48:25
JPDB96763120210218AH,20210218,E000086,鲜羊肉,新鲜去骨,75.92,44.47,49.98,26/10/2021 19:16:07
kdQp70081820210217nv,20210217,E000086,鲜羊肉,新鲜去骨,,44.5,50.48,26/10/2021 17:48:20
lTyU69612120210216VX,20210216,E000086,鲜羊肉,新鲜去骨,68,44.45,49.66,26/10/2021 17:48:16
iwiF69155920210215as,20210215,E000086,鲜羊肉,新鲜去骨,,44.45,49.42,26/10/2021 17:48:11
NPXy68679220210214Ok,20210214,E000086,鲜羊肉,新鲜去骨,,44.7,49.64,26/10/2021 17:48:06
IGXL68213720210213nY,20210213,E000086,鲜羊肉,新鲜去骨,,44.89,49.66,26/10/2021 17:48:02
PGpP67758220210212JX,20210212,E000086,鲜羊肉,新鲜去骨,,44.63,49.84,26/10/2021 17:47:57
dIYY67317320210211xK,20210211,E000086,鲜羊肉,新鲜去骨,68.34,44,49.85,26/10/2021 17:47:53
bIhs66870620210210SS,20210210,E000086,鲜羊肉,新鲜去骨,68.34,43.8,49.68,26/10/2021 17:47:48
CJXX66396620210209AV,20210209,E000086,鲜羊肉,新鲜去骨,70.21,43.9,49.38,26/10/2021 17:47:43
mfEn65913520210208ot,20210208,E000086,鲜羊肉,新鲜去骨,67.36,43.85,49.07,26/10/2021 17:47:39
pUWF65449420210207Uk,20210207,E000086,鲜羊肉,新鲜去骨,67.6,43.85,49.07,26/10/2021 17:47:34
avFl64971620210206qB,20210206,E000086,鲜羊肉,新鲜去骨,67.74,43.75,49.07,26/10/2021 17:47:29
pQBs64478620210205mk,20210205,E000086,鲜羊肉,新鲜去骨,67.59,43.75,48.82,26/10/2021 17:47:24
NrpX64005520210204OO,20210204,E000086,鲜羊肉,新鲜去骨,68.14,43.84,48.82,26/10/2021 17:47:20
kNCf63517120210203nW,20210203,E000086,鲜羊肉,新鲜去骨,67.44,43.84,48.65,26/10/2021 17:47:15
tVEO63041320210202ed,20210202,E000086,鲜羊肉,新鲜去骨,67.19,43.89,48.6,26/10/2021 17:47:10
POVm62524520210201wf,20210201,E000086,鲜羊肉,新鲜去骨,68.59,43.89,48.38,26/10/2021 17:47:05
lFrw62043820210131qQ,20210131,E000086,鲜羊肉,新鲜去骨,68.61,43.89,48.38,26/10/2021 17:47:00
aMge61578020210130fD,20210130,E000086,鲜羊肉,新鲜去骨,68.39,43.89,48.38,26/10/2021 17:46:55
Afog61095720210129pU,20210129,E000086,鲜羊肉,新鲜去骨,68.5,43.84,48.34,26/10/2021 17:46:50
kcKL60606620210128ED,20210128,E000086,鲜羊肉,新鲜去骨,68.24,43.89,48.34,26/10/2021 17:46:46
UraK60129720210127CH,20210127,E000086,鲜羊肉,新鲜去骨,69.41,43.89,48.34,26/10/2021 17:46:41
CXYq59668120210126cF,20210126,E000086,鲜羊肉,新鲜去骨,69.14,43.89,48.51,26/10/2021 17:46:36
tyes59193420210125Ck,20210125,E000086,鲜羊肉,新鲜去骨,69.28,43.89,48.51,26/10/2021 17:46:31
RljE58708120210124mX,20210124,E000086,鲜羊肉,新鲜去骨,68.49,43.84,48.66,26/10/2021 17:46:27
qRYd58229920210123Ct,20210123,E000086,鲜羊肉,新鲜去骨,68.65,44.11,48.66,26/10/2021 17:46:22
wWjx57751320210122YN,20210122,E000086,鲜羊肉,新鲜去骨,67.96,44.05,48.66,26/10/2021 17:46:17
XgIC57290020210121Oh,20210121,E000086,鲜羊肉,新鲜去骨,67.77,43.89,48.66,26/10/2021 17:46:12
VNmB56780220210120vj,20210120,E000086,鲜羊肉,新鲜去骨,68.61,43.85,48.59,26/10/2021 17:46:07
fHiK56259420210119JS,20210119,E000086,鲜羊肉,新鲜去骨,68.31,43.7,48.32,26/10/2021 17:46:02
OfUT55772620210118ri,20210118,E000086,鲜羊肉,新鲜去骨,67.38,43.7,48.43,26/10/2021 17:45:57
sofW55303520210117Co,20210117,E000086,鲜羊肉,新鲜去骨,68.19,43.7,48.43,26/10/2021 17:45:53
bNXQ54827020210116aC,20210116,E000086,鲜羊肉,新鲜去骨,68.17,43.32,48.43,26/10/2021 17:45:48
HIiL54368320210115Ql,20210115,E000086,鲜羊肉,新鲜去骨,66.69,43.42,48.43,26/10/2021 17:45:43
DQFC53889020210114lM,20210114,E000086,鲜羊肉,新鲜去骨,67.42,43.16,48.43,26/10/2021 17:45:38
mLbQ53416920210113rd,20210113,E000086,鲜羊肉,新鲜去骨,67.04,42.84,48.43,26/10/2021 17:45:34
LSOx52917120210112HU,20210112,E000086,鲜羊肉,新鲜去骨,67.56,42.74,48.24,26/10/2021 17:45:29
jAaJ52444220210111fK,20210111,E000086,鲜羊肉,新鲜去骨,67.91,42.74,48.24,26/10/2021 17:45:24
rQqC51953520210110WN,20210110,E000086,鲜羊肉,新鲜去骨,65.24,42.74,48.24,26/10/2021 17:45:19
FLWp51486820210109bl,20210109,E000086,鲜羊肉,新鲜去骨,65.85,42.79,48.24,26/10/2021 17:45:14
rkJR50989420210108ht,20210108,E000086,鲜羊肉,新鲜去骨,65.64,42.53,48.39,26/10/2021 17:45:09
Iduy50472220210107Wp,20210107,E000086,鲜羊肉,新鲜去骨,66.08,42.32,48.39,26/10/2021 17:45:04
nJpv49948120210106Jd,20210106,E000086,鲜羊肉,新鲜去骨,66.41,42.16,48.25,26/10/2021 17:44:59
KMWL49449820210105pc,20210105,E000086,鲜羊肉,新鲜去骨,66.52,42.05,49.2,26/10/2021 17:44:54
dinW48936020210104SH,20210104,E000086,鲜羊肉,新鲜去骨,65.2,42.05,49.2,26/10/2021 17:44:49
CirH48413020210103KJ,20210103,E000086,鲜羊肉,新鲜去骨,64.95,42.11,49.34,26/10/2021 17:44:44
tdFk47904920210102TG,20210102,E000086,鲜羊肉,新鲜去骨,65.79,42.11,49.34,26/10/2021 17:44:39
cpUL47418520210101qN,20210101,E000086,鲜羊肉,新鲜去骨,65.7,42.16,49.34,26/10/2021 17:44:34
kaiA25715120201231tR,20201231,E000086,鲜羊肉,新鲜去骨,65.95,42.21,49.34,26/10/2021 17:40:57
DuOk25217920201230Ej,20201230,E000086,鲜羊肉,新鲜去骨,66.09,42.11,49.25,26/10/2021 17:40:52
olcK24716320201229YA,20201229,E000086,鲜羊肉,新鲜去骨,65.86,42.11,49.25,26/10/2021 17:40:47
RxJi24223320201228ii,20201228,E000086,鲜羊肉,新鲜去骨,65.52,42,49.11,26/10/2021 17:40:42
tGdh23730420201227mf,20201227,E000086,鲜羊肉,新鲜去骨,65.98,41.63,49.11,26/10/2021 17:40:37
BlVp23261020201226Ld,20201226,E000086,鲜羊肉,新鲜去骨,65.67,41.63,49.11,26/10/2021 17:40:32
BbuT22775220201225nf,20201225,E000086,鲜羊肉,新鲜去骨,66.29,41.74,49.11,26/10/2021 17:40:27
bDxB22294420201224lp,20201224,E000086,鲜羊肉,新鲜去骨,66.41,41.74,49.11,26/10/2021 17:40:22
eYRm21810020201223Lt,20201223,E000086,鲜羊肉,新鲜去骨,66.08,41.47,49.11,26/10/2021 17:40:18
nqTg21327720201222wj,20201222,E000086,鲜羊肉,新鲜去骨,65.92,41.47,48.97,26/10/2021 17:40:13
Lnhv20827820201221VK,20201221,E000086,鲜羊肉,新鲜去骨,65.74,41.42,48.97,26/10/2021 17:40:08
COSY20268320201220HA,20201220,E000086,鲜羊肉,新鲜去骨,65.81,40.95,48.97,26/10/2021 17:40:02
HXBL19736820201219uP,20201219,E000086,鲜羊肉,新鲜去骨,65.33,40.95,48.97,26/10/2021 17:39:57
UFxK19242120201218np,20201218,E000086,鲜羊肉,新鲜去骨,65.55,40.47,48.96,26/10/2021 17:39:52
gGrh18760820201217yS,20201217,E000086,鲜羊肉,新鲜去骨,66.18,40.32,48.96,26/10/2021 17:39:47
Ckkb18290720201216Ed,20201216,E000086,鲜羊肉,新鲜去骨,65.22,40.16,48.68,26/10/2021 17:39:42
KljA17795320201215EJ,20201215,E000086,鲜羊肉,新鲜去骨,64.46,40.11,48.68,26/10/2021 17:39:37
Cctc17308620201214Fg,20201214,E000086,鲜羊肉,新鲜去骨,61.7,40.11,48.68,26/10/2021 17:39:33
OLgx16823320201213Qy,20201213,E000086,鲜羊肉,新鲜去骨,61.75,39.95,48.68,26/10/2021 17:39:28
HELO16361220201212NR,20201212,E000086,鲜羊肉,新鲜去骨,61.55,39.95,48.68,26/10/2021 17:39:23
TMea15889520201211jA,20201211,E000086,鲜羊肉,新鲜去骨,61.69,39.95,48.68,26/10/2021 17:39:18
kPCH15425620201210iw,20201210,E000086,鲜羊肉,新鲜去骨,61.3,39.79,48.68,26/10/2021 17:39:14
soqo14948620201209YV,20201209,E000086,鲜羊肉,新鲜去骨,63.52,39.79,48.68,26/10/2021 17:39:09
RVyi14382620201208Pi,20201208,E000086,鲜羊肉,新鲜去骨,62.28,39.79,49.21,26/10/2021 17:39:03
fYOU13872920201207fq,20201207,E000086,鲜羊肉,新鲜去骨,61.23,39.79,49.21,26/10/2021 17:38:58
IcSt13301720201206hW,20201206,E000086,鲜羊肉,新鲜去骨,62.06,39.74,49.5,26/10/2021 17:38:53
EqYu12819220201205pI,20201205,E000086,鲜羊肉,新鲜去骨,61.77,39.74,49.5,26/10/2021 17:38:48
FDCD12334020201204Xk,20201204,E000086,鲜羊肉,新鲜去骨,62.59,39.74,49.5,26/10/2021 17:38:43
EinN11859920201203LH,20201203,E000086,鲜羊肉,新鲜去骨,62.14,39.53,49.5,26/10/2021 17:38:38
DWaa11382620201202Qi,20201202,E000086,鲜羊肉,新鲜去骨,61.65,39.47,49.5,26/10/2021 17:38:33
hYvv10898320201201Qk,20201201,E000086,鲜羊肉,新鲜去骨,61.94,39.42,49.5,26/10/2021 17:38:29
rUdM10427720201130Le,20201130,E000086,鲜羊肉,新鲜去骨,59.59,39.42,49.64,26/10/2021 17:38:24
HfTc09947220201129lT,20201129,E000086,鲜羊肉,新鲜去骨,58.59,39.58,49.4,26/10/2021 17:38:19
SHNi09465920201128Ky,20201128,E000086,鲜羊肉,新鲜去骨,58.83,39.37,49.4,26/10/2021 17:38:14
vOwP93784120201127ON,20201127,E000086,鲜羊肉,新鲜去骨,59.19,39.37,49.4,26/10/2021 19:15:37
EHGn08982720201126Jv,20201126,E000086,鲜羊肉,新鲜去骨,58.62,39.37,49.4,26/10/2021 17:38:09
wYQU08483420201125lO,20201125,E000086,鲜羊肉,新鲜去骨,57.86,39.32,49.4,26/10/2021 17:38:04
iEBn07977220201124fa,20201124,E000086,鲜羊肉,新鲜去骨,57.79,39.32,49.4,26/10/2021 17:37:59
DwAU07490420201123Ud,20201123,E000086,鲜羊肉,新鲜去骨,57.98,39.37,49.4,26/10/2021 17:37:54
OjlM07004920201122qj,20201122,E000086,鲜羊肉,新鲜去骨,57.83,39.37,49.4,26/10/2021 17:37:50
etln06511220201121LD,20201121,E000086,鲜羊肉,新鲜去骨,57.92,39.37,49.4,26/10/2021 17:37:45
bJfJ05990520201120VL,20201120,E000086,鲜羊肉,新鲜去骨,58.8,39.37,49.4,26/10/2021 17:37:39
HiaF05467020201119YB,20201119,E000086,鲜羊肉,新鲜去骨,58.16,39.37,49.35,26/10/2021 17:37:34
gcyI04958920201118jf,20201118,E000086,鲜羊肉,新鲜去骨,58.07,39.37,49.35,26/10/2021 17:37:29
iUPE04492520201117qO,20201117,E000086,鲜羊肉,新鲜去骨,58.14,39.37,49.35,26/10/2021 17:37:24
yJgj04028920201116Wc,20201116,E000086,鲜羊肉,新鲜去骨,57.68,39.37,49.35,26/10/2021 17:37:20
aXUR03533920201115sf,20201115,E000086,鲜羊肉,新鲜去骨,57.9,39.42,49.35,26/10/2021 17:37:15
ymHL03011220201114Bb,20201114,E000086,鲜羊肉,新鲜去骨,57.05,39.42,49.35,26/10/2021 17:37:10
ydeS02478020201113IJ,20201113,E000086,鲜羊肉,新鲜去骨,57.66,39.42,49.35,26/10/2021 17:37:04
mLmU01932620201112tr,20201112,E000086,鲜羊肉,新鲜去骨,57.62,39.42,49.45,26/10/2021 17:36:59
aHsj01395420201111rS,20201111,E000086,鲜羊肉,新鲜去骨,58.98,39.37,49.45,26/10/2021 17:36:53
McUg00897520201110Gs,20201110,E000086,鲜羊肉,新鲜去骨,58.52,39.37,49.1,26/10/2021 17:36:48
SyfP00410720201109fd,20201109,E000086,鲜羊肉,新鲜去骨,57.45,39.37,49.33,26/10/2021 17:36:44
xcAf99926720201108QW,20201108,E000086,鲜羊肉,新鲜去骨,57.11,39.37,49.33,26/10/2021 17:36:39
GJRC99426920201107Ym,20201107,E000086,鲜羊肉,新鲜去骨,57.38,39.37,49.33,26/10/2021 17:36:34
BdvV98918520201106MQ,20201106,E000086,鲜羊肉,新鲜去骨,57.95,39.37,49.33,26/10/2021 17:36:29
YmlJ98424420201105Xa,20201105,E000086,鲜羊肉,新鲜去骨,57.38,39.37,49.33,26/10/2021 17:36:24
HtgL97898720201104kO,20201104,E000086,鲜羊肉,新鲜去骨,57.85,39.37,49.33,26/10/2021 17:36:19
vbIY97409820201103sg,20201103,E000086,鲜羊肉,新鲜去骨,57.58,39.37,49.11,26/10/2021 17:36:14
WQln96927420201102uy,20201102,E000086,鲜羊肉,新鲜去骨,57.04,39.37,49.29,26/10/2021 17:36:09
asLl96427320201101dh,20201101,E000086,鲜羊肉,新鲜去骨,57.13,39.37,49.29,26/10/2021 17:36:04
fEnH95917920201031JM,20201031,E000086,鲜羊肉,新鲜去骨,57.33,39.37,49.29,26/10/2021 17:35:59
EOJt95432220201030nv,20201030,E000086,鲜羊肉,新鲜去骨,57.65,39.37,49.29,26/10/2021 17:35:54
TyLl94951920201029wG,20201029,E000086,鲜羊肉,新鲜去骨,57.51,39.32,49.29,26/10/2021 17:35:49
Qtil94468320201028Pd,20201028,E000086,鲜羊肉,新鲜去骨,56.57,39.32,49.29,26/10/2021 17:35:44
SJNa93999420201027sM,20201027,E000086,鲜羊肉,新鲜去骨,57.81,39.32,49.8,26/10/2021 17:35:40
tLUt93510920201026Ve,20201026,E000086,鲜羊肉,新鲜去骨,57.68,39.32,49.8,26/10/2021 17:35:35
mydN93005220201025qc,20201025,E000086,鲜羊肉,新鲜去骨,57.43,39.32,49.8,26/10/2021 17:35:30
QdMa92513720201024qX,20201024,E000086,鲜羊肉,新鲜去骨,58.02,39.32,49.8,26/10/2021 17:35:25
uEVH92017720201023ja,20201023,E000086,鲜羊肉,新鲜去骨,58.24,39.32,49.8,26/10/2021 17:35:20
vflF91530720201022Av,20201022,E000086,鲜羊肉,新鲜去骨,58.45,39.37,49.8,26/10/2021 17:35:15
gvTV91029420201021UB,20201021,E000086,鲜羊肉,新鲜去骨,57.4,39.37,50.26,26/10/2021 17:35:10
MLMI90474520201020pJ,20201020,E000086,鲜羊肉,新鲜去骨,57.61,39.37,51.12,26/10/2021 17:35:04
fiMn89961220201019Ed,20201019,E000086,鲜羊肉,新鲜去骨,57.12,39.37,51.12,26/10/2021 17:34:59
naoD89461620201018tM,20201018,E000086,鲜羊肉,新鲜去骨,56.78,39.37,51.12,26/10/2021 17:34:54
KPEC88990220201017NQ,20201017,E000086,鲜羊肉,新鲜去骨,57.03,39.37,51.12,26/10/2021 17:34:49
VsEU88502920201016gV,20201016,E000086,鲜羊肉,新鲜去骨,57.75,39.37,51.12,26/10/2021 17:34:45
iCHm88021420201015RJ,20201015,E000086,鲜羊肉,新鲜去骨,58.35,39.37,51.12,26/10/2021 17:34:40
bBuY87525520201014Wo,20201014,E000086,鲜羊肉,新鲜去骨,57.9,39.37,51.12,26/10/2021 17:34:35
HULC87021120201013pk,20201013,E000086,鲜羊肉,新鲜去骨,57.33,39.37,51.01,26/10/2021 17:34:30
ktSG86550120201012kU,20201012,E000086,鲜羊肉,新鲜去骨,57.27,39.47,51.01,26/10/2021 17:34:25
WSBH93302520201011DQ,20201011,E000086,鲜羊肉,新鲜去骨,57.84,39.47,50.96,26/10/2021 19:15:33
lnPQ86093220201010DM,20201010,E000086,鲜羊肉,新鲜去骨,57.66,39.47,50.96,26/10/2021 17:34:20
aVic85615920201009le,20201009,E000086,鲜羊肉,新鲜去骨,57.56,39.63,50.96,26/10/2021 17:34:16
bGCS85150220201008WW,20201008,E000086,鲜羊肉,新鲜去骨,57.18,39.63,50.54,26/10/2021 17:34:11
VWQu84665820201007gl,20201007,E000086,鲜羊肉,新鲜去骨,57.13,39.63,50.58,26/10/2021 17:34:06
bCNO84177820201006xr,20201006,E000086,鲜羊肉,新鲜去骨,57.11,39.63,50.58,26/10/2021 17:34:01
NSno83682620201005sP,20201005,E000086,鲜羊肉,新鲜去骨,56.94,39.63,50.58,26/10/2021 17:33:56
FAUb83188620201004Ih,20201004,E000086,鲜羊肉,新鲜去骨,57.79,39.63,50.58,26/10/2021 17:33:51
IoSv82696820201003VB,20201003,E000086,鲜羊肉,新鲜去骨,56.55,39.63,50.58,26/10/2021 17:33:46
fMrQ82202320201002oO,20201002,E000086,鲜羊肉,新鲜去骨,57.83,39.63,50.58,26/10/2021 17:33:42
hEiB81707820201001Ql,20201001,E000086,鲜羊肉,新鲜去骨,57.34,39.63,50.58,26/10/2021 17:33:37
mGcn81209520200930Sg,20200930,E000086,鲜羊肉,新鲜去骨,56.49,39.63,50.58,26/10/2021 17:33:32
QBEt80719920200929wd,20200929,E000086,鲜羊肉,新鲜去骨,56.43,39.63,50.58,26/10/2021 17:33:27
wCeA80228020200928TP,20200928,E000086,鲜羊肉,新鲜去骨,56.21,39.63,50.58,26/10/2021 17:33:22
tnHf79734820200927SS,20200927,E000086,鲜羊肉,新鲜去骨,56.12,39.63,50.58,26/10/2021 17:33:17
OgsM79233220200926MY,20200926,E000086,鲜羊肉,新鲜去骨,56.2,39.63,50.16,26/10/2021 17:33:12
dirn78713920200925eU,20200925,E000086,鲜羊肉,新鲜去骨,56.26,39.63,50.16,26/10/2021 17:33:07
ISKO78215120200924SW,20200924,E000086,鲜羊肉,新鲜去骨,56.49,39.63,50.02,26/10/2021 17:33:02
SXls77734320200923tG,20200923,E000086,鲜羊肉,新鲜去骨,56.35,39.68,50.02,26/10/2021 17:32:57
tPrx77225920200922Pf,20200922,E000086,鲜羊肉,新鲜去骨,56.41,39.68,49.43,26/10/2021 17:32:52
oxLC76745420200921FW,20200921,E000086,鲜羊肉,新鲜去骨,56.62,39.68,49.43,26/10/2021 17:32:47
gajP76197620200920Gt,20200920,E000086,鲜羊肉,新鲜去骨,56.01,39.68,49.43,26/10/2021 17:32:42
hcis75714620200919Ek,20200919,E000086,鲜羊肉,新鲜去骨,56.14,39.68,49.43,26/10/2021 17:32:37
NYLE75216720200918TG,20200918,E000086,鲜羊肉,新鲜去骨,56.22,39.68,49.43,26/10/2021 17:32:32
mPQy74716120200917ks,20200917,E000086,鲜羊肉,新鲜去骨,57.37,39.68,49.43,26/10/2021 17:32:27
OetA74226820200916Th,20200916,E000086,鲜羊肉,新鲜去骨,57.52,39.79,49.87,26/10/2021 17:32:22
qGUI73749620200915Nl,20200915,E000086,鲜羊肉,新鲜去骨,57.52,39.79,49.87,26/10/2021 17:32:17
YGlY73253620200914CK,20200914,E000086,鲜羊肉,新鲜去骨,57.25,39.84,49.87,26/10/2021 17:32:12
bdld72719820200913wO,20200913,E000086,鲜羊肉,新鲜去骨,56.32,39.84,49.87,26/10/2021 17:32:07
phsP72220620200912Ef,20200912,E000086,鲜羊肉,新鲜去骨,56.03,39.84,49.87,26/10/2021 17:32:02
Ifwn71747520200911Tt,20200911,E000086,鲜羊肉,新鲜去骨,56.53,39.79,49.15,26/10/2021 17:31:57
aEir71266920200910GP,20200910,E000086,鲜羊肉,新鲜去骨,57.11,39.89,49.87,26/10/2021 17:31:52
pEgt70792920200909aV,20200909,E000086,鲜羊肉,新鲜去骨,56.46,39.89,50.02,26/10/2021 17:31:47
VeBa70315620200908OI,20200908,E000086,鲜羊肉,新鲜去骨,56.33,39.89,50.02,26/10/2021 17:31:43
Csvj69833920200907eN,20200907,E000086,鲜羊肉,新鲜去骨,56.66,39.95,50.02,26/10/2021 17:31:38
rUIW69343620200906dY,20200906,E000086,鲜羊肉,新鲜去骨,56.2,40.05,50.02,26/10/2021 17:31:33
ANEF68842820200905Wl,20200905,E000086,鲜羊肉,新鲜去骨,56.57,40.05,50.02,26/10/2021 17:31:28
IxgS68363920200904hw,20200904,E000086,鲜羊肉,新鲜去骨,56.54,40.05,50.02,26/10/2021 17:31:23
LwLy67876720200903Gi,20200903,E000086,鲜羊肉,新鲜去骨,56.8,40.05,50.02,26/10/2021 17:31:18
jlVA67364820200902Aq,20200902,E000086,鲜羊肉,新鲜去骨,56.77,40,50.02,26/10/2021 17:31:13
EJGH66825220200901Us,20200901,E000086,鲜羊肉,新鲜去骨,56.59,40.05,50.11,26/10/2021 17:31:08
FqXT66281520200831SO,20200831,E000086,鲜羊肉,新鲜去骨,56.55,40,50.11,26/10/2021 17:31:02
JOTu65803620200830cw,20200830,E000086,鲜羊肉,新鲜去骨,56.49,40.11,50.11,26/10/2021 17:30:58
ufTb65326220200829bt,20200829,E000086,鲜羊肉,新鲜去骨,56.32,39.89,50.11,26/10/2021 17:30:53
FDJF64843620200828rh,20200828,E000086,鲜羊肉,新鲜去骨,56.33,39.89,50.11,26/10/2021 17:30:48
hsOR64371820200827mR,20200827,E000086,鲜羊肉,新鲜去骨,56.83,39.95,50.11,26/10/2021 17:30:43
xopi63894520200826rs,20200826,E000086,鲜羊肉,新鲜去骨,56.67,39.95,50.14,26/10/2021 17:30:38
oWMB92832220200825Va,20200825,E000086,鲜羊肉,新鲜去骨,56.78,39.95,50.11,26/10/2021 19:15:28
WVBX63432320200824ur,20200824,E000086,鲜羊肉,新鲜去骨,56.41,39.95,50.11,26/10/2021 17:30:34
geAY62956020200823nh,20200823,E000086,鲜羊肉,新鲜去骨,56.34,39.95,50.11,26/10/2021 17:30:29
Xhgo62492820200822sW,20200822,E000086,鲜羊肉,新鲜去骨,56.49,39.95,50.11,26/10/2021 17:30:24
rVtw62001420200821if,20200821,E000086,鲜羊肉,新鲜去骨,56.38,39.95,50.11,26/10/2021 17:30:20
Ygsv61435320200820BW,20200820,E000086,鲜羊肉,新鲜去骨,56.57,39.89,50.11,26/10/2021 17:30:14
bHSp60926220200819DH,20200819,E000086,鲜羊肉,新鲜去骨,56.81,39.95,50.21,26/10/2021 17:30:09
YYcx60390520200818cj,20200818,E000086,鲜羊肉,新鲜去骨,56.57,39.95,50.21,26/10/2021 17:30:03
tGNv59842320200817se,20200817,E000086,鲜羊肉,新鲜去骨,56.62,39.95,50.21,26/10/2021 17:29:58
FyVx59345920200816Xh,20200816,E000086,鲜羊肉,新鲜去骨,56.36,40,50.21,26/10/2021 17:29:53
bGVL58854620200815qc,20200815,E000086,鲜羊肉,新鲜去骨,57.37,40,50.21,26/10/2021 17:29:48
vKBv58370820200814Aw,20200814,E000086,鲜羊肉,新鲜去骨,57.77,40,50.21,26/10/2021 17:29:43
xLhh57877220200813Pg,20200813,E000086,鲜羊肉,新鲜去骨,58.06,40,49.88,26/10/2021 17:29:38
pAMr57382020200812Ge,20200812,E000086,鲜羊肉,新鲜去骨,58.59,40,49.61,26/10/2021 17:29:33
CEAq56902220200811Hq,20200811,E000086,鲜羊肉,新鲜去骨,57.74,40,49.61,26/10/2021 17:29:29
CNRF56437420200810qV,20200810,E000086,鲜羊肉,新鲜去骨,59,40,49.24,26/10/2021 17:29:24
Cxfn55943420200809Mb,20200809,E000086,鲜羊肉,新鲜去骨,58.6,40,49.27,26/10/2021 17:29:19
lWgD55461620200808cv,20200808,E000086,鲜羊肉,新鲜去骨,58.25,40,49.27,26/10/2021 17:29:14
Svcq54966320200807ba,20200807,E000086,鲜羊肉,新鲜去骨,58.49,40,49.27,26/10/2021 17:29:09
YeOc54447820200806mG,20200806,E000086,鲜羊肉,新鲜去骨,58.75,40,49.23,26/10/2021 17:29:04
iMQc53929120200805Tx,20200805,E000086,鲜羊肉,新鲜去骨,59.12,40,49.65,26/10/2021 17:28:59
TCXe53453120200804mu,20200804,E000086,鲜羊肉,新鲜去骨,59.04,39.89,49.65,26/10/2021 17:28:54
nQfA52965720200803OX,20200803,E000086,鲜羊肉,新鲜去骨,58.52,39.89,49.65,26/10/2021 17:28:49
yOcu52485720200802UM,20200802,E000086,鲜羊肉,新鲜去骨,58.39,39.89,49.65,26/10/2021 17:28:44
IcMu51988620200801FM,20200801,E000086,鲜羊肉,新鲜去骨,77,39.95,49.65,26/10/2021 17:28:39
NYOm51509920200731UW,20200731,E000086,鲜羊肉,新鲜去骨,77,39.95,49.65,26/10/2021 17:28:35
gUYq51008220200730SX,20200730,E000086,鲜羊肉,新鲜去骨,77,39.95,49.2,26/10/2021 17:28:30
eTvo50504720200729yE,20200729,E000086,鲜羊肉,新鲜去骨,75,39.95,49.29,26/10/2021 17:28:25
sJvD50012220200728Pv,20200728,E000086,鲜羊肉,新鲜去骨,75,39.95,49.38,26/10/2021 17:28:20
JSaY49515720200727FS,20200727,E000086,鲜羊肉,新鲜去骨,75,39.95,49.29,26/10/2021 17:28:15
gFlk49031420200726FR,20200726,E000086,鲜羊肉,新鲜去骨,75,39.95,49.29,26/10/2021 17:28:10
ihQh48521520200725ch,20200725,E000086,鲜羊肉,新鲜去骨,75,39.95,49.28,26/10/2021 17:28:05
omOL47995920200724EV,20200724,E000086,鲜羊肉,新鲜去骨,75,40.11,49.28,26/10/2021 17:27:59
PrGK47508220200723wc,20200723,E000086,鲜羊肉,新鲜去骨,75,40.11,49.8,26/10/2021 17:27:55
JpkX46985120200722EF,20200722,E000086,鲜羊肉,新鲜去骨,75,40.11,49.8,26/10/2021 17:27:49
JEJK46480120200721IF,20200721,E000086,鲜羊肉,新鲜去骨,75,40.11,49.95,26/10/2021 17:27:44
CmFT45967320200720yq,20200720,E000086,鲜羊肉,新鲜去骨,75,40.11,49.85,26/10/2021 17:27:39
Ytsf45488320200719Yk,20200719,E000086,鲜羊肉,新鲜去骨,75,40.11,49.85,26/10/2021 17:27:34
uwkg45017620200718fE,20200718,E000086,鲜羊肉,新鲜去骨,75,40.11,49.71,26/10/2021 17:27:30
SfoO44552520200717SP,20200717,E000086,鲜羊肉,新鲜去骨,75,40.11,49.71,26/10/2021 17:27:25
RROs44094320200716xo,20200716,E000086,鲜羊肉,新鲜去骨,75,40.11,49.71,26/10/2021 17:27:20
ehMj43630020200715Oo,20200715,E000086,鲜羊肉,新鲜去骨,75,39.89,49.56,26/10/2021 17:27:16
IWAY43163620200714vA,20200714,E000086,鲜羊肉,新鲜去骨,75,39.89,49.56,26/10/2021 17:27:11
nuqJ42662820200713qL,20200713,E000086,鲜羊肉,新鲜去骨,75,39.95,49.47,26/10/2021 17:27:06
tmtP42108020200712Gm,20200712,E000086,鲜羊肉,新鲜去骨,75,39.84,48.99,26/10/2021 17:27:01
IXyu41624220200711IM,20200711,E000086,鲜羊肉,新鲜去骨,75,39.84,48.66,26/10/2021 17:26:56
NUOH41149020200710mn,20200710,E000086,鲜羊肉,新鲜去骨,75,39.79,49.14,26/10/2021 17:26:51
SXMt92360620200709ER,20200709,E000086,鲜羊肉,新鲜去骨,75,39.79,48.85,26/10/2021 19:15:23
rWun40653220200708ct,20200708,E000086,鲜羊肉,新鲜去骨,75,39.79,48.85,26/10/2021 17:26:46
XJkS40146620200707YK,20200707,E000086,鲜羊肉,新鲜去骨,75,39.58,48.52,26/10/2021 17:26:41
BPcw39644520200706mk,20200706,E000086,鲜羊肉,新鲜去骨,75,39.58,48.9,26/10/2021 17:26:36
VbjE39175020200705gR,20200705,E000086,鲜羊肉,新鲜去骨,75,39.58,49.04,26/10/2021 17:26:31
Ucql38692720200704vQ,20200704,E000086,鲜羊肉,新鲜去骨,75,39.58,49.03,26/10/2021 17:26:26
roES38231920200703xu,20200703,E000086,鲜羊肉,新鲜去骨,75,39.56,48.73,26/10/2021 17:26:22
Jqhq37761020200702Hm,20200702,E000086,鲜羊肉,新鲜去骨,75,39.35,48.73,26/10/2021 17:26:17
Kciu37276920200701cq,20200701,E000086,鲜羊肉,新鲜去骨,75,39.35,48.73,26/10/2021 17:26:12
MXJg36784620200630VD,20200630,E000086,鲜羊肉,新鲜去骨,75,39.35,48.89,26/10/2021 17:26:07
nxaO36274720200629HQ,20200629,E000086,鲜羊肉,新鲜去骨,75,39.35,48.63,26/10/2021 17:26:02
DQnI35783320200628mC,20200628,E000086,鲜羊肉,新鲜去骨,75,39.56,48.63,26/10/2021 17:25:57
aoet35301120200627Gv,20200627,E000086,鲜羊肉,新鲜去骨,75,39.44,49.38,26/10/2021 17:25:53
uGUO34850920200626cm,20200626,E000086,鲜羊肉,新鲜去骨,75,39.44,50.24,26/10/2021 17:25:48
cSdP34377520200625Au,20200625,E000086,鲜羊肉,新鲜去骨,75,39.44,50.24,26/10/2021 17:25:43
BErp33912420200624Qr,20200624,E000086,鲜羊肉,新鲜去骨,75,39.38,50.25,26/10/2021 17:25:39
GOrw33434620200623uW,20200623,E000086,鲜羊肉,新鲜去骨,75,39.38,50.24,26/10/2021 17:25:34
TolK32942020200622sk,20200622,E000086,鲜羊肉,新鲜去骨,75,39.41,50.15,26/10/2021 17:25:29
yEYR32453620200621vt,20200621,E000086,鲜羊肉,新鲜去骨,75,40.11,50.32,26/10/2021 17:25:24
KvxU31957720200620aX,20200620,E000086,鲜羊肉,新鲜去骨,75,40.05,49.93,26/10/2021 17:25:19
LqXG31574120200619BJ,20200619,E000086,鲜羊肉,新鲜去骨,75,39.89,49.93,26/10/2021 17:25:15
eJbI31193020200618Ki,20200618,E000086,鲜羊肉,新鲜去骨,75,39.89,49.54,26/10/2021 17:25:11
XMbf30804120200617Ou,20200617,E000086,鲜羊肉,新鲜去骨,75,39.92,49.55,26/10/2021 17:25:08
XoGl30405320200616Jj,20200616,E000086,鲜羊肉,新鲜去骨,70.5,39.97,49.55,26/10/2021 17:25:04
uQbh29986720200615uk,20200615,E000086,鲜羊肉,新鲜去骨,70.48,39.78,49.54,26/10/2021 17:24:59
kJvk29608620200614oE,20200614,E000086,鲜羊肉,新鲜去骨,70.42,39.58,50.1,26/10/2021 17:24:56
iCTo29230620200613cQ,20200613,E000086,鲜羊肉,新鲜去骨,70.42,39.4,49.94,26/10/2021 17:24:52
tYxs28847120200612eT,20200612,E000086,鲜羊肉,新鲜去骨,71.62,39.34,50.08,26/10/2021 17:24:48
DdbN28451320200611tT,20200611,E000086,鲜羊肉,新鲜去骨,71.49,39.27,50.07,26/10/2021 17:24:44
iQgw28058720200610bh,20200610,E000086,鲜羊肉,新鲜去骨,70.71,39.27,50.07,26/10/2021 17:24:40
eeEo27671020200609EE,20200609,E000086,鲜羊肉,新鲜去骨,70.71,39.23,50.08,26/10/2021 17:24:36
iYdO27288320200608Qf,20200608,E000086,鲜羊肉,新鲜去骨,70.31,39.23,50.08,26/10/2021 17:24:32
vlUj26902420200607iI,20200607,E000086,鲜羊肉,新鲜去骨,70.3,39.09,50.07,26/10/2021 17:24:29
WqXn26504620200606ti,20200606,E000086,鲜羊肉,新鲜去骨,70.3,39.09,50.07,26/10/2021 17:24:25
sdFE26121320200605by,20200605,E000086,鲜羊肉,新鲜去骨,70.31,39.05,50.07,26/10/2021 17:24:21
Uqlh25743620200604nD,20200604,E000086,鲜羊肉,新鲜去骨,70.33,39.05,50.07,26/10/2021 17:24:17
wEEn25312720200603Ij,20200603,E000086,鲜羊肉,新鲜去骨,70.33,39.09,50.02,26/10/2021 17:24:13
jUDh24903920200602Md,20200602,E000086,鲜羊肉,新鲜去骨,70.33,39.09,50.02,26/10/2021 17:24:09
aVfg24504620200601yN,20200601,E000086,鲜羊肉,新鲜去骨,70.3,39.05,51.01,26/10/2021 17:24:05
MWXK24091720200531Vn,20200531,E000086,鲜羊肉,新鲜去骨,70.28,39.05,51.01,26/10/2021 17:24:00
tdwm23708520200530Vr,20200530,E000086,鲜羊肉,新鲜去骨,69.27,39.05,51.01,26/10/2021 17:23:57
Prrb23324820200529CV,20200529,E000086,鲜羊肉,新鲜去骨,69.41,39.05,51.01,26/10/2021 17:23:53
pEKX22926020200528aO,20200528,E000086,鲜羊肉,新鲜去骨,69.51,39.05,51.01,26/10/2021 17:23:49
OhVk22532020200527Vb,20200527,E000086,鲜羊肉,新鲜去骨,69.41,39.05,51.01,26/10/2021 17:23:45
sbwH22153020200526Vk,20200526,E000086,鲜羊肉,新鲜去骨,69.32,39.14,50.45,26/10/2021 17:23:41
rBVJ21714520200525Yo,20200525,E000086,鲜羊肉,新鲜去骨,69.32,39.14,50.45,26/10/2021 17:23:37
dFFv21278720200524TW,20200524,E000086,鲜羊肉,新鲜去骨,69.2,39.14,50.02,26/10/2021 17:23:32
JxNC91886120200523xd,20200523,E000086,鲜羊肉,新鲜去骨,69.23,39.14,50.02,26/10/2021 19:15:18
rhKl20840820200522sd,20200522,E000086,鲜羊肉,新鲜去骨,69.32,39.14,49.51,26/10/2021 17:23:28
DRrM20404020200521om,20200521,E000086,鲜羊肉,新鲜去骨,69.32,39.14,49.51,26/10/2021 17:23:24
jbFR19989520200520dn,20200520,E000086,鲜羊肉,新鲜去骨,69.41,39.14,50.54,26/10/2021 17:23:19
prTh19607520200519Tg,20200519,E000086,鲜羊肉,新鲜去骨,69.55,39.14,50.54,26/10/2021 17:23:16
oJbO19221720200518Ra,20200518,E000086,鲜羊肉,新鲜去骨,69.45,39.32,50.54,26/10/2021 17:23:12
hTRE18839620200517nK,20200517,E000086,鲜羊肉,新鲜去骨,68.48,39.32,50.37,26/10/2021 17:23:08
nfmf18343520200516NP,20200516,E000086,鲜羊肉,新鲜去骨,68.54,39.32,50.37,26/10/2021 17:23:03
YRUo17922320200515vh,20200515,E000086,鲜羊肉,新鲜去骨,68.5,39.32,50.54,26/10/2021 17:22:59
AfpI17524020200514eq,20200514,E000086,鲜羊肉,新鲜去骨,68.13,39.32,50.54,26/10/2021 17:22:55
HpMI17134420200513GS,20200513,E000086,鲜羊肉,新鲜去骨,68.12,39.32,50.54,26/10/2021 17:22:51
YSTM16737920200512yG,20200512,E000086,鲜羊肉,新鲜去骨,68.49,39.23,50.54,26/10/2021 17:22:47
uAed16333020200511ew,20200511,E000086,鲜羊肉,新鲜去骨,68.47,39.14,50.54,26/10/2021 17:22:43
gDEJ15929220200510Kb,20200510,E000086,鲜羊肉,新鲜去骨,68.52,39.14,50.54,26/10/2021 17:22:39
SNwb15537720200509ap,20200509,E000086,鲜羊肉,新鲜去骨,68.92,39.23,50.54,26/10/2021 17:22:35
KdUx15150520200508Mh,20200508,E000086,鲜羊肉,新鲜去骨,68.92,39.23,50.54,26/10/2021 17:22:31
ORMQ14769020200507uO,20200507,E000086,鲜羊肉,新鲜去骨,68.92,39.38,50.54,26/10/2021 17:22:27
lDWB14368520200506Kx,20200506,E000086,鲜羊肉,新鲜去骨,68.93,39.38,50.54,26/10/2021 17:22:23
cgCQ13978220200505mw,20200505,E000086,鲜羊肉,新鲜去骨,68.97,39.4,51.03,26/10/2021 17:22:19
MlKQ13600120200504yQ,20200504,E000086,鲜羊肉,新鲜去骨,68.97,39.4,51.03,26/10/2021 17:22:16
xcFr13205720200503jH,20200503,E000086,鲜羊肉,新鲜去骨,68.97,39.4,51.03,26/10/2021 17:22:12
LWro12800320200502eQ,20200502,E000086,鲜羊肉,新鲜去骨,68.08,39.4,51.03,26/10/2021 17:22:08
MNEv12397920200501ww,20200501,E000086,鲜羊肉,新鲜去骨,68.07,39.4,51.03,26/10/2021 17:22:04
JNvG11990420200430Bx,20200430,E000086,鲜羊肉,新鲜去骨,67.89,39.4,51.03,26/10/2021 17:21:59
flQJ11597220200429SU,20200429,E000086,鲜羊肉,新鲜去骨,68.01,39.38,51.03,26/10/2021 17:21:55
XpDS11222320200428UH,20200428,E000086,鲜羊肉,新鲜去骨,68.09,39.38,51.03,26/10/2021 17:21:52
kQLA10834620200427FH,20200427,E000086,鲜羊肉,新鲜去骨,68.1,39.43,51.03,26/10/2021 17:21:48
TQfd10442920200426yx,20200426,E000086,鲜羊肉,新鲜去骨,67.94,39.43,51.03,26/10/2021 17:21:44
oSVE10063020200425uN,20200425,E000086,鲜羊肉,新鲜去骨,68.26,39.4,51.03,26/10/2021 17:21:40
ppLK09678920200424cF,20200424,E000086,鲜羊肉,新鲜去骨,68.28,39.48,51.03,26/10/2021 17:21:36
jduU09286620200423OO,20200423,E000086,鲜羊肉,新鲜去骨,68.28,39.48,51.03,26/10/2021 17:21:32
qyTM08897420200422xA,20200422,E000086,鲜羊肉,新鲜去骨,68.37,39.52,51.26,26/10/2021 17:21:28
Mkvx08517220200421nV,20200421,E000086,鲜羊肉,新鲜去骨,68.3,39.52,51.48,26/10/2021 17:21:25
cUrN08096120200420vu,20200420,E000086,鲜羊肉,新鲜去骨,68.22,39.48,52.31,26/10/2021 17:21:20
tAut07692520200419LM,20200419,E000086,鲜羊肉,新鲜去骨,68.21,39.48,52.31,26/10/2021 17:21:16
SWMa07283820200418pO,20200418,E000086,鲜羊肉,新鲜去骨,68.01,39.48,52.31,26/10/2021 17:21:12
GJmV06898420200417TI,20200417,E000086,鲜羊肉,新鲜去骨,68.04,39.48,52.31,26/10/2021 17:21:09
LOSj06478720200416iT,20200416,E000086,鲜羊肉,新鲜去骨,68.19,39.52,52.2,26/10/2021 17:21:04
Gjus06076320200415Pr,20200415,E000086,鲜羊肉,新鲜去骨,68.07,39.57,52.2,26/10/2021 17:21:00
Gpon05690920200414NJ,20200414,E000086,鲜羊肉,新鲜去骨,68.04,39.62,52.09,26/10/2021 17:20:56
tecD05307820200413bd,20200413,E000086,鲜羊肉,新鲜去骨,67.96,39.7,52.09,26/10/2021 17:20:53
Vhbn04899120200412pw,20200412,E000086,鲜羊肉,新鲜去骨,67.92,39.8,52.09,26/10/2021 17:20:49
GYTr04499720200411nE,20200411,E000086,鲜羊肉,新鲜去骨,68.01,39.8,52.09,26/10/2021 17:20:45
QXCB04108920200410jS,20200410,E000086,鲜羊肉,新鲜去骨,67.66,39.8,52.09,26/10/2021 17:20:41
jUqO03724720200409KL,20200409,E000086,鲜羊肉,新鲜去骨,67.78,39.8,52.09,26/10/2021 17:20:37
UGyp03332220200408pk,20200408,E000086,鲜羊肉,新鲜去骨,67.71,39.89,52.2,26/10/2021 17:20:33
aaMj02955620200407jS,20200407,E000086,鲜羊肉,新鲜去骨,67.63,39.89,52.2,26/10/2021 17:20:29
MFDC91505520200406TX,20200406,E000086,鲜羊肉,新鲜去骨,68.51,40.05,52.2,26/10/2021 19:15:15
wcmB02590920200405Qf,20200405,E000086,鲜羊肉,新鲜去骨,68.85,40.05,52.2,26/10/2021 17:20:25
JEjA02216920200404Wn,20200404,E000086,鲜羊肉,新鲜去骨,69.09,40.05,52.2,26/10/2021 17:20:22
SYyg01836420200403LJ,20200403,E000086,鲜羊肉,新鲜去骨,69.25,40.05,52.2,26/10/2021 17:20:18
bNeT01448720200402PK,20200402,E000086,鲜羊肉,新鲜去骨,69.37,40.05,52.2,26/10/2021 17:20:14
mLDG01064120200401fP,20200401,E000086,鲜羊肉,新鲜去骨,69.09,40.05,52.2,26/10/2021 17:20:10
UBSQ00671420200331FO,20200331,E000086,鲜羊肉,新鲜去骨,69.16,40,51.64,26/10/2021 17:20:06
UAdI00244320200330MC,20200330,E000086,鲜羊肉,新鲜去骨,68.83,39.84,51.19,26/10/2021 17:20:02
VVOp99833020200329HO,20200329,E000086,鲜羊肉,新鲜去骨,69.07,39.95,51.19,26/10/2021 17:19:58
FOnj99451120200328fL,20200328,E000086,鲜羊肉,新鲜去骨,68.98,39.95,51.19,26/10/2021 17:19:54
AcHI99074620200327cB,20200327,E000086,鲜羊肉,新鲜去骨,69.26,40,51.19,26/10/2021 17:19:50
iwiG98690420200326Qf,20200326,E000086,鲜羊肉,新鲜去骨,69.07,40,51.85,26/10/2021 17:19:46
VNSm98311420200325Yx,20200325,E000086,鲜羊肉,新鲜去骨,69.15,40,51.85,26/10/2021 17:19:43
nUFm97915820200324ex,20200324,E000086,鲜羊肉,新鲜去骨,69.13,39.79,51.85,26/10/2021 17:19:39
mfkC97547120200323lN,20200323,E000086,鲜羊肉,新鲜去骨,68.93,39.84,51.85,26/10/2021 17:19:35
hbyU97186020200322qo,20200322,E000086,鲜羊肉,新鲜去骨,68.72,39.74,51.61,26/10/2021 17:19:31
TVki96815020200321BT,20200321,E000086,鲜羊肉,新鲜去骨,69.03,39.68,51.61,26/10/2021 17:19:28
NppO96405620200320UE,20200320,E000086,鲜羊肉,新鲜去骨,69.01,39.68,51.61,26/10/2021 17:19:24
YuMR96024520200319rn,20200319,E000086,鲜羊肉,新鲜去骨,68.97,39.74,51.61,26/10/2021 17:19:20
tIPc95653920200318mO,20200318,E000086,鲜羊肉,新鲜去骨,68.87,39.71,51.61,26/10/2021 17:19:16
Ehxy95288420200317vn,20200317,E000086,鲜羊肉,新鲜去骨,69.65,39.68,51.61,26/10/2021 17:19:12
JHAc94931720200316jT,20200316,E000086,鲜羊肉,新鲜去骨,69.59,39.68,51.27,26/10/2021 17:19:09
DmuF94557820200315hp,20200315,E000086,鲜羊肉,新鲜去骨,69.56,39.68,51.27,26/10/2021 17:19:05
sENc94163320200314Sg,20200314,E000086,鲜羊肉,新鲜去骨,69.57,39.68,51.27,26/10/2021 17:19:01
LTWh93792720200313ku,20200313,E000086,鲜羊肉,新鲜去骨,69.58,39.95,51.27,26/10/2021 17:18:57
XioJ93423920200312gW,20200312,E000086,鲜羊肉,新鲜去骨,69.6,39.95,51.27,26/10/2021 17:18:54
ENAE93053120200311dq,20200311,E000086,鲜羊肉,新鲜去骨,69.72,39.84,51.27,26/10/2021 17:18:50
NbgN92653820200310WT,20200310,E000086,鲜羊肉,新鲜去骨,69.56,39.79,51.27,26/10/2021 17:18:46
akon92291220200309rV,20200309,E000086,鲜羊肉,新鲜去骨,69.5,39.74,51.27,26/10/2021 17:18:42
sGMX91922320200308Iv,20200308,E000086,鲜羊肉,新鲜去骨,69.45,39.74,51.27,26/10/2021 17:18:39
WdHP91559120200307tm,20200307,E000086,鲜羊肉,新鲜去骨,69.49,39.74,51.27,26/10/2021 17:18:35
UeiF91193520200306kr,20200306,E000086,鲜羊肉,新鲜去骨,69.49,39.84,51.27,26/10/2021 17:18:31
jFfu90820820200305hH,20200305,E000086,鲜羊肉,新鲜去骨,69.46,39.87,51.27,26/10/2021 17:18:28
qoiL90448720200304Ux,20200304,E000086,鲜羊肉,新鲜去骨,69.41,39.88,50.64,26/10/2021 17:18:24
Ipxf90082220200303Vn,20200303,E000086,鲜羊肉,新鲜去骨,69.42,40,50.64,26/10/2021 17:18:20
WQuk89693020200302Fu,20200302,E000086,鲜羊肉,新鲜去骨,69.37,40.07,50.64,26/10/2021 17:18:16
OXma89326420200301Yv,20200301,E000086,鲜羊肉,新鲜去骨,69.33,39.99,50.64,26/10/2021 17:18:13
qvWm64576720200229pk,20200229,E000086,鲜羊肉,新鲜去骨,71.19,40.11,50.64,26/10/2021 17:14:05
CnCj88944020200228Pq,20200228,E000086,鲜羊肉,新鲜去骨,72.12,40,50.81,26/10/2021 17:18:09
KoPu88537920200227pe,20200227,E000086,鲜羊肉,新鲜去骨,72.15,40,50.81,26/10/2021 17:18:05
OTQO88145820200226TC,20200226,E000086,鲜羊肉,新鲜去骨,72.12,40,50.81,26/10/2021 17:18:01
lxUP87772220200225mn,20200225,E000086,鲜羊肉,新鲜去骨,72.04,39.95,50.81,26/10/2021 17:17:57
ETdL87406520200224Ti,20200224,E000086,鲜羊肉,新鲜去骨,72.04,40,50.81,26/10/2021 17:17:54
ClVI87048520200223kL,20200223,E000086,鲜羊肉,新鲜去骨,72.05,40,50.8,26/10/2021 17:17:50
lXne86680320200222SI,20200222,E000086,鲜羊肉,新鲜去骨,72.95,40,50.8,26/10/2021 17:17:46
umwR86312320200221UH,20200221,E000086,鲜羊肉,新鲜去骨,72.95,40.06,50.81,26/10/2021 17:17:43
XRIy85909720200220Ak,20200220,E000086,鲜羊肉,新鲜去骨,72.93,40.22,50.81,26/10/2021 17:17:39
mrus85536920200219Yg,20200219,E000086,鲜羊肉,新鲜去骨,72.81,40.22,50.81,26/10/2021 17:17:35
NEYm91106720200218gn,20200218,E000086,鲜羊肉,新鲜去骨,72.79,40.17,50.81,26/10/2021 19:15:11
tlQF85178220200217Mq,20200217,E000086,鲜羊肉,新鲜去骨,72.79,40.18,50.81,26/10/2021 17:17:31
iFoI84815420200216Ou,20200216,E000086,鲜羊肉,新鲜去骨,72.8,40.16,50.81,26/10/2021 17:17:28
PeDm84446120200215FH,20200215,E000086,鲜羊肉,新鲜去骨,72.73,40.16,50.81,26/10/2021 17:17:24
CGlP84084920200214lb,20200214,E000086,鲜羊肉,新鲜去骨,72.73,40,50.81,26/10/2021 17:17:20
CJIW83720920200213WB,20200213,E000086,鲜羊肉,新鲜去骨,72.73,40,50.81,26/10/2021 17:17:17
wsfW83349520200212dy,20200212,E000086,鲜羊肉,新鲜去骨,73.58,39.84,50.81,26/10/2021 17:17:13
NThF82981620200211YB,20200211,E000086,鲜羊肉,新鲜去骨,73.64,39.7,50.81,26/10/2021 17:17:09
QwhW82603020200210hq,20200210,E000086,鲜羊肉,新鲜去骨,72.71,39.47,50.69,26/10/2021 17:17:06
PGne82219220200209wd,20200209,E000086,鲜羊肉,新鲜去骨,72.7,39.47,50.69,26/10/2021 17:17:02
AFJm81841420200208vI,20200208,E000086,鲜羊肉,新鲜去骨,72.73,39.39,50.69,26/10/2021 17:16:58
dNeS81457120200207ea,20200207,E000086,鲜羊肉,新鲜去骨,73.42,39.39,50.69,26/10/2021 17:16:54
kXrq81080020200206VC,20200206,E000086,鲜羊肉,新鲜去骨,73.64,39.39,50.64,26/10/2021 17:16:50
wcMv80689520200205bH,20200205,E000086,鲜羊肉,新鲜去骨,73.85,39.28,50.64,26/10/2021 17:16:46
yORq80311520200204Wg,20200204,E000086,鲜羊肉,新鲜去骨,74.27,39.28,50.63,26/10/2021 17:16:43
IXAy79942820200203mx,20200203,E000086,鲜羊肉,新鲜去骨,74.35,39.28,50.64,26/10/2021 17:16:39
Hamv79540220200202XH,20200202,E000086,鲜羊肉,新鲜去骨,73.76,39.28,50.64,26/10/2021 17:16:35
bKMp79160520200201WY,20200201,E000086,鲜羊肉,新鲜去骨,73.64,39.28,50.26,26/10/2021 17:16:31
yySt78779120200131Sf,20200131,E000086,鲜羊肉,新鲜去骨,73.67,39.56,49.81,26/10/2021 17:16:27
rjWM78380320200130Ew,20200130,E000086,鲜羊肉,新鲜去骨,68,40.15,49.82,26/10/2021 17:16:23
eUlo77999220200129VC,20200129,E000086,鲜羊肉,新鲜去骨,68,40.15,49.97,26/10/2021 17:16:20
NXSb77613920200128va,20200128,E000086,鲜羊肉,新鲜去骨,68,40.15,50.56,26/10/2021 17:16:16
hxKU77226220200127jv,20200127,E000086,鲜羊肉,新鲜去骨,68,40.15,50.57,26/10/2021 17:16:12
vfTP76852120200126Ot,20200126,E000086,鲜羊肉,新鲜去骨,68,40.14,50.56,26/10/2021 17:16:08
RAMg76452120200125nN,20200125,E000086,鲜羊肉,新鲜去骨,68,40.12,50.56,26/10/2021 17:16:04
RSmX76062720200124km,20200124,E000086,鲜羊肉,新鲜去骨,69.61,39.44,50.56,26/10/2021 17:16:00
ocHt75703620200123cb,20200123,E000086,鲜羊肉,新鲜去骨,70.89,39.31,50.39,26/10/2021 17:15:57
Aslu75327220200122hg,20200122,E000086,鲜羊肉,新鲜去骨,70.35,39.29,50.34,26/10/2021 17:15:53
nWfc74945420200121nY,20200121,E000086,鲜羊肉,新鲜去骨,70.03,39.26,50.34,26/10/2021 17:15:49
fPQQ74519820200120Eg,20200120,E000086,鲜羊肉,新鲜去骨,69.29,39.36,50.34,26/10/2021 17:15:45
YoBa74126920200119Ep,20200119,E000086,鲜羊肉,新鲜去骨,68.94,39.36,50.34,26/10/2021 17:15:41
LHao73739620200118tP,20200118,E000086,鲜羊肉,新鲜去骨,68.99,39.4,50.34,26/10/2021 17:15:37
JhvM73368420200117hi,20200117,E000086,鲜羊肉,新鲜去骨,69.09,39.4,50.34,26/10/2021 17:15:33
wPph72988120200116DK,20200116,E000086,鲜羊肉,新鲜去骨,69.07,39.4,50.56,26/10/2021 17:15:29
NPHd72626920200115KO,20200115,E000086,鲜羊肉,新鲜去骨,69.05,39.4,50.56,26/10/2021 17:15:26
iXgu72255920200114yy,20200114,E000086,鲜羊肉,新鲜去骨,69.03,39.4,50.45,26/10/2021 17:15:22
WHhX71876320200113pf,20200113,E000086,鲜羊肉,新鲜去骨,69.1,39.4,50.45,26/10/2021 17:15:18
FStC71493620200112ph,20200112,E000086,鲜羊肉,新鲜去骨,69.14,39.35,50.45,26/10/2021 17:15:14
BbFJ71106620200111OT,20200111,E000086,鲜羊肉,新鲜去骨,69.39,39.35,50.45,26/10/2021 17:15:11
sIcA70657620200110qA,20200110,E000086,鲜羊肉,新鲜去骨,69.39,39.35,50.23,26/10/2021 17:15:06
gSOo70227520200109uk,20200109,E000086,鲜羊肉,新鲜去骨,69.4,39.35,50.23,26/10/2021 17:15:02
ODKA69820620200108As,20200108,E000086,鲜羊肉,新鲜去骨,70.05,39.35,49.89,26/10/2021 17:14:58
AwDC69430220200107pk,20200107,E000086,鲜羊肉,新鲜去骨,70.04,39.35,49.79,26/10/2021 17:14:54
pxRt69045620200106gT,20200106,E000086,鲜羊肉,新鲜去骨,70.01,39.35,49.56,26/10/2021 17:14:50
KuaG68645420200105sP,20200105,E000086,鲜羊肉,新鲜去骨,70.03,39.4,49.56,26/10/2021 17:14:46
YPXX68238920200104oR,20200104,E000086,鲜羊肉,新鲜去骨,70.06,39.4,49.56,26/10/2021 17:14:42
Keqt67838720200103mf,20200103,E000086,鲜羊肉,新鲜去骨,70.08,39.35,49.56,26/10/2021 17:14:38
ULbY67413920200102Fp,20200102,E000086,鲜羊肉,新鲜去骨,70.05,39.35,50.01,26/10/2021 17:14:34
TKdl66998220200101Fq,20200101,E000086,鲜羊肉,新鲜去骨,70.03,39.38,50,26/10/2021 17:14:30
SkCH62404920191231gv,20191231,E000086,鲜羊肉,新鲜去骨,70.03,39.35,49.54,26/10/2021 17:13:44
FxjH61972020191230xd,20191230,E000086,鲜羊肉,新鲜去骨,70.03,39.35,49.44,26/10/2021 17:13:39
Btwd61590220191229xG,20191229,E000086,鲜羊肉,新鲜去骨,69.98,39.38,49.44,26/10/2021 17:13:35
InED61197920191228wv,20191228,E000086,鲜羊肉,新鲜去骨,69.98,39.35,49.37,26/10/2021 17:13:32
xbLA60812020191227od,20191227,E000086,鲜羊肉,新鲜去骨,69.95,39.38,49.37,26/10/2021 17:13:28
fepI60426520191226fh,20191226,E000086,鲜羊肉,新鲜去骨,70.45,39.35,49.19,26/10/2021 17:13:24
SjRt60002120191225kU,20191225,E000086,鲜羊肉,新鲜去骨,70.3,39.34,49.2,26/10/2021 17:13:20
DXaa59581520191224oa,20191224,E000086,鲜羊肉,新鲜去骨,70.44,39.34,49.2,26/10/2021 17:13:15
UJHV59173320191223KI,20191223,E000086,鲜羊肉,新鲜去骨,70.46,39.32,49.2,26/10/2021 17:13:11
DrbQ58781120191222Rx,20191222,E000086,鲜羊肉,新鲜去骨,70.35,39.32,49.31,26/10/2021 17:13:07
RXDW58381620191221RX,20191221,E000086,鲜羊肉,新鲜去骨,70.43,39.32,49.31,26/10/2021 17:13:03
etlX57949320191220Qo,20191220,E000086,鲜羊肉,新鲜去骨,70.46,39.31,49.32,26/10/2021 17:12:59
MPTi57576320191219Ay,20191219,E000086,鲜羊肉,新鲜去骨,70.35,39.25,48.81,26/10/2021 17:12:55
jvBh57203520191218yb,20191218,E000086,鲜羊肉,新鲜去骨,70.44,39.05,48.76,26/10/2021 17:12:52
iEnX56778620191217Pk,20191217,E000086,鲜羊肉,新鲜去骨,70.4,39.07,48.76,26/10/2021 17:12:47
OoVk56395120191216dR,20191216,E000086,鲜羊肉,新鲜去骨,70.38,39,48.75,26/10/2021 17:12:43
fgOV56023220191215GH,20191215,E000086,鲜羊肉,新鲜去骨,70.39,39.06,48.75,26/10/2021 17:12:40
oRhg55650920191214Tf,20191214,E000086,鲜羊肉,新鲜去骨,70.48,39.05,48.75,26/10/2021 17:12:36
WXyq55262120191213gh,20191213,E000086,鲜羊肉,新鲜去骨,70.41,39.05,48.92,26/10/2021 17:12:32
IlFS54866220191212WF,20191212,E000086,鲜羊肉,新鲜去骨,70.51,39.04,48.92,26/10/2021 17:12:28
RCim54486520191211Ks,20191211,E000086,鲜羊肉,新鲜去骨,70.41,39.04,48.91,26/10/2021 17:12:24
JbHi54120220191210vn,20191210,E000086,鲜羊肉,新鲜去骨,70.45,39.09,49.47,26/10/2021 17:12:21
FnAe53745420191209Em,20191209,E000086,鲜羊肉,新鲜去骨,70.46,39.13,49.41,26/10/2021 17:12:17
SheK53352720191208iM,20191208,E000086,鲜羊肉,新鲜去骨,70.52,39.14,49.41,26/10/2021 17:12:13
rqRl52969520191207jh,20191207,E000086,鲜羊肉,新鲜去骨,70.52,39.09,49.41,26/10/2021 17:12:09
atGp52549520191206fK,20191206,E000086,鲜羊肉,新鲜去骨,70.52,39.1,49.41,26/10/2021 17:12:05
aabl52126420191205ka,20191205,E000086,鲜羊肉,新鲜去骨,70.57,39.14,49.48,26/10/2021 17:12:01
dQwT51718620191204rO,20191204,E000086,鲜羊肉,新鲜去骨,70.49,39.05,49.53,26/10/2021 17:11:57
KVxU51307520191203GC,20191203,E000086,鲜羊肉,新鲜去骨,70.59,39.05,49.53,26/10/2021 17:11:53
HHWE50913820191202wS,20191202,E000086,鲜羊肉,新鲜去骨,70.57,39.07,49.53,26/10/2021 17:11:49
wYla50442620191201XW,20191201,E000086,鲜羊肉,新鲜去骨,70.61,39.08,49.53,26/10/2021 17:11:44
pLHS50040220191130co,20191130,E000086,鲜羊肉,新鲜去骨,70.68,39.08,49.54,26/10/2021 17:11:40
sSAA49657620191129Do,20191129,E000086,鲜羊肉,新鲜去骨,70.65,39.1,49.54,26/10/2021 17:11:36
XTSX49258920191128yM,20191128,E000086,鲜羊肉,新鲜去骨,70.62,39.09,49.53,26/10/2021 17:11:32
tjWu88748220191127AG,20191127,E000086,鲜羊肉,新鲜去骨,70.59,39.08,49.37,26/10/2021 19:14:47
nngr48856820191126EJ,20191126,E000086,鲜羊肉,新鲜去骨,70.56,39.1,49.37,26/10/2021 17:11:28
Tyuv48471620191125xt,20191125,E000086,鲜羊肉,新鲜去骨,70.49,39.08,49.42,26/10/2021 17:11:24
SGMR48083320191124iR,20191124,E000086,鲜羊肉,新鲜去骨,70.46,39.13,49.94,26/10/2021 17:11:20
FCEq47693720191123Pt,20191123,E000086,鲜羊肉,新鲜去骨,70.48,39.13,49.56,26/10/2021 17:11:16
Qboy47311020191122tn,20191122,E000086,鲜羊肉,新鲜去骨,70.58,39.13,49.55,26/10/2021 17:11:13
SpCo46916520191121Wt,20191121,E000086,鲜羊肉,新鲜去骨,70.45,39.13,49.56,26/10/2021 17:11:09
KDGs46475320191120Xm,20191120,E000086,鲜羊肉,新鲜去骨,70.43,39.12,48.94,26/10/2021 17:11:04
uRre46068920191119Dm,20191119,E000086,鲜羊肉,新鲜去骨,70.57,39.13,49.21,26/10/2021 17:11:00
hUAM45582720191118jg,20191118,E000086,鲜羊肉,新鲜去骨,70.58,39.17,49.21,26/10/2021 17:10:55
TvXe45129820191117ah,20191117,E000086,鲜羊肉,新鲜去骨,70.59,39.17,49.21,26/10/2021 17:10:51
NVkT44647220191116sq,20191116,E000086,鲜羊肉,新鲜去骨,70.5,39.17,49.21,26/10/2021 17:10:46
Lrnv44223320191115bS,20191115,E000086,鲜羊肉,新鲜去骨,70.53,39.17,49.21,26/10/2021 17:10:42
Jvpy43845820191114Cm,20191114,E000086,鲜羊肉,新鲜去骨,70.65,39.26,49.4,26/10/2021 17:10:38
Wrlb43471020191113Tr,20191113,E000086,鲜羊肉,新鲜去骨,70.61,39.26,49.4,26/10/2021 17:10:34
TRlr43092220191112IM,20191112,E000086,鲜羊肉,新鲜去骨,70.89,39.13,48.71,26/10/2021 17:10:30
SYCn42731320191111hl,20191111,E000086,鲜羊肉,新鲜去骨,70.81,39.22,48.22,26/10/2021 17:10:27
foVj42360020191110cl,20191110,E000086,鲜羊肉,新鲜去骨,70.87,39.36,48.23,26/10/2021 17:10:23
ROBu41989520191109Ag,20191109,E000086,鲜羊肉,新鲜去骨,70.68,39.36,47.97,26/10/2021 17:10:19
omiL41623220191108gW,20191108,E000086,鲜羊肉,新鲜去骨,70.7,39.36,47.97,26/10/2021 17:10:16
lDjc41237120191107Rq,20191107,E000086,鲜羊肉,新鲜去骨,70.68,39.37,47.97,26/10/2021 17:10:12
qqJJ40844320191106tg,20191106,E000086,鲜羊肉,新鲜去骨,70.69,39.29,47.79,26/10/2021 17:10:08
bhCQ40445920191105QI,20191105,E000086,鲜羊肉,新鲜去骨,70.65,39.13,47.8,26/10/2021 17:10:04
Nvxy40045820191104va,20191104,E000086,鲜羊肉,新鲜去骨,70.7,39.08,47.22,26/10/2021 17:10:00
vvmW39657320191103Xv,20191103,E000086,鲜羊肉,新鲜去骨,70.66,39.08,47.22,26/10/2021 17:09:56
HcHN39283220191102KR,20191102,E000086,鲜羊肉,新鲜去骨,70.68,39.08,47.22,26/10/2021 17:09:52
PUYW38902120191101Of,20191101,E000086,鲜羊肉,新鲜去骨,70.73,39.18,47.22,26/10/2021 17:09:49
PjuQ38521320191031NS,20191031,E000086,鲜羊肉,新鲜去骨,70.31,39.13,47.22,26/10/2021 17:09:45
KJIx38128320191030DJ,20191030,E000086,鲜羊肉,新鲜去骨,70.24,39.09,47.15,26/10/2021 17:09:41
rjfh37732420191029LD,20191029,E000086,鲜羊肉,新鲜去骨,70.22,39.08,47.08,26/10/2021 17:09:37
FMXi37356920191028Ay,20191028,E000086,鲜羊肉,新鲜去骨,70.22,39.08,47.08,26/10/2021 17:09:33
OtqG36983020191027lY,20191027,E000086,鲜羊肉,新鲜去骨,70.26,39.08,47.44,26/10/2021 17:09:29
waby36611820191026pG,20191026,E000086,鲜羊肉,新鲜去骨,69.86,39.07,47.44,26/10/2021 17:09:26
Ewnk36241220191025et,20191025,E000086,鲜羊肉,新鲜去骨,69.79,39.05,47.44,26/10/2021 17:09:22
BOQV35835120191024PC,20191024,E000086,鲜羊肉,新鲜去骨,69.79,39.05,47.44,26/10/2021 17:09:18
fKcm35431820191023he,20191023,E000086,鲜羊肉,新鲜去骨,70.11,39.05,47.18,26/10/2021 17:09:14
BPEn35041020191022aU,20191022,E000086,鲜羊肉,新鲜去骨,70.15,39.09,47.3,26/10/2021 17:09:10
GOTe34638520191021dc,20191021,E000086,鲜羊肉,新鲜去骨,70.04,39.04,47.3,26/10/2021 17:09:06
jXqM34213420191020xP,20191020,E000086,鲜羊肉,新鲜去骨,69.83,39.04,47.3,26/10/2021 17:09:02
VSeU33826920191019ma,20191019,E000086,鲜羊肉,新鲜去骨,69.85,38.9,47.3,26/10/2021 17:08:58
EByv33450820191018mm,20191018,E000086,鲜羊肉,新鲜去骨,69.85,38.91,47.31,26/10/2021 17:08:54
PNHy33069320191017Pg,20191017,E000086,鲜羊肉,新鲜去骨,69.85,38.9,47.31,26/10/2021 17:08:50
cQbG32688320191016Rr,20191016,E000086,鲜羊肉,新鲜去骨,69.69,38.9,47.48,26/10/2021 17:08:46
oMkt32306420191015Eu,20191015,E000086,鲜羊肉,新鲜去骨,69.68,38.91,47.48,26/10/2021 17:08:43
wOCj31922420191014mJ,20191014,E000086,鲜羊肉,新鲜去骨,69.68,38.9,47.43,26/10/2021 17:08:39
AVHw31537420191013FO,20191013,E000086,鲜羊肉,新鲜去骨,70.41,38.9,47.42,26/10/2021 17:08:35
dJLm31164220191012Ec,20191012,E000086,鲜羊肉,新鲜去骨,70.38,38.85,47.42,26/10/2021 17:08:31
qbms88223720191011hO,20191011,E000086,鲜羊肉,新鲜去骨,70.38,38.85,47.41,26/10/2021 19:14:42
YbMG30785620191010lW,20191010,E000086,鲜羊肉,新鲜去骨,70.35,38.9,47.42,26/10/2021 17:08:27
wnph30411420191009tq,20191009,E000086,鲜羊肉,新鲜去骨,69.96,39.04,47.29,26/10/2021 17:08:24
FMFB30032620191008Ui,20191008,E000086,鲜羊肉,新鲜去骨,70.24,39.03,46.86,26/10/2021 17:08:20
PpVL29656320191007hg,20191007,E000086,鲜羊肉,新鲜去骨,70.31,39.04,46.55,26/10/2021 17:08:16
qjxF29285920191006Dj,20191006,E000086,鲜羊肉,新鲜去骨,70.17,39.03,46.23,26/10/2021 17:08:12
rvfP28899520191005yV,20191005,E000086,鲜羊肉,新鲜去骨,70.07,39.08,46.24,26/10/2021 17:08:09
sssF28506120191004bW,20191004,E000086,鲜羊肉,新鲜去骨,70.09,39.08,46.24,26/10/2021 17:08:05
itnS28118720191003df,20191003,E000086,鲜羊肉,新鲜去骨,70.13,39.08,46.04,26/10/2021 17:08:01
XVjw27745520191002uK,20191002,E000086,鲜羊肉,新鲜去骨,70.05,39.09,46.05,26/10/2021 17:07:57
kwec27371920191001KQ,20191001,E000086,鲜羊肉,新鲜去骨,70.06,39.09,46.24,26/10/2021 17:07:53
bqAK26995120190930wn,20190930,E000086,鲜羊肉,新鲜去骨,70.03,39.04,46.75,26/10/2021 17:07:49
Phiu26631220190929EB,20190929,E000086,鲜羊肉,新鲜去骨,70,39.02,46.74,26/10/2021 17:07:46
qyyj26255520190928CT,20190928,E000086,鲜羊肉,新鲜去骨,69.94,38.99,46.74,26/10/2021 17:07:42
mXiW25879720190927JE,20190927,E000086,鲜羊肉,新鲜去骨,70.02,38.95,46.34,26/10/2021 17:07:38
Biwr25506220190926dp,20190926,E000086,鲜羊肉,新鲜去骨,70.06,38.95,46.22,26/10/2021 17:07:35
CtEo25126020190925lp,20190925,E000086,鲜羊肉,新鲜去骨,70,38.94,46.62,26/10/2021 17:07:31
lFLe24754820190924Cq,20190924,E000086,鲜羊肉,新鲜去骨,69.96,38.99,46.24,26/10/2021 17:07:27
xIVc24395520190923ev,20190923,E000086,鲜羊肉,新鲜去骨,70.01,38.98,46.24,26/10/2021 17:07:23
lLEb24036320190922ju,20190922,E000086,鲜羊肉,新鲜去骨,69.96,38.99,46.24,26/10/2021 17:07:20
TUAp23671820190921sT,20190921,E000086,鲜羊肉,新鲜去骨,70.27,38.92,46.24,26/10/2021 17:07:16
tTDJ23252620190920yj,20190920,E000086,鲜羊肉,新鲜去骨,70.27,38.9,46.87,26/10/2021 17:07:12
XlRp22876720190919cP,20190919,E000086,鲜羊肉,新鲜去骨,70.17,38.83,46.86,26/10/2021 17:07:08
ImhA22429920190918JF,20190918,E000086,鲜羊肉,新鲜去骨,70.41,38.63,47.18,26/10/2021 17:07:04
vFXa22003320190917Cp,20190917,E000086,鲜羊肉,新鲜去骨,70.35,38.54,47.18,26/10/2021 17:07:00
gVAL21632520190916LO,20190916,E000086,鲜羊肉,新鲜去骨,70.41,38.34,47.18,26/10/2021 17:06:56
RGHs21251420190915cd,20190915,E000086,鲜羊肉,新鲜去骨,70.23,38.36,47.12,26/10/2021 17:06:52
XIXx20881620190914NT,20190914,E000086,鲜羊肉,新鲜去骨,70.57,38.34,46.68,26/10/2021 17:06:48
jUid20492220190913cC,20190913,E000086,鲜羊肉,新鲜去骨,70.47,38.36,46.68,26/10/2021 17:06:44
DpmC20108520190912op,20190912,E000086,鲜羊肉,新鲜去骨,70.37,38.36,46.62,26/10/2021 17:06:41
LMwh19734720190911qh,20190911,E000086,鲜羊肉,新鲜去骨,69.68,38.61,46.37,26/10/2021 17:06:37
JTvL19354620190910qD,20190910,E000086,鲜羊肉,新鲜去骨,69.79,38.45,46.11,26/10/2021 17:06:33
dGlc18953520190909aH,20190909,E000086,鲜羊肉,新鲜去骨,70.3,38.48,46.12,26/10/2021 17:06:29
shpI18557520190908po,20190908,E000086,鲜羊肉,新鲜去骨,70.33,38.39,45.48,26/10/2021 17:06:25
WCRf18162020190907cd,20190907,E000086,鲜羊肉,新鲜去骨,70.46,38.39,45.48,26/10/2021 17:06:21
sKMl17785320190906cc,20190906,E000086,鲜羊肉,新鲜去骨,70.31,38.39,45.04,26/10/2021 17:06:17
pkQC17407520190905gS,20190905,E000086,鲜羊肉,新鲜去骨,70.44,38.27,45.06,26/10/2021 17:06:14
DTCB17013020190904QP,20190904,E000086,鲜羊肉,新鲜去骨,70.27,38.32,45.29,26/10/2021 17:06:10
DBiD16628020190903al,20190903,E000086,鲜羊肉,新鲜去骨,70.2,38.16,45.31,26/10/2021 17:06:06
Wxbm16235520190902yV,20190902,E000086,鲜羊肉,新鲜去骨,70.11,37.89,44.86,26/10/2021 17:06:02
jWEI15838020190901lE,20190901,E000086,鲜羊肉,新鲜去骨,65.68,37.87,44.68,26/10/2021 17:05:58
fLLY15427120190831DK,20190831,E000086,鲜羊肉,新鲜去骨,65.47,37.82,45.06,26/10/2021 17:05:54
ADmb15030420190830lS,20190830,E000086,鲜羊肉,新鲜去骨,65.04,37.82,44.87,26/10/2021 17:05:50
ICJQ14645520190829aV,20190829,E000086,鲜羊肉,新鲜去骨,64.16,37.67,44.39,26/10/2021 17:05:46
utoS14270620190828eu,20190828,E000086,鲜羊肉,新鲜去骨,63,37.42,44.33,26/10/2021 17:05:42
Elvq13887120190827je,20190827,E000086,鲜羊肉,新鲜去骨,64.31,37.44,44.63,26/10/2021 17:05:38
crei13499920190826St,20190826,E000086,鲜羊肉,新鲜去骨,64.62,37.11,43.75,26/10/2021 17:05:35
QYqM87817120190825kW,20190825,E000086,鲜羊肉,新鲜去骨,63.41,37.04,43.68,26/10/2021 19:14:38
ONQK13114720190824Bf,20190824,E000086,鲜羊肉,新鲜去骨,62.75,37.04,43.68,26/10/2021 17:05:31
jAJh12751020190823Ii,20190823,E000086,鲜羊肉,新鲜去骨,62.72,37.04,43.68,26/10/2021 17:05:27
DStM12366720190822Rq,20190822,E000086,鲜羊肉,新鲜去骨,62.94,36.96,43.49,26/10/2021 17:05:23
brko11997620190821gx,20190821,E000086,鲜羊肉,新鲜去骨,62.4,36.7,43.48,26/10/2021 17:05:19
SgpQ11600820190820Ps,20190820,E000086,鲜羊肉,新鲜去骨,60.74,36.64,43.16,26/10/2021 17:05:16
HriY11228220190819CN,20190819,E000086,鲜羊肉,新鲜去骨,59.5,36.57,43.17,26/10/2021 17:05:12
fMas10846520190818hS,20190818,E000086,鲜羊肉,新鲜去骨,59.71,36.53,42.61,26/10/2021 17:05:08
cOBY10450320190817Wp,20190817,E000086,鲜羊肉,新鲜去骨,59.27,36.53,42.61,26/10/2021 17:05:04
lXYF10048820190816Gj,20190816,E000086,鲜羊肉,新鲜去骨,60.01,36.53,42.61,26/10/2021 17:05:00
CWnB09665720190815UO,20190815,E000086,鲜羊肉,新鲜去骨,59.01,36.48,42.62,26/10/2021 17:04:56
XJLD09298120190814Bk,20190814,E000086,鲜羊肉,新鲜去骨,59.17,36.49,42.6,26/10/2021 17:04:53
rgOA08910420190813kl,20190813,E000086,鲜羊肉,新鲜去骨,59.33,36.45,42.54,26/10/2021 17:04:49
jqjW08519420190812va,20190812,E000086,鲜羊肉,新鲜去骨,60.03,36.47,42.29,26/10/2021 17:04:45
AVPv08146220190811xk,20190811,E000086,鲜羊肉,新鲜去骨,59.43,36.44,42.3,26/10/2021 17:04:41
aIDg07766220190810gw,20190810,E000086,鲜羊肉,新鲜去骨,59.44,36.39,42.3,26/10/2021 17:04:37
HfHY07380320190809mr,20190809,E000086,鲜羊肉,新鲜去骨,59.44,36.39,42.3,26/10/2021 17:04:33
MgcP07001720190808bh,20190808,E000086,鲜羊肉,新鲜去骨,59.5,36.51,42.29,26/10/2021 17:04:30
MxDW06619020190807CQ,20190807,E000086,鲜羊肉,新鲜去骨,59.5,36.39,42.28,26/10/2021 17:04:26
UlrR06242020190806fe,20190806,E000086,鲜羊肉,新鲜去骨,59.5,36.3,42.23,26/10/2021 17:04:22
sQkS05857920190805bu,20190805,E000086,鲜羊肉,新鲜去骨,59.24,36.3,42.21,26/10/2021 17:04:18
JCiw05457620190804fI,20190804,E000086,鲜羊肉,新鲜去骨,59.64,36.32,42.23,26/10/2021 17:04:14
wnBA05057620190803Hr,20190803,E000086,鲜羊肉,新鲜去骨,59.42,36.32,42.23,26/10/2021 17:04:10
nfrw04668620190802KU,20190802,E000086,鲜羊肉,新鲜去骨,59.42,36.32,42.23,26/10/2021 17:04:06
dhQB04253620190801GE,20190801,E000086,鲜羊肉,新鲜去骨,59.98,36.3,42.21,26/10/2021 17:04:02
uSgE03875320190731xF,20190731,E000086,鲜羊肉,新鲜去骨,59.57,36.5,42.23,26/10/2021 17:03:58
OlMv03479720190730od,20190730,E000086,鲜羊肉,新鲜去骨,59.36,36.48,42.4,26/10/2021 17:03:54
nICA03061920190729Ln,20190729,E000086,鲜羊肉,新鲜去骨,58.63,36.46,42.41,26/10/2021 17:03:50
Qxys02678820190728Va,20190728,E000086,鲜羊肉,新鲜去骨,59.44,36.41,42.39,26/10/2021 17:03:46
aNXk02266320190727AN,20190727,E000086,鲜羊肉,新鲜去骨,59.43,36.45,42.39,26/10/2021 17:03:42
BlIr01887120190726qa,20190726,E000086,鲜羊肉,新鲜去骨,59.39,36.44,42.39,26/10/2021 17:03:38
eFPA01460420190725Th,20190725,E000086,鲜羊肉,新鲜去骨,59.39,36.48,42.4,26/10/2021 17:03:34
YGli01045420190724Kf,20190724,E000086,鲜羊肉,新鲜去骨,59.61,36.52,42.48,26/10/2021 17:03:30
QBPE00655620190723vq,20190723,E000086,鲜羊肉,新鲜去骨,59.61,36.48,42.46,26/10/2021 17:03:26
lINQ00252720190722AJ,20190722,E000086,鲜羊肉,新鲜去骨,60.16,36.57,42.48,26/10/2021 17:03:22
IadR99866920190721nF,20190721,E000086,鲜羊肉,新鲜去骨,60.22,36.52,42.43,26/10/2021 17:03:18
CrLm99424320190720HQ,20190720,E000086,鲜羊肉,新鲜去骨,65.87,36.52,42.46,26/10/2021 17:03:14
abSt99004320190719XJ,20190719,E000086,鲜羊肉,新鲜去骨,65.94,36.52,42.46,26/10/2021 17:03:10
QoKB98558820190718bw,20190718,E000086,鲜羊肉,新鲜去骨,65.93,36.39,42.48,26/10/2021 17:03:05
kimX98159820190717LK,20190717,E000086,鲜羊肉,新鲜去骨,65.86,36.46,42.46,26/10/2021 17:03:01
XKub97775220190716Ia,20190716,E000086,鲜羊肉,新鲜去骨,65.86,36.4,41.91,26/10/2021 17:02:57
TJgI97367120190715JK,20190715,E000086,鲜羊肉,新鲜去骨,65.86,36.35,41.9,26/10/2021 17:02:53
gyhQ96926920190714Gl,20190714,E000086,鲜羊肉,新鲜去骨,65.87,36.4,41.91,26/10/2021 17:02:49
mKre96536820190713xw,20190713,E000086,鲜羊肉,新鲜去骨,65.72,36.41,41.92,26/10/2021 17:02:45
VAoA96145720190712Sa,20190712,E000086,鲜羊肉,新鲜去骨,65.72,36.39,42.35,26/10/2021 17:02:41
JrbR95745520190711Jf,20190711,E000086,鲜羊肉,新鲜去骨,65.72,36.41,42.33,26/10/2021 17:02:37
VyXd95341820190710Dh,20190710,E000086,鲜羊肉,新鲜去骨,65.1,36.4,42.35,26/10/2021 17:02:33
Lfan87416320190709Iv,20190709,E000086,鲜羊肉,新鲜去骨,65.05,36.35,42.33,26/10/2021 19:14:34
uKJH94893620190708yw,20190708,E000086,鲜羊肉,新鲜去骨,65.18,36.3,42.35,26/10/2021 17:02:28
DUan94446220190707Ri,20190707,E000086,鲜羊肉,新鲜去骨,65.09,36.12,42.33,26/10/2021 17:02:24
uhiT94049020190706VL,20190706,E000086,鲜羊肉,新鲜去骨,65,36.15,42.33,26/10/2021 17:02:20
IuUE93656120190705Pb,20190705,E000086,鲜羊肉,新鲜去骨,65,36.12,42.33,26/10/2021 17:02:16
EMSg93276920190704uG,20190704,E000086,鲜羊肉,新鲜去骨,65,36.14,42.16,26/10/2021 17:02:12
xbcE92891720190703cR,20190703,E000086,鲜羊肉,新鲜去骨,65.05,36.07,42.15,26/10/2021 17:02:08
xLWc92481320190702JJ,20190702,E000086,鲜羊肉,新鲜去骨,65.09,36.09,41.98,26/10/2021 17:02:04
sOPx92082520190701Hq,20190701,E000086,鲜羊肉,新鲜去骨,65.05,36.03,41.98,26/10/2021 17:02:00
MdiV91686720190630XH,20190630,E000086,鲜羊肉,新鲜去骨,65.05,36.05,41.96,26/10/2021 17:01:56
XgbP91283820190629ib,20190629,E000086,鲜羊肉,新鲜去骨,65.05,36,41.96,26/10/2021 17:01:52
bSKV90884820190628Kb,20190628,E000086,鲜羊肉,新鲜去骨,65.05,36.05,42.04,26/10/2021 17:01:48
ohAR90502120190627CO,20190627,E000086,鲜羊肉,新鲜去骨,64.96,36.07,42.03,26/10/2021 17:01:45
PPfc90121220190626FI,20190626,E000086,鲜羊肉,新鲜去骨,65,36.07,41.91,26/10/2021 17:01:41
UtOa89728720190625YU,20190625,E000086,鲜羊肉,新鲜去骨,65.09,36.07,41.9,26/10/2021 17:01:37
Wflf89349120190624Rc,20190624,E000086,鲜羊肉,新鲜去骨,65.09,35.98,41.91,26/10/2021 17:01:33
ewck88917020190623aT,20190623,E000086,鲜羊肉,新鲜去骨,65.14,35.98,41.9,26/10/2021 17:01:29
sqKQ88502720190622BN,20190622,E000086,鲜羊肉,新鲜去骨,65,36.05,42.08,26/10/2021 17:01:25
brUN88123920190621oU,20190621,E000086,鲜羊肉,新鲜去骨,65,36.03,42.09,26/10/2021 17:01:21
eyJH87704620190620iA,20190620,E000086,鲜羊肉,新鲜去骨,64.6,36.05,42.1,26/10/2021 17:01:17
qBRJ87334620190619aA,20190619,E000086,鲜羊肉,新鲜去骨,63.74,36.16,42.09,26/10/2021 17:01:13
ddGf86949520190618EB,20190618,E000086,鲜羊肉,新鲜去骨,63.71,36.2,42.18,26/10/2021 17:01:09
nECK86562420190617mr,20190617,E000086,鲜羊肉,新鲜去骨,63.72,36.22,42.13,26/10/2021 17:01:05
clBN86169320190616da,20190616,E000086,鲜羊肉,新鲜去骨,63.72,36.18,41.9,26/10/2021 17:01:01
aoYU85794020190615fj,20190615,E000086,鲜羊肉,新鲜去骨,63.37,36.22,41.9,26/10/2021 17:00:57
vVeI85417520190614Np,20190614,E000086,鲜羊肉,新鲜去骨,63.37,36.3,41.85,26/10/2021 17:00:54
VoEQ85048920190613XP,20190613,E000086,鲜羊肉,新鲜去骨,63.35,36.33,41.83,26/10/2021 17:00:50
KmEN84661820190612DS,20190612,E000086,鲜羊肉,新鲜去骨,63.37,36.35,42.08,26/10/2021 17:00:46
nksi84277220190611GL,20190611,E000086,鲜羊肉,新鲜去骨,63.35,36.38,42.11,26/10/2021 17:00:42
aFul83885720190610bx,20190610,E000086,鲜羊肉,新鲜去骨,63.35,36.37,42.1,26/10/2021 17:00:38
vFgl83499020190609TV,20190609,E000086,鲜羊肉,新鲜去骨,63.14,36.41,42.11,26/10/2021 17:00:35
aqPQ83055320190608Fw,20190608,E000086,鲜羊肉,新鲜去骨,63.14,36.36,42.1,26/10/2021 17:00:30
Rhtf82635620190607oF,20190607,E000086,鲜羊肉,新鲜去骨,63.14,36.4,42.09,26/10/2021 17:00:26
bioo82240320190606iE,20190606,E000086,鲜羊肉,新鲜去骨,63.15,36.39,42.1,26/10/2021 17:00:22
gpII81852520190605he,20190605,E000086,鲜羊肉,新鲜去骨,63.16,36.4,42.11,26/10/2021 17:00:18
agYX81456520190604Ob,20190604,E000086,鲜羊肉,新鲜去骨,63.15,36.4,42.2,26/10/2021 17:00:14
bbKa81064220190603Ye,20190603,E000086,鲜羊肉,新鲜去骨,63.16,36.38,42.21,26/10/2021 17:00:10
WIVN80654120190602DQ,20190602,E000086,鲜羊肉,新鲜去骨,63.15,36.12,42.19,26/10/2021 17:00:06
tuUh80210020190601GA,20190601,E000086,鲜羊肉,新鲜去骨,63.16,36.15,42.2,26/10/2021 17:00:02
xPXS79790020190531xF,20190531,E000086,鲜羊肉,新鲜去骨,63.16,36.15,42.09,26/10/2021 16:59:57
LABG79378020190530Rd,20190530,E000086,鲜羊肉,新鲜去骨,63.16,36.31,42.48,26/10/2021 16:59:53
xNYh79000820190529ur,20190529,E000086,鲜羊肉,新鲜去骨,63.16,36.23,42.47,26/10/2021 16:59:50
fCar78619820190528jV,20190528,E000086,鲜羊肉,新鲜去骨,63.16,36.23,42.42,26/10/2021 16:59:46
WDyy78249520190527Eb,20190527,E000086,鲜羊肉,新鲜去骨,63.16,36.26,42.41,26/10/2021 16:59:42
oogx77873320190526Ua,20190526,E000086,鲜羊肉,新鲜去骨,63.16,36.23,42.4,26/10/2021 16:59:38
boUY77488620190525bb,20190525,E000086,鲜羊肉,新鲜去骨,62.4,36.26,42.41,26/10/2021 16:59:34
oimc77059120190524Cg,20190524,E000086,鲜羊肉,新鲜去骨,62.4,36.23,42.42,26/10/2021 16:59:30
yIvD87034420190523JE,20190523,E000086,鲜羊肉,新鲜去骨,62.4,36.32,42.41,26/10/2021 19:14:30
VBKa76629120190522Qk,20190522,E000086,鲜羊肉,新鲜去骨,62.4,36.36,42.5,26/10/2021 16:59:26
eJfE76229220190521IJ,20190521,E000086,鲜羊肉,新鲜去骨,62.37,36.36,42.48,26/10/2021 16:59:22
qAcY75799920190520gX,20190520,E000086,鲜羊肉,新鲜去骨,62.43,36.32,42.49,26/10/2021 16:59:18
jfVu75414520190519qC,20190519,E000086,鲜羊肉,新鲜去骨,62.37,36.39,42.5,26/10/2021 16:59:14
kieD75023520190518LJ,20190518,E000086,鲜羊肉,新鲜去骨,62.43,36.39,42.13,26/10/2021 16:59:10
mjeG74548820190517tw,20190517,E000086,鲜羊肉,新鲜去骨,62.43,36.41,42.12,26/10/2021 16:59:05
Inog74112420190516Uw,20190516,E000086,鲜羊肉,新鲜去骨,62.43,36.54,42.11,26/10/2021 16:59:01
IPjE73701320190515vb,20190515,E000086,鲜羊肉,新鲜去骨,62.37,36.5,42.12,26/10/2021 16:58:57
SPVQ73273320190514Wk,20190514,E000086,鲜羊肉,新鲜去骨,62.37,36.45,42.11,26/10/2021 16:58:52
qNsL72870720190513PD,20190513,E000086,鲜羊肉,新鲜去骨,62.37,36.59,42.12,26/10/2021 16:58:48
tjWI72468720190512Cj,20190512,E000086,鲜羊肉,新鲜去骨,62.37,36.64,42.11,26/10/2021 16:58:44
nJql72076720190511SC,20190511,E000086,鲜羊肉,新鲜去骨,62.5,36.68,42.1,26/10/2021 16:58:40
xODt71703620190510HR,20190510,E000086,鲜羊肉,新鲜去骨,62.5,36.64,42.11,26/10/2021 16:58:37
BwAn71324620190509Ae,20190509,E000086,鲜羊肉,新鲜去骨,62.63,36.68,41.5,26/10/2021 16:58:33
irtU70915720190508SC,20190508,E000086,鲜羊肉,新鲜去骨,62.46,36.64,41.48,26/10/2021 16:58:29
MQLU70532620190507OE,20190507,E000086,鲜羊肉,新鲜去骨,63.16,36.67,41.5,26/10/2021 16:58:25
BlgG70088520190506tA,20190506,E000086,鲜羊肉,新鲜去骨,63.15,36.68,41.55,26/10/2021 16:58:20
wMTB69670720190505aG,20190505,E000086,鲜羊肉,新鲜去骨,63.14,36.68,41.81,26/10/2021 16:58:16
GMIq69259720190504rM,20190504,E000086,鲜羊肉,新鲜去骨,63.14,36.66,41.92,26/10/2021 16:58:12
OhmK68854120190503Vs,20190503,E000086,鲜羊肉,新鲜去骨,63.14,36.68,41.88,26/10/2021 16:58:08
FtHL68452920190502jT,20190502,E000086,鲜羊肉,新鲜去骨,63.13,36.59,41.91,26/10/2021 16:58:04
aHgu68055220190501wo,20190501,E000086,鲜羊肉,新鲜去骨,63.13,36.61,41.92,26/10/2021 16:58:00
qlRm67672120190430iN,20190430,E000086,鲜羊肉,新鲜去骨,63.13,36.66,41.93,26/10/2021 16:57:56
oFRh67284020190429RS,20190429,E000086,鲜羊肉,新鲜去骨,63.13,36.69,41.92,26/10/2021 16:57:52
AfXo66905120190428wQ,20190428,E000086,鲜羊肉,新鲜去骨,63.13,36.64,41.93,26/10/2021 16:57:49
qwsq66493820190427Gc,20190427,E000086,鲜羊肉,新鲜去骨,63.14,36.62,41.91,26/10/2021 16:57:44
FbrK66057920190426CU,20190426,E000086,鲜羊肉,新鲜去骨,63.14,36.64,41.92,26/10/2021 16:57:40
aqrx65652820190425yp,20190425,E000086,鲜羊肉,新鲜去骨,63.15,36.59,41.93,26/10/2021 16:57:36
oUOi65234920190424Ik,20190424,E000086,鲜羊肉,新鲜去骨,63.15,36.64,41.92,26/10/2021 16:57:32
AyCn64832820190423bK,20190423,E000086,鲜羊肉,新鲜去骨,63.14,36.55,41.93,26/10/2021 16:57:28
tWKk64428820190422MN,20190422,E000086,鲜羊肉,新鲜去骨,63.15,36.58,41.92,26/10/2021 16:57:24
tyBU63975320190421JE,20190421,E000086,鲜羊肉,新鲜去骨,63.14,36.55,41.88,26/10/2021 16:57:19
PheE63498120190420FY,20190420,E000086,鲜羊肉,新鲜去骨,63.14,36.58,41.91,26/10/2021 16:57:15
HOdJ63104720190419Hs,20190419,E000086,鲜羊肉,新鲜去骨,63.15,36.55,41.92,26/10/2021 16:57:11
HFeE62711920190418Qg,20190418,E000086,鲜羊肉,新鲜去骨,63.16,36.61,42,26/10/2021 16:57:07
aqLM62336120190417mR,20190417,E000086,鲜羊肉,新鲜去骨,63.16,36.61,41.98,26/10/2021 16:57:03
hlup61938320190416sw,20190416,E000086,鲜羊肉,新鲜去骨,63.15,36.66,41.98,26/10/2021 16:56:59
CROP61547920190415Ei,20190415,E000086,鲜羊肉,新鲜去骨,63.14,36.61,42,26/10/2021 16:56:55
vfhR61170720190414cW,20190414,E000086,鲜羊肉,新鲜去骨,63.15,36.59,41.35,26/10/2021 16:56:51
aovR60806120190413uO,20190413,E000086,鲜羊肉,新鲜去骨,63.16,36.64,41.36,26/10/2021 16:56:48
KFbh60438620190412Cl,20190412,E000086,鲜羊肉,新鲜去骨,63.16,36.59,41.37,26/10/2021 16:56:44
DhMx60063820190411Pl,20190411,E000086,鲜羊肉,新鲜去骨,63.16,36.66,41.36,26/10/2021 16:56:40
DEDD59706320190410sU,20190410,E000086,鲜羊肉,新鲜去骨,63.16,36.66,41.37,26/10/2021 16:56:37
ciGp59325520190409cs,20190409,E000086,鲜羊肉,新鲜去骨,63.16,36.7,41.36,26/10/2021 16:56:33
jAhM58937420190408oJ,20190408,E000086,鲜羊肉,新鲜去骨,63.15,36.66,41.06,26/10/2021 16:56:29
glxu58557220190407Xb,20190407,E000086,鲜羊肉,新鲜去骨,63.15,36.7,41.12,26/10/2021 16:56:25
cUgu86652220190406Tp,20190406,E000086,鲜羊肉,新鲜去骨,63.14,36.7,41.06,26/10/2021 19:14:26
YrQv58162420190405Of,20190405,E000086,鲜羊肉,新鲜去骨,63.14,36.71,41.06,26/10/2021 16:56:21
IGGX57646520190404UX,20190404,E000086,鲜羊肉,新鲜去骨,63.16,36.68,41.06,26/10/2021 16:56:16
sXrF57105120190403Ko,20190403,E000086,鲜羊肉,新鲜去骨,63.15,36.73,41.06,26/10/2021 16:56:11
AGXD56574420190402EU,20190402,E000086,鲜羊肉,新鲜去骨,63,36.66,41.04,26/10/2021 16:56:05
gNtG56047220190401Mc,20190401,E000086,鲜羊肉,新鲜去骨,62.97,36.75,41.06,26/10/2021 16:56:00
RJKo55615820190331Sy,20190331,E000086,鲜羊肉,新鲜去骨,62.98,36.78,41.05,26/10/2021 16:55:56
soyS55213020190330qn,20190330,E000086,鲜羊肉,新鲜去骨,62.97,36.78,41.19,26/10/2021 16:55:52
iSXu54707020190329QD,20190329,E000086,鲜羊肉,新鲜去骨,62.97,36.8,41.18,26/10/2021 16:55:47
fBNl54162720190328fS,20190328,E000086,鲜羊肉,新鲜去骨,62.98,36.82,41.5,26/10/2021 16:55:41
deAM53604820190327Cr,20190327,E000086,鲜羊肉,新鲜去骨,62.98,36.77,41.49,26/10/2021 16:55:36
OWQx53045720190326EF,20190326,E000086,鲜羊肉,新鲜去骨,63,36.66,41.55,26/10/2021 16:55:30
uQOU52515220190325RN,20190325,E000086,鲜羊肉,新鲜去骨,64.97,36.77,41.56,26/10/2021 16:55:25
DAMF52090620190324if,20190324,E000086,鲜羊肉,新鲜去骨,64.95,36.79,41.54,26/10/2021 16:55:20
pxoA51697420190323tt,20190323,E000086,鲜羊肉,新鲜去骨,65.13,36.77,41.54,26/10/2021 16:55:16
nHMl51310620190322ot,20190322,E000086,鲜羊肉,新鲜去骨,65.26,36.8,41.55,26/10/2021 16:55:13
Auhw50914120190321iK,20190321,E000086,鲜羊肉,新鲜去骨,65.08,36.8,41.54,26/10/2021 16:55:09
lCmb50480320190320lT,20190320,E000086,鲜羊肉,新鲜去骨,65.25,36.76,41.48,26/10/2021 16:55:04
RjpX50069720190319jU,20190319,E000086,鲜羊肉,新鲜去骨,65.3,36.76,41.62,26/10/2021 16:55:00
OScC49679320190318oy,20190318,E000086,鲜羊肉,新鲜去骨,65.04,36.75,41.54,26/10/2021 16:54:56
eLNh49308920190317Ft,20190317,E000086,鲜羊肉,新鲜去骨,65.11,36.75,41.65,26/10/2021 16:54:53
gAba48924620190316yH,20190316,E000086,鲜羊肉,新鲜去骨,65.11,36.76,41.67,26/10/2021 16:54:49
SXEH48543620190315pm,20190315,E000086,鲜羊肉,新鲜去骨,65.08,36.76,41.68,26/10/2021 16:54:45
FDGi48149320190314YH,20190314,E000086,鲜羊肉,新鲜去骨,65.11,36.82,41.67,26/10/2021 16:54:41
XYEo47767220190313ae,20190313,E000086,鲜羊肉,新鲜去骨,65.11,36.89,41.68,26/10/2021 16:54:37
WisF47356520190312Jg,20190312,E000086,鲜羊肉,新鲜去骨,65.1,36.92,41.54,26/10/2021 16:54:33
Cdtj46842720190311uo,20190311,E000086,鲜羊肉,新鲜去骨,65.1,36.86,41.56,26/10/2021 16:54:28
JYbd46300420190310Dg,20190310,E000086,鲜羊肉,新鲜去骨,65.65,37.01,41.54,26/10/2021 16:54:23
TQbQ45776020190309nJ,20190309,E000086,鲜羊肉,新鲜去骨,65.73,37.01,41.54,26/10/2021 16:54:17
NlgD45229320190308pF,20190308,E000086,鲜羊肉,新鲜去骨,65.82,37.02,41.54,26/10/2021 16:54:12
Wubq44682520190307xm,20190307,E000086,鲜羊肉,新鲜去骨,65.94,37.05,41.16,26/10/2021 16:54:06
UAVY44136220190306RK,20190306,E000086,鲜羊肉,新鲜去骨,66.04,37.02,41.15,26/10/2021 16:54:01
abtY43599720190305EQ,20190305,E000086,鲜羊肉,新鲜去骨,65.85,37.02,41.16,26/10/2021 16:53:56
dcqf43191320190304pq,20190304,E000086,鲜羊肉,新鲜去骨,65.85,37.25,41.15,26/10/2021 16:53:51
BUrg42792920190303qQ,20190303,E000086,鲜羊肉,新鲜去骨,66.04,37.28,41.16,26/10/2021 16:53:47
qmlk42410820190302oC,20190302,E000086,鲜羊肉,新鲜去骨,66.6,37.11,41.16,26/10/2021 16:53:44
UwyO42009920190301rF,20190301,E000086,鲜羊肉,新鲜去骨,66.66,37.12,41.16,26/10/2021 16:53:40
KBvd41619620190228xT,20190228,E000086,鲜羊肉,新鲜去骨,66.7,37.09,40.99,26/10/2021 16:53:36
rHXI41235120190227ym,20190227,E000086,鲜羊肉,新鲜去骨,66.65,37.28,40.98,26/10/2021 16:53:32
oVQj40827220190226Iv,20190226,E000086,鲜羊肉,新鲜去骨,66.65,37.16,40.97,26/10/2021 16:53:28
PJir40440520190225en,20190225,E000086,鲜羊肉,新鲜去骨,66.57,37.19,40.98,26/10/2021 16:53:24
KQaU40048320190224Fl,20190224,E000086,鲜羊肉,新鲜去骨,66.96,37.33,40.96,26/10/2021 16:53:20
oVVY39660620190223sm,20190223,E000086,鲜羊肉,新鲜去骨,66.98,37.33,40.96,26/10/2021 16:53:16
TjdY39244120190222qe,20190222,E000086,鲜羊肉,新鲜去骨,67.04,37.34,40.97,26/10/2021 16:53:12
hkIL38829220190221Uw,20190221,E000086,鲜羊肉,新鲜去骨,66.88,37.46,40.98,26/10/2021 16:53:08
depp38345620190220tR,20190220,E000086,鲜羊肉,新鲜去骨,67.09,37.46,40.85,26/10/2021 16:53:03
oGON37918720190219JE,20190219,E000086,鲜羊肉,新鲜去骨,65.4,37.45,40.86,26/10/2021 16:52:59
hIoX86267820190218sg,20190218,E000086,鲜羊肉,新鲜去骨,65.36,37.49,40.85,26/10/2021 19:14:22
cixV37488120190217OY,20190217,E000086,鲜羊肉,新鲜去骨,67.04,37.49,40.86,26/10/2021 16:52:54
TBQc37085620190216Qp,20190216,E000086,鲜羊肉,新鲜去骨,65.65,37.49,40.85,26/10/2021 16:52:50
UmHL36679320190215Ve,20190215,E000086,鲜羊肉,新鲜去骨,65.47,37.5,40.85,26/10/2021 16:52:46
kIXR36284020190214HX,20190214,E000086,鲜羊肉,新鲜去骨,65.37,37.6,40.86,26/10/2021 16:52:42
BMHp35887220190213NQ,20190213,E000086,鲜羊肉,新鲜去骨,66.44,37.55,40.85,26/10/2021 16:52:38
hgPL35496020190212kh,20190212,E000086,鲜羊肉,新鲜去骨,66.44,37.59,40.86,26/10/2021 16:52:34
nswj35107720190211ey,20190211,E000086,鲜羊肉,新鲜去骨,66.44,37.61,40.87,26/10/2021 16:52:31
TuxA34720320190210im,20190210,E000086,鲜羊肉,新鲜去骨,68,37.89,40.92,26/10/2021 16:52:27
VfLy34327420190209gN,20190209,E000086,鲜羊肉,新鲜去骨,68,37.86,40.93,26/10/2021 16:52:23
lunl33947520190208Wu,20190208,E000086,鲜羊肉,新鲜去骨,68,37.91,40.8,26/10/2021 16:52:19
xLyq33549320190207dJ,20190207,E000086,鲜羊肉,新鲜去骨,68,37.86,40.81,26/10/2021 16:52:15
gJxF33157420190206Gs,20190206,E000086,鲜羊肉,新鲜去骨,68,37.91,40.8,26/10/2021 16:52:11
qstb32731620190205Bs,20190205,E000086,鲜羊肉,新鲜去骨,68,37.86,40.79,26/10/2021 16:52:07
GVYF32300020190204Ov,20190204,E000086,鲜羊肉,新鲜去骨,68,37.83,40.8,26/10/2021 16:52:03
duBW31870620190203vR,20190203,E000086,鲜羊肉,新鲜去骨,67.66,37.43,40.57,26/10/2021 16:51:58
KyLv31476120190202rq,20190202,E000086,鲜羊肉,新鲜去骨,68.11,37.36,40.68,26/10/2021 16:51:54
pqBl31078820190201NI,20190201,E000086,鲜羊肉,新鲜去骨,67.79,37.38,40.31,26/10/2021 16:51:50
iJFq30688120190131vi,20190131,E000086,鲜羊肉,新鲜去骨,67.81,37.39,40.32,26/10/2021 16:51:46
dtsr30305820190130pj,20190130,E000086,鲜羊肉,新鲜去骨,67.75,37.32,40.31,26/10/2021 16:51:43
yNrB29898220190129Rj,20190129,E000086,鲜羊肉,新鲜去骨,67.72,37.35,40.32,26/10/2021 16:51:39
pkle29495020190128fQ,20190128,E000086,鲜羊肉,新鲜去骨,67.78,37.27,40.55,26/10/2021 16:51:34
GeNj29100920190127oN,20190127,E000086,鲜羊肉,新鲜去骨,67.77,37.32,40.56,26/10/2021 16:51:31
gUhs28666720190126Mm,20190126,E000086,鲜羊肉,新鲜去骨,67.97,37.32,40.55,26/10/2021 16:51:26
FkEi28188420190125iK,20190125,E000086,鲜羊肉,新鲜去骨,67.96,37.35,40.55,26/10/2021 16:51:21
SXpl27663520190124cg,20190124,E000086,鲜羊肉,新鲜去骨,67.98,37.32,40.56,26/10/2021 16:51:16
CElW27129020190123jC,20190123,E000086,鲜羊肉,新鲜去骨,67.96,37.3,40.61,26/10/2021 16:51:11
bXLA26577620190122Cc,20190122,E000086,鲜羊肉,新鲜去骨,67.96,37.28,40.51,26/10/2021 16:51:05
MPUj26015620190121hj,20190121,E000086,鲜羊肉,新鲜去骨,67.05,37.32,40.49,26/10/2021 16:51:00
WLvc25529820190120jV,20190120,E000086,鲜羊肉,新鲜去骨,67.16,37.33,40.51,26/10/2021 16:50:55
OdHd25060220190119MN,20190119,E000086,鲜羊肉,新鲜去骨,67.12,37.32,40.51,26/10/2021 16:50:50
LUfT24529020190118pq,20190118,E000086,鲜羊肉,新鲜去骨,67.05,37.3,40.27,26/10/2021 16:50:45
SiUX24003920190117ev,20190117,E000086,鲜羊肉,新鲜去骨,66.87,37.38,40.28,26/10/2021 16:50:40
WIXs23502820190116aJ,20190116,E000086,鲜羊肉,新鲜去骨,66.99,37.21,40.27,26/10/2021 16:50:35
WDkV22973020190115tc,20190115,E000086,鲜羊肉,新鲜去骨,66.86,37.27,40.28,26/10/2021 16:50:29
PYfn22485020190114Ff,20190114,E000086,鲜羊肉,新鲜去骨,66.95,37.47,39.74,26/10/2021 16:50:24
gCQu22079920190113gh,20190113,E000086,鲜羊肉,新鲜去骨,64.32,37.51,39.74,26/10/2021 16:50:20
CAXo21699120190112tJ,20190112,E000086,鲜羊肉,新鲜去骨,62.83,37.5,39.75,26/10/2021 16:50:17
jCmh21277920190111pH,20190111,E000086,鲜羊肉,新鲜去骨,63.05,37.48,39.74,26/10/2021 16:50:12
MiMh20871420190110rY,20190110,E000086,鲜羊肉,新鲜去骨,63.17,37.37,39.73,26/10/2021 16:50:08
XPLH20410720190109Im,20190109,E000086,鲜羊肉,新鲜去骨,63.14,37.39,39.74,26/10/2021 16:50:04
AmNX20002820190108UF,20190108,E000086,鲜羊肉,新鲜去骨,63.22,37.55,39.9,26/10/2021 16:50:00
TvGc19574320190107Yp,20190107,E000086,鲜羊肉,新鲜去骨,63.22,37.61,39.92,26/10/2021 16:49:55
tfsU19151420190106nO,20190106,E000086,鲜羊肉,新鲜去骨,64.59,37.55,41.18,26/10/2021 16:49:51
NTLu18724220190105wy,20190105,E000086,鲜羊肉,新鲜去骨,63.31,37.55,41.18,26/10/2021 16:49:47
RFRv18324620190104eB,20190104,E000086,鲜羊肉,新鲜去骨,63.31,37.32,41.19,26/10/2021 16:49:43
sfHV17902920190103NY,20190103,E000086,鲜羊肉,新鲜去骨,63.3,37.38,41.2,26/10/2021 16:49:39
UUca17488620190102eq,20190102,E000086,鲜羊肉,新鲜去骨,63.22,37.31,41.19,26/10/2021 16:49:34
lSFQ17091020190101YM,20190101,E000086,鲜羊肉,新鲜去骨,63.07,37.25,41.2,26/10/2021 16:49:30
AoqT07597520181231bN,20181231,E000086,鲜羊肉,新鲜去骨,66.77,37.24,41.21,26/10/2021 16:47:55
VDtA07217920181230Wc,20181230,E000086,鲜羊肉,新鲜去骨,66.79,37.26,41.2,26/10/2021 16:47:52
VJOK06803720181229EW,20181229,E000086,鲜羊肉,新鲜去骨,66.79,37.17,41.21,26/10/2021 16:47:48
KckX06331220181228LH,20181228,E000086,鲜羊肉,新鲜去骨,66.64,37.14,41.2,26/10/2021 16:47:43
yfoP05863220181227cD,20181227,E000086,鲜羊肉,新鲜去骨,66.63,36.94,41.21,26/10/2021 16:47:38
TXqN05361920181226Qw,20181226,E000086,鲜羊肉,新鲜去骨,66.65,36.91,41.02,26/10/2021 16:47:33
Tncx04882920181225vk,20181225,E000086,鲜羊肉,新鲜去骨,66.69,36.73,40.78,26/10/2021 16:47:28
vuIJ04424620181224yu,20181224,E000086,鲜羊肉,新鲜去骨,66.69,36.72,40.78,26/10/2021 16:47:24
UDGw03973420181223Ky,20181223,E000086,鲜羊肉,新鲜去骨,66.75,36.74,40.77,26/10/2021 16:47:19
qBDN03554220181222cQ,20181222,E000086,鲜羊肉,新鲜去骨,66.71,36.75,40.78,26/10/2021 16:47:15
PCqw03131020181221QQ,20181221,E000086,鲜羊肉,新鲜去骨,66.71,36.75,40.77,26/10/2021 16:47:11
QQNu02676820181220Xm,20181220,E000086,鲜羊肉,新鲜去骨,66.64,36.59,40.78,26/10/2021 16:47:06
BaBM02296620181219Qs,20181219,E000086,鲜羊肉,新鲜去骨,66.66,36.36,40.48,26/10/2021 16:47:02
rkim01892720181218aJ,20181218,E000086,鲜羊肉,新鲜去骨,66.69,36.16,40.5,26/10/2021 16:46:58
fBEG01501720181217TU,20181217,E000086,鲜羊肉,新鲜去骨,66.59,35.66,40.48,26/10/2021 16:46:55
VJQe01122120181216WN,20181216,E000086,鲜羊肉,新鲜去骨,66.62,35.42,40.5,26/10/2021 16:46:51
ufIE00748220181215LB,20181215,E000086,鲜羊肉,新鲜去骨,66.05,35.41,40.5,26/10/2021 16:46:47
mGwo00360020181214Ww,20181214,E000086,鲜羊肉,新鲜去骨,66.09,35.4,40.84,26/10/2021 16:46:43
roHk99988920181213ya,20181213,E000086,鲜羊肉,新鲜去骨,66.06,35.36,40.83,26/10/2021 16:46:39
PYEN99586620181212DQ,20181212,E000086,鲜羊肉,新鲜去骨,65.97,35.2,40.47,26/10/2021 16:46:35
niJr99184020181211yx,20181211,E000086,鲜羊肉,新鲜去骨,65.97,35.24,40.47,26/10/2021 16:46:31
nlfO98797120181210Qr,20181210,E000086,鲜羊肉,新鲜去骨,65.98,34.98,40.03,26/10/2021 16:46:27
Ldoi98421120181209mJ,20181209,E000086,鲜羊肉,新鲜去骨,65,34.98,40.02,26/10/2021 16:46:24
hslp98008620181208uK,20181208,E000086,鲜羊肉,新鲜去骨,65.05,34.98,40.03,26/10/2021 16:46:20
tBwa97607320181207WB,20181207,E000086,鲜羊肉,新鲜去骨,65.03,34.98,40.04,26/10/2021 16:46:16
GCHC97196820181206qb,20181206,E000086,鲜羊肉,新鲜去骨,64.63,34.87,39.92,26/10/2021 16:46:11
mlGL96771220181205PO,20181205,E000086,鲜羊肉,新鲜去骨,64.65,34.84,39.9,26/10/2021 16:46:07
QYTC96368620181204GJ,20181204,E000086,鲜羊肉,新鲜去骨,64.63,34.65,39.6,26/10/2021 16:46:03
yJfE95974520181203hs,20181203,E000086,鲜羊肉,新鲜去骨,64.6,34.65,39.59,26/10/2021 16:45:59
IRDL95577920181202LW,20181202,E000086,鲜羊肉,新鲜去骨,64.6,34.61,39.6,26/10/2021 16:45:55
lLPq95189920181201ss,20181201,E000086,鲜羊肉,新鲜去骨,64.6,34.61,39.58,26/10/2021 16:45:51
tIAg94799720181130KD,20181130,E000086,鲜羊肉,新鲜去骨,64.6,34.59,39.57,26/10/2021 16:45:48
JFyT94410020181129GV,20181129,E000086,鲜羊肉,新鲜去骨,64.62,34.41,39.59,26/10/2021 16:45:44
CwcL94012020181128uk,20181128,E000086,鲜羊肉,新鲜去骨,64.59,34.39,39.6,26/10/2021 16:45:40
TybP84182720181127qH,20181127,E000086,鲜羊肉,新鲜去骨,64.6,34.42,39.62,26/10/2021 19:14:01
ddwQ93625320181126ic,20181126,E000086,鲜羊肉,新鲜去骨,64.59,34.25,39.63,26/10/2021 16:45:36
OHNP93234820181125yU,20181125,E000086,鲜羊肉,新鲜去骨,61.75,34.27,39.65,26/10/2021 16:45:32
uNns92841520181124sI,20181124,E000086,鲜羊肉,新鲜去骨,61.75,34.24,39.62,26/10/2021 16:45:28
imun92462620181123ud,20181123,E000086,鲜羊肉,新鲜去骨,61.74,34.25,39.6,26/10/2021 16:45:24
hCFW92066620181122LD,20181122,E000086,鲜羊肉,新鲜去骨,61.75,34.02,39.59,26/10/2021 16:45:20
ATvM91694820181121ra,20181121,E000086,鲜羊肉,新鲜去骨,61.75,34.07,39.6,26/10/2021 16:45:16
arfp91274620181120xP,20181120,E000086,鲜羊肉,新鲜去骨,61.7,34.02,40.13,26/10/2021 16:45:12
GlAC90897820181119GT,20181119,E000086,鲜羊肉,新鲜去骨,61.68,34.12,40.12,26/10/2021 16:45:08
EDwQ90491820181118ee,20181118,E000086,鲜羊肉,新鲜去骨,61.75,34.11,40.11,26/10/2021 16:45:04
QsMX90085520181117nQ,20181117,E000086,鲜羊肉,新鲜去骨,61.75,34.12,40.1,26/10/2021 16:45:00
fihE89680620181116Fn,20181116,E000086,鲜羊肉,新鲜去骨,61.75,34.09,40.1,26/10/2021 16:44:56
iOIV89305720181115Xm,20181115,E000086,鲜羊肉,新鲜去骨,61.75,34.14,40.1,26/10/2021 16:44:53
ciBp88904120181114nj,20181114,E000086,鲜羊肉,新鲜去骨,61.71,34.15,40.12,26/10/2021 16:44:49
acBt88517320181113Ff,20181113,E000086,鲜羊肉,新鲜去骨,61.7,34.15,40.1,26/10/2021 16:44:45
OqQN88109920181112rO,20181112,E000086,鲜羊肉,新鲜去骨,61.27,34.1,40.12,26/10/2021 16:44:41
qsGK87708920181111Gi,20181111,E000086,鲜羊肉,新鲜去骨,61.62,34.01,40.1,26/10/2021 16:44:37
RGdf87310520181110KB,20181110,E000086,鲜羊肉,新鲜去骨,61.5,33.98,40.12,26/10/2021 16:44:33
wPIr86918820181109uu,20181109,E000086,鲜羊肉,新鲜去骨,61.5,33.97,40.1,26/10/2021 16:44:29
kiSB86503020181108Gb,20181108,E000086,鲜羊肉,新鲜去骨,60.94,33.91,40.12,26/10/2021 16:44:25
XIHa86054720181107vY,20181107,E000086,鲜羊肉,新鲜去骨,60.98,33.88,40.1,26/10/2021 16:44:20
NUkN85624920181106DJ,20181106,E000086,鲜羊肉,新鲜去骨,60.99,33.9,40.48,26/10/2021 16:44:16
xdIv85220120181105fW,20181105,E000086,鲜羊肉,新鲜去骨,60.96,33.89,40.49,26/10/2021 16:44:12
PFvA84803020181104gs,20181104,E000086,鲜羊肉,新鲜去骨,60.94,33.79,40.74,26/10/2021 16:44:08
nhqs84384120181103uS,20181103,E000086,鲜羊肉,新鲜去骨,60.94,33.77,40.75,26/10/2021 16:44:03
orqV83954820181102qR,20181102,E000086,鲜羊肉,新鲜去骨,60.94,33.76,41.06,26/10/2021 16:43:59
oltj83550020181101OR,20181101,E000086,鲜羊肉,新鲜去骨,60.94,33.58,41.07,26/10/2021 16:43:55
iPFw83136020181031he,20181031,E000086,鲜羊肉,新鲜去骨,60.38,33.57,41.06,26/10/2021 16:43:51
JSHv82719420181030JL,20181030,E000086,鲜羊肉,新鲜去骨,60.38,33.58,40.55,26/10/2021 16:43:47
cUWu82300720181029LN,20181029,E000086,鲜羊肉,新鲜去骨,60.38,33.23,40.56,26/10/2021 16:43:43
PORG81839820181028jy,20181028,E000086,鲜羊肉,新鲜去骨,60.38,33.22,40.57,26/10/2021 16:43:38
Owav81441220181027GS,20181027,E000086,鲜羊肉,新鲜去骨,60.38,33.23,40.58,26/10/2021 16:43:34
rWYX81037320181026Ub,20181026,E000086,鲜羊肉,新鲜去骨,60.38,33.03,40.43,26/10/2021 16:43:30
uhkI80639320181025Pv,20181025,E000086,鲜羊肉,新鲜去骨,60.35,32.99,40.42,26/10/2021 16:43:26
CMgq80224920181024DR,20181024,E000086,鲜羊肉,新鲜去骨,60.36,33,40.43,26/10/2021 16:43:22
ExGq79798720181023lF,20181023,E000086,鲜羊肉,新鲜去骨,59.81,32.99,40.42,26/10/2021 16:43:18
jPcx79391220181022JE,20181022,E000086,鲜羊肉,新鲜去骨,59.71,33,40.43,26/10/2021 16:43:13
BGlp78984420181021mu,20181021,E000086,鲜羊肉,新鲜去骨,59.89,33,40.81,26/10/2021 16:43:09
OkJP78501320181020To,20181020,E000086,鲜羊肉,新鲜去骨,59.34,32.97,40.81,26/10/2021 16:43:05
cqME78017620181019Ab,20181019,E000086,鲜羊肉,新鲜去骨,59.34,32.99,40.79,26/10/2021 16:43:00
mhSE77595520181018ya,20181018,E000086,鲜羊肉,新鲜去骨,59.83,32.89,40.61,26/10/2021 16:42:55
DNmt77190720181017SQ,20181017,E000086,鲜羊肉,新鲜去骨,59.83,32.95,41.21,26/10/2021 16:42:51
tXsX76794520181016de,20181016,E000086,鲜羊肉,新鲜去骨,59.84,32.95,41.22,26/10/2021 16:42:47
gFMS76383420181015Gt,20181015,E000086,鲜羊肉,新鲜去骨,59.83,32.95,41.21,26/10/2021 16:42:43
IOsu75973020181014kk,20181014,E000086,鲜羊肉,新鲜去骨,59.66,32.9,41.22,26/10/2021 16:42:39
juHn75571120181013vW,20181013,E000086,鲜羊肉,新鲜去骨,59.66,32.91,41.21,26/10/2021 16:42:35
rrvb75174820181012SE,20181012,E000086,鲜羊肉,新鲜去骨,59.66,32.89,41.1,26/10/2021 16:42:31
vYPA83467120181011fm,20181011,E000086,鲜羊肉,新鲜去骨,59.66,32.89,41.08,26/10/2021 19:13:54
bUwV74768020181010OA,20181010,E000086,鲜羊肉,新鲜去骨,59.66,32.9,41.1,26/10/2021 16:42:27
pNlq74368820181009FU,20181009,E000086,鲜羊肉,新鲜去骨,59.28,32.9,41.08,26/10/2021 16:42:23
dAje73982820181008fW,20181008,E000086,鲜羊肉,新鲜去骨,59.28,32.9,41.2,26/10/2021 16:42:19
bfBF73597820181007cd,20181007,E000086,鲜羊肉,新鲜去骨,59.11,32.91,41.21,26/10/2021 16:42:16
vcep73169020181006br,20181006,E000086,鲜羊肉,新鲜去骨,59.11,32.89,41.22,26/10/2021 16:42:11
EBwS72713720181005Fc,20181005,E000086,鲜羊肉,新鲜去骨,59.11,32.91,41.21,26/10/2021 16:42:07
SRWw72285320181004Xp,20181004,E000086,鲜羊肉,新鲜去骨,59.11,32.9,41.22,26/10/2021 16:42:02
oACB71858520181003Qf,20181003,E000086,鲜羊肉,新鲜去骨,59.11,32.91,41.23,26/10/2021 16:41:58
qqQa71432420181002Cp,20181002,E000086,鲜羊肉,新鲜去骨,59.13,32.92,41.22,26/10/2021 16:41:54
CFgu71038220181001AI,20181001,E000086,鲜羊肉,新鲜去骨,59.16,32.91,41.21,26/10/2021 16:41:50
TfWc70645120180930vN,20180930,E000086,鲜羊肉,新鲜去骨,59.19,32.89,41.22,26/10/2021 16:41:46
uljX70222420180929kV,20180929,E000086,鲜羊肉,新鲜去骨,59.17,32.82,41.08,26/10/2021 16:41:42
OgOB69838820180928Ps,20180928,E000086,鲜羊肉,新鲜去骨,59.17,32.81,41.1,26/10/2021 16:41:38
tsYs69413720180927tN,20180927,E000086,鲜羊肉,新鲜去骨,59.17,32.82,41.08,26/10/2021 16:41:34
gEOj69008120180926GN,20180926,E000086,鲜羊肉,新鲜去骨,59.17,32.82,41.07,26/10/2021 16:41:30
qkKs68594720180925cd,20180925,E000086,鲜羊肉,新鲜去骨,58.62,32.82,41.08,26/10/2021 16:41:25
XylC68183320180924Ne,20180924,E000086,鲜羊肉,新鲜去骨,59.2,32.84,41.1,26/10/2021 16:41:21
HLGN67718720180923Oq,20180923,E000086,鲜羊肉,新鲜去骨,59.01,32.84,41.08,26/10/2021 16:41:17
eVIV67269720180922td,20180922,E000086,鲜羊肉,新鲜去骨,59.01,32.84,40.55,26/10/2021 16:41:12
tgGh66842020180921Gg,20180921,E000086,鲜羊肉,新鲜去骨,59.01,32.83,40.54,26/10/2021 16:41:08
mrxw66380820180920OU,20180920,E000086,鲜羊肉,新鲜去骨,59,32.82,40.55,26/10/2021 16:41:03
tEKw65979620180919kF,20180919,E000086,鲜羊肉,新鲜去骨,58.8,32.8,40.54,26/10/2021 16:40:59
IYoa65597620180918jQ,20180918,E000086,鲜羊肉,新鲜去骨,58.79,32.71,40.8,26/10/2021 16:40:56
bXFR65203420180917hL,20180917,E000086,鲜羊肉,新鲜去骨,58.79,32.57,40.79,26/10/2021 16:40:52
dess64772220180916LI,20180916,E000086,鲜羊肉,新鲜去骨,58.79,32.57,40.8,26/10/2021 16:40:47
OGRq64342220180915vA,20180915,E000086,鲜羊肉,新鲜去骨,58.61,32.55,40.79,26/10/2021 16:40:43
whjJ63927720180914xK,20180914,E000086,鲜羊肉,新鲜去骨,58.61,32.55,40.8,26/10/2021 16:40:39
tSTj63507820180913Cy,20180913,E000086,鲜羊肉,新鲜去骨,58.61,32.52,40.79,26/10/2021 16:40:35
stML63060820180912UJ,20180912,E000086,鲜羊肉,新鲜去骨,58.34,32.51,40.8,26/10/2021 16:40:30
CpGx62639920180911Mp,20180911,E000086,鲜羊肉,新鲜去骨,58.34,32.45,40.79,26/10/2021 16:40:26
Mftt62215720180910wC,20180910,E000086,鲜羊肉,新鲜去骨,58.34,32.52,40.43,26/10/2021 16:40:22
bbfY61766620180909en,20180909,E000086,鲜羊肉,新鲜去骨,58.34,32.46,40.41,26/10/2021 16:40:17
qFxm61331020180908pj,20180908,E000086,鲜羊肉,新鲜去骨,58.34,32.46,40.43,26/10/2021 16:40:13
fOYM60936420180907xG,20180907,E000086,鲜羊肉,新鲜去骨,58.34,32.5,40.41,26/10/2021 16:40:09
pOpX60513620180906NN,20180906,E000086,鲜羊肉,新鲜去骨,58.34,32.51,40.4,26/10/2021 16:40:05
ymIQ60103120180905dC,20180905,E000086,鲜羊肉,新鲜去骨,58.34,32.55,40.41,26/10/2021 16:40:01
dYqW59704420180904pi,20180904,E000086,鲜羊肉,新鲜去骨,58.34,32.4,40.43,26/10/2021 16:39:57
wTkQ59312920180903WN,20180903,E000086,鲜羊肉,新鲜去骨,58.34,32.36,40.41,26/10/2021 16:39:53
tTOQ58928920180902uI,20180902,E000086,鲜羊肉,新鲜去骨,58.34,32.44,39.98,26/10/2021 16:39:49
vchs58555120180901qA,20180901,E000086,鲜羊肉,新鲜去骨,58.34,32.44,39.97,26/10/2021 16:39:45
lxkq58167920180831KK,20180831,E000086,鲜羊肉,新鲜去骨,58.34,32.41,39.98,26/10/2021 16:39:41
KOYE57761620180830Kl,20180830,E000086,鲜羊肉,新鲜去骨,58.4,32.54,39.99,26/10/2021 16:39:37
IGpJ57345020180829dQ,20180829,E000086,鲜羊肉,新鲜去骨,58.4,32.47,39.98,26/10/2021 16:39:33
lUaX56960620180828nf,20180828,E000086,鲜羊肉,新鲜去骨,58.4,32.48,39.99,26/10/2021 16:39:29
ygPk56588420180827Xm,20180827,E000086,鲜羊肉,新鲜去骨,58.4,32.48,39.54,26/10/2021 16:39:25
KWSK56208320180826im,20180826,E000086,鲜羊肉,新鲜去骨,58.4,32.43,39.55,26/10/2021 16:39:22
RAhW83106120180825le,20180825,E000086,鲜羊肉,新鲜去骨,58.4,32.44,39.54,26/10/2021 19:13:51
QTsg55798820180824EN,20180824,E000086,鲜羊肉,新鲜去骨,58.4,32.42,39.53,26/10/2021 16:39:18
CnVe55416220180823Nv,20180823,E000086,鲜羊肉,新鲜去骨,58.4,32.42,39.54,26/10/2021 16:39:14
cjFO55019020180822OC,20180822,E000086,鲜羊肉,新鲜去骨,58.4,32.42,39.35,26/10/2021 16:39:10
NBsO54626220180821NS,20180821,E000086,鲜羊肉,新鲜去骨,56.52,32.44,39.36,26/10/2021 16:39:06
SeSx54191820180820fy,20180820,E000086,鲜羊肉,新鲜去骨,56.53,32.42,40.22,26/10/2021 16:39:01
qPDS53798320180819VC,20180819,E000086,鲜羊肉,新鲜去骨,56.53,32.42,40.2,26/10/2021 16:38:58
WgVT53414120180818hR,20180818,E000086,鲜羊肉,新鲜去骨,56.55,32.43,40.21,26/10/2021 16:38:54
IPfM53026120180817eg,20180817,E000086,鲜羊肉,新鲜去骨,56.53,32.44,40.22,26/10/2021 16:38:50
JOkb52632820180816bK,20180816,E000086,鲜羊肉,新鲜去骨,56.53,32.44,40.23,26/10/2021 16:38:46
CgAH52236920180815jO,20180815,E000086,鲜羊肉,新鲜去骨,56.51,32.45,40.03,26/10/2021 16:38:42
MFIQ51836720180814VD,20180814,E000086,鲜羊肉,新鲜去骨,56.52,32.42,40.04,26/10/2021 16:38:38
FduW51436620180813Es,20180813,E000086,鲜羊肉,新鲜去骨,56.51,32.44,40.28,26/10/2021 16:38:34
cCKk51056020180812dd,20180812,E000086,鲜羊肉,新鲜去骨,56.51,32.44,40.29,26/10/2021 16:38:30
TCbb50674620180811pI,20180811,E000086,鲜羊肉,新鲜去骨,56.51,32.43,40.28,26/10/2021 16:38:26
Mxvo50239620180810Op,20180810,E000086,鲜羊肉,新鲜去骨,56.51,32.42,40.29,26/10/2021 16:38:22
cOip49712620180809vo,20180809,E000086,鲜羊肉,新鲜去骨,56.51,32.42,40.28,26/10/2021 16:38:17
MlMy49175020180808wP,20180808,E000086,鲜羊肉,新鲜去骨,56.53,32.37,40.29,26/10/2021 16:38:11
Ckan48632220180807Mp,20180807,E000086,鲜羊肉,新鲜去骨,56.55,32.37,40.28,26/10/2021 16:38:06
jOlM48107620180806or,20180806,E000086,鲜羊肉,新鲜去骨,56.53,32.37,40.29,26/10/2021 16:38:01
njlR47651120180805Go,20180805,E000086,鲜羊肉,新鲜去骨,56.49,32.37,40.28,26/10/2021 16:37:56
TREF47264520180804Ac,20180804,E000086,鲜羊肉,新鲜去骨,56.49,32.37,40.29,26/10/2021 16:37:52
LKNm46883320180803uF,20180803,E000086,鲜羊肉,新鲜去骨,56.49,32.37,40.28,26/10/2021 16:37:48
Uoob46501220180802Rk,20180802,E000086,鲜羊肉,新鲜去骨,56.5,32.42,40.29,26/10/2021 16:37:45
BLWm46102220180801gW,20180801,E000086,鲜羊肉,新鲜去骨,56.78,32.42,40.28,26/10/2021 16:37:41
GDjf45695920180731gr,20180731,E000086,鲜羊肉,新鲜去骨,56.78,32.42,40.29,26/10/2021 16:37:36
Wvah45289620180730nV,20180730,E000086,鲜羊肉,新鲜去骨,56.8,32.4,40.3,26/10/2021 16:37:32
Xolw44879820180729SI,20180729,E000086,鲜羊肉,新鲜去骨,56.8,32.42,40.32,26/10/2021 16:37:28
cwTW44479820180728Pa,20180728,E000086,鲜羊肉,新鲜去骨,56.8,32.42,40.3,26/10/2021 16:37:24
EYTG44080020180727SS,20180727,E000086,鲜羊肉,新鲜去骨,56.8,32.42,40.29,26/10/2021 16:37:20
RTBc43679420180726UB,20180726,E000086,鲜羊肉,新鲜去骨,56.79,32.42,40.28,26/10/2021 16:37:16
yMIW43272420180725pj,20180725,E000086,鲜羊肉,新鲜去骨,56.79,32.4,40.29,26/10/2021 16:37:12
vJAo42855020180724HH,20180724,E000086,鲜羊肉,新鲜去骨,56.8,32.4,40.28,26/10/2021 16:37:08
Vbrf42422120180723Jv,20180723,E000086,鲜羊肉,新鲜去骨,56.8,32.42,40.29,26/10/2021 16:37:04
YEjO42005720180722gt,20180722,E000086,鲜羊肉,新鲜去骨,56.8,32.42,40.28,26/10/2021 16:37:00
wxwT41589620180721Sr,20180721,E000086,鲜羊肉,新鲜去骨,56.8,32.42,40.29,26/10/2021 16:36:55
BTkP41117020180720GX,20180720,E000086,鲜羊肉,新鲜去骨,56.8,32.42,40.28,26/10/2021 16:36:51
kJXT40691120180719Mh,20180719,E000086,鲜羊肉,新鲜去骨,56.8,32.4,40.29,26/10/2021 16:36:46
pKFK40264220180718ML,20180718,E000086,鲜羊肉,新鲜去骨,56.8,32.42,40.28,26/10/2021 16:36:42
FGUN39842320180717Kx,20180717,E000086,鲜羊肉,新鲜去骨,56.8,32.42,40.29,26/10/2021 16:36:38
QMJp39423220180716Ua,20180716,E000086,鲜羊肉,新鲜去骨,56.79,32.37,40.28,26/10/2021 16:36:34
yVaj39010220180715fY,20180715,E000086,鲜羊肉,新鲜去骨,56.79,32.37,40.27,26/10/2021 16:36:30
IrQR38636020180714gH,20180714,E000086,鲜羊肉,新鲜去骨,56.79,32.37,40.28,26/10/2021 16:36:26
Opll38271820180713GM,20180713,E000086,鲜羊肉,新鲜去骨,56.79,32.35,40.29,26/10/2021 16:36:22
cNnJ37868820180712Fp,20180712,E000086,鲜羊肉,新鲜去骨,56.79,32.46,40.28,26/10/2021 16:36:18
MUFx37482220180711pG,20180711,E000086,鲜羊肉,新鲜去骨,56.81,32.45,40.29,26/10/2021 16:36:14
ewEI37087120180710Gn,20180710,E000086,鲜羊肉,新鲜去骨,56.81,32.45,40.3,26/10/2021 16:36:10
Uprl82729120180709Lu,20180709,E000086,鲜羊肉,新鲜去骨,56.79,32.45,40.29,26/10/2021 19:13:47
dxui36676520180708so,20180708,E000086,鲜羊肉,新鲜去骨,56.79,32.46,40.28,26/10/2021 16:36:06
QeeI36281020180707fX,20180707,E000086,鲜羊肉,新鲜去骨,56.81,32.45,40.29,26/10/2021 16:36:02
yAxY35875420180706xC,20180706,E000086,鲜羊肉,新鲜去骨,56.81,32.45,40.28,26/10/2021 16:35:58
WSWj35482320180705iA,20180705,E000086,鲜羊肉,新鲜去骨,56.81,32.45,40.74,26/10/2021 16:35:54
fvjd35091920180704fM,20180704,E000086,鲜羊肉,新鲜去骨,56.81,32.43,40.73,26/10/2021 16:35:50
qYnb34683520180703nS,20180703,E000086,鲜羊肉,新鲜去骨,56.82,32.45,40.74,26/10/2021 16:35:46
xqTJ34275520180702Th,20180702,E000086,鲜羊肉,新鲜去骨,56.81,32.46,40.73,26/10/2021 16:35:42
Mhxa33865420180701Ne,20180701,E000086,鲜羊肉,新鲜去骨,56.8,32.45,40.74,26/10/2021 16:35:38
XEtu33445320180630Iw,20180630,E000086,鲜羊肉,新鲜去骨,56.8,32.45,40.73,26/10/2021 16:35:34
yeNR33010420180629nD,20180629,E000086,鲜羊肉,新鲜去骨,56.8,32.44,40.74,26/10/2021 16:35:30
Btwm32623320180628gF,20180628,E000086,鲜羊肉,新鲜去骨,56.81,32.45,40.73,26/10/2021 16:35:26
tSby32242720180627pa,20180627,E000086,鲜羊肉,新鲜去骨,56.81,32.44,40.74,26/10/2021 16:35:22
xPor31854120180626wD,20180626,E000086,鲜羊肉,新鲜去骨,56.83,32.41,40.73,26/10/2021 16:35:18
CfqR31463420180625cF,20180625,E000086,鲜羊肉,新鲜去骨,56.62,32.39,40.74,26/10/2021 16:35:14
qTaw31080420180624TD,20180624,E000086,鲜羊肉,新鲜去骨,56.62,32.37,40.73,26/10/2021 16:35:10
cQMu30667720180623vM,20180623,E000086,鲜羊肉,新鲜去骨,56.62,32.39,40.74,26/10/2021 16:35:06
SonN30228020180622qH,20180622,E000086,鲜羊肉,新鲜去骨,56.62,32.4,40.73,26/10/2021 16:35:02
aLRV29714920180621bP,20180621,E000086,鲜羊肉,新鲜去骨,56.62,32.4,40.72,26/10/2021 16:34:57
PvkB29258720180620He,20180620,E000086,鲜羊肉,新鲜去骨,56.83,32.4,40.72,26/10/2021 16:34:52
eKaw28849020180619Tg,20180619,E000086,鲜羊肉,新鲜去骨,56.83,32.39,40.7,26/10/2021 16:34:48
nBQv28451220180618HY,20180618,E000086,鲜羊肉,新鲜去骨,56.83,32.38,40.69,26/10/2021 16:34:44
Ssqx28024320180617iG,20180617,E000086,鲜羊肉,新鲜去骨,57.21,32.4,40.73,26/10/2021 16:34:40
lRWj27620920180616yu,20180616,E000086,鲜羊肉,新鲜去骨,57.21,32.41,40.74,26/10/2021 16:34:36
Vkaw27169720180615FC,20180615,E000086,鲜羊肉,新鲜去骨,57.21,32.4,40.73,26/10/2021 16:34:31
vTIE26747420180614Pu,20180614,E000086,鲜羊肉,新鲜去骨,57.21,32.34,40.74,26/10/2021 16:34:27
hmGi26325420180613rK,20180613,E000086,鲜羊肉,新鲜去骨,57.21,32.35,40.73,26/10/2021 16:34:23
PJWr25853120180612Os,20180612,E000086,鲜羊肉,新鲜去骨,57.21,32.38,40.74,26/10/2021 16:34:18
aTRO25422220180611iN,20180611,E000086,鲜羊肉,新鲜去骨,57.21,32.4,40.73,26/10/2021 16:34:14
ONMk24997120180610El,20180610,E000086,鲜羊肉,新鲜去骨,57.2,32.4,40.74,26/10/2021 16:34:09
SOqC24575420180609OF,20180609,E000086,鲜羊肉,新鲜去骨,57.2,32.41,40.73,26/10/2021 16:34:05
myXX24147420180608Is,20180608,E000086,鲜羊肉,新鲜去骨,57.2,32.41,40.74,26/10/2021 16:34:01
lAaI23728920180607Xs,20180607,E000086,鲜羊肉,新鲜去骨,57.2,32.42,40.73,26/10/2021 16:33:57
lJxi23336320180606XH,20180606,E000086,鲜羊肉,新鲜去骨,57.19,32.41,40.74,26/10/2021 16:33:53
ixLn22890820180605lM,20180605,E000086,鲜羊肉,新鲜去骨,57.23,32.51,40.73,26/10/2021 16:33:48
FgiI22465920180604eg,20180604,E000086,鲜羊肉,新鲜去骨,57.23,32.48,41.12,26/10/2021 16:33:44
UlwT22056820180603QM,20180603,E000086,鲜羊肉,新鲜去骨,57.24,32.5,41.1,26/10/2021 16:33:40
UboI21651820180602uI,20180602,E000086,鲜羊肉,新鲜去骨,57.24,32.48,41.12,26/10/2021 16:33:36
XknG21150620180601HG,20180601,E000086,鲜羊肉,新鲜去骨,57.21,32.47,41.1,26/10/2021 16:33:31
lKBa20712620180531kq,20180531,E000086,鲜羊肉,新鲜去骨,57.19,32.48,41.12,26/10/2021 16:33:27
NaNt20309720180530lO,20180530,E000086,鲜羊肉,新鲜去骨,57.19,32.55,41.11,26/10/2021 16:33:23
WkxY19889920180529rD,20180529,E000086,鲜羊肉,新鲜去骨,57.19,32.53,40.62,26/10/2021 16:33:18
hjrm19436220180528Yp,20180528,E000086,鲜羊肉,新鲜去骨,57.47,32.51,40.6,26/10/2021 16:33:14
aYKm18984820180527Aj,20180527,E000086,鲜羊肉,新鲜去骨,57.47,32.53,40.62,26/10/2021 16:33:09
sosq18535920180526tD,20180526,E000086,鲜羊肉,新鲜去骨,57.47,32.49,40.6,26/10/2021 16:33:05
aJwT18106120180525am,20180525,E000086,鲜羊肉,新鲜去骨,57.47,32.48,40.62,26/10/2021 16:33:01
VAII17668420180524aO,20180524,E000086,鲜羊肉,新鲜去骨,57.47,32.5,40.6,26/10/2021 16:32:56
hbxV82353520180523yj,20180523,E000086,鲜羊肉,新鲜去骨,57.47,32.48,40.62,26/10/2021 19:13:43
YXFp17236420180522Jn,20180522,E000086,鲜羊肉,新鲜去骨,57.47,32.49,40.6,26/10/2021 16:32:52
JoXS16828120180521qN,20180521,E000086,鲜羊肉,新鲜去骨,57.48,32.48,40.87,26/10/2021 16:32:48
vKyT16355120180520LC,20180520,E000086,鲜羊肉,新鲜去骨,57.47,32.5,41.29,26/10/2021 16:32:43
SKmj15927320180519CC,20180519,E000086,鲜羊肉,新鲜去骨,57.47,32.48,41.28,26/10/2021 16:32:39
PkfL15527920180518yj,20180518,E000086,鲜羊肉,新鲜去骨,57.47,32.53,41.29,26/10/2021 16:32:35
dWfk15095720180517DS,20180517,E000086,鲜羊肉,新鲜去骨,57.47,32.53,41.28,26/10/2021 16:32:30
twVi14658820180516me,20180516,E000086,鲜羊肉,新鲜去骨,57.47,32.39,41.29,26/10/2021 16:32:26
FpWk14237720180515tl,20180515,E000086,鲜羊肉,新鲜去骨,57.47,32.53,41.28,26/10/2021 16:32:22
airW13825420180514TV,20180514,E000086,鲜羊肉,新鲜去骨,57.47,32.51,41.29,26/10/2021 16:32:18
gHMe13424420180513tx,20180513,E000086,鲜羊肉,新鲜去骨,57.47,32.5,41.28,26/10/2021 16:32:14
JqHE13014320180512RH,20180512,E000086,鲜羊肉,新鲜去骨,57.44,32.48,41.29,26/10/2021 16:32:10
rWav12573620180511uB,20180511,E000086,鲜羊肉,新鲜去骨,57.44,32.5,41.28,26/10/2021 16:32:05
DDaq12108820180510vp,20180510,E000086,鲜羊肉,新鲜去骨,57.45,32.43,41.29,26/10/2021 16:32:01
AmNg11709020180509Vy,20180509,E000086,鲜羊肉,新鲜去骨,57.52,32.46,41.28,26/10/2021 16:31:57
vrmC11309920180508WO,20180508,E000086,鲜羊肉,新鲜去骨,57.29,32.44,41.29,26/10/2021 16:31:53
Jxem10915220180507nb,20180507,E000086,鲜羊肉,新鲜去骨,57.29,32.45,41.28,26/10/2021 16:31:49
UJAJ10530820180506ry,20180506,E000086,鲜羊肉,新鲜去骨,57.29,32.39,41.29,26/10/2021 16:31:45
kKOL10125820180505fV,20180505,E000086,鲜羊肉,新鲜去骨,57.29,32.39,41.28,26/10/2021 16:31:41
MRbW09740020180504OS,20180504,E000086,鲜羊肉,新鲜去骨,57.29,32.37,41.29,26/10/2021 16:31:37
AgNc09352720180503Ws,20180503,E000086,鲜羊肉,新鲜去骨,57.29,32.39,41.28,26/10/2021 16:31:33
AEdL08957720180502jH,20180502,E000086,鲜羊肉,新鲜去骨,57.26,32.5,40.92,26/10/2021 16:31:29
BVvb08575120180501Ji,20180501,E000086,鲜羊肉,新鲜去骨,57.17,32.51,40.9,26/10/2021 16:31:25
Miiq08196920180430dx,20180430,E000086,鲜羊肉,新鲜去骨,57.26,32.51,40.89,26/10/2021 16:31:21
vFLP07798520180429Ns,20180429,E000086,鲜羊肉,新鲜去骨,57.26,32.51,40.9,26/10/2021 16:31:18
wuEL07402620180428sr,20180428,E000086,鲜羊肉,新鲜去骨,57.26,32.51,40.92,26/10/2021 16:31:14
btTG07008020180427by,20180427,E000086,鲜羊肉,新鲜去骨,57.26,32.5,40.93,26/10/2021 16:31:10
kxPO06576320180426Bp,20180426,E000086,鲜羊肉,新鲜去骨,57.26,32.51,40.92,26/10/2021 16:31:05
hjWb06170120180425AS,20180425,E000086,鲜羊肉,新鲜去骨,57.25,32.5,40.9,26/10/2021 16:31:01
cbOk05773720180424BI,20180424,E000086,鲜羊肉,新鲜去骨,57.26,32.48,40.92,26/10/2021 16:30:57
ekrF05379620180423IC,20180423,E000086,鲜羊肉,新鲜去骨,57.26,32.48,40.9,26/10/2021 16:30:53
TIbo04984120180422xB,20180422,E000086,鲜羊肉,新鲜去骨,56.84,32.51,40.92,26/10/2021 16:30:49
GTxQ04563320180421lQ,20180421,E000086,鲜羊肉,新鲜去骨,56.84,32.51,40.9,26/10/2021 16:30:45
UrMa04111820180420mY,20180420,E000086,鲜羊肉,新鲜去骨,56.84,32.49,40.92,26/10/2021 16:30:41
CeeT03709120180419eF,20180419,E000086,鲜羊肉,新鲜去骨,56.81,32.6,40.92,26/10/2021 16:30:37
OfOd03309920180418MJ,20180418,E000086,鲜羊肉,新鲜去骨,56.8,32.57,40.92,26/10/2021 16:30:33
loQK02911720180417tC,20180417,E000086,鲜羊肉,新鲜去骨,56.8,32.54,40.9,26/10/2021 16:30:29
jAur02505420180416MC,20180416,E000086,鲜羊肉,新鲜去骨,57.17,32.56,40.85,26/10/2021 16:30:25
JKlj02099820180415RB,20180415,E000086,鲜羊肉,新鲜去骨,57.13,32.58,40.84,26/10/2021 16:30:21
SloN01699220180414AY,20180414,E000086,鲜羊肉,新鲜去骨,57.13,32.56,40.85,26/10/2021 16:30:17
mtRL01249220180413eV,20180413,E000086,鲜羊肉,新鲜去骨,57.13,32.54,40.84,26/10/2021 16:30:12
rFHG00813120180412ES,20180412,E000086,鲜羊肉,新鲜去骨,57.13,32.67,40.85,26/10/2021 16:30:08
TmMH00345820180411gB,20180411,E000086,鲜羊肉,新鲜去骨,57.13,32.65,40.84,26/10/2021 16:30:03
UCTd99876120180410CY,20180410,E000086,鲜羊肉,新鲜去骨,57.14,32.67,40.85,26/10/2021 16:29:58
brlP99467220180409eO,20180409,E000086,鲜羊肉,新鲜去骨,57.14,32.71,40.84,26/10/2021 16:29:54
pEJj99074220180408tS,20180408,E000086,鲜羊肉,新鲜去骨,57.13,32.71,40.85,26/10/2021 16:29:50
yYex98649320180407od,20180407,E000086,鲜羊肉,新鲜去骨,57.11,32.76,40.84,26/10/2021 16:29:46
DdAX81976320180406sj,20180406,E000086,鲜羊肉,新鲜去骨,57.11,32.77,40.85,26/10/2021 19:13:39
YtYr98208220180405RV,20180405,E000086,鲜羊肉,新鲜去骨,57.07,32.75,40.84,26/10/2021 16:29:42
WPKx97786920180404Mp,20180404,E000086,鲜羊肉,新鲜去骨,57.11,32.79,40.85,26/10/2021 16:29:37
AUWf97339520180403hp,20180403,E000086,鲜羊肉,新鲜去骨,57.09,32.75,40.84,26/10/2021 16:29:33
xusJ96879720180402Sw,20180402,E000086,鲜羊肉,新鲜去骨,57.09,32.79,40.85,26/10/2021 16:29:28
wIAU96456120180401HB,20180401,E000086,鲜羊肉,新鲜去骨,57.09,32.75,40.84,26/10/2021 16:29:24
jNTY95983420180331pC,20180331,E000086,鲜羊肉,新鲜去骨,57.06,32.79,40.85,26/10/2021 16:29:19
uvTa95530220180330to,20180330,E000086,鲜羊肉,新鲜去骨,57.06,32.75,40.84,26/10/2021 16:29:15
BCfK95129520180329kG,20180329,E000086,鲜羊肉,新鲜去骨,57.32,32.79,40.85,26/10/2021 16:29:11
YxiX94709620180328ut,20180328,E000086,鲜羊肉,新鲜去骨,57.43,32.75,40.84,26/10/2021 16:29:07
hpTe94311020180327iG,20180327,E000086,鲜羊肉,新鲜去骨,57.43,32.79,40.85,26/10/2021 16:29:03
jXNK93894620180326Xl,20180326,E000086,鲜羊肉,新鲜去骨,57.43,32.8,40.84,26/10/2021 16:28:58
VvNT93477320180325ED,20180325,E000086,鲜羊肉,新鲜去骨,57.39,32.81,40.8,26/10/2021 16:28:54
jThx93084320180324LM,20180324,E000086,鲜羊肉,新鲜去骨,57.35,32.8,40.84,26/10/2021 16:28:50
FXaj92690620180323Ha,20180323,E000086,鲜羊肉,新鲜去骨,57.35,32.83,40.85,26/10/2021 16:28:46
tkNs92268720180322ed,20180322,E000086,鲜羊肉,新鲜去骨,57.35,32.85,40.84,26/10/2021 16:28:42
OCeh91869920180321eS,20180321,E000086,鲜羊肉,新鲜去骨,57.35,32.86,40.8,26/10/2021 16:28:38
gIwu91440620180320vT,20180320,E000086,鲜羊肉,新鲜去骨,57.47,32.81,40.79,26/10/2021 16:28:34
LbOT91036020180319Eb,20180319,E000086,鲜羊肉,新鲜去骨,57.49,32.86,40.8,26/10/2021 16:28:30
peHw90644620180318fE,20180318,E000086,鲜羊肉,新鲜去骨,57.5,32.94,40.84,26/10/2021 16:28:26
nbAX90244220180317JW,20180317,E000086,鲜羊肉,新鲜去骨,57.5,32.9,40.84,26/10/2021 16:28:22
FQPn89838020180316eE,20180316,E000086,鲜羊肉,新鲜去骨,57.5,32.83,40.8,26/10/2021 16:28:18
pgMn89454720180315ei,20180315,E000086,鲜羊肉,新鲜去骨,57.48,32.81,40.8,26/10/2021 16:28:14
WoTy89066620180314TD,20180314,E000086,鲜羊肉,新鲜去骨,57.5,32.83,40.84,26/10/2021 16:28:10
awgQ88682720180313kG,20180313,E000086,鲜羊肉,新鲜去骨,57.5,32.81,40.84,26/10/2021 16:28:06
hLOI88253820180312ak,20180312,E000086,鲜羊肉,新鲜去骨,57.48,32.79,40.8,26/10/2021 16:28:02
qsGE87840720180311hG,20180311,E000086,鲜羊肉,新鲜去骨,57.48,32.76,40.8,26/10/2021 16:27:58
xDTd87445620180310YU,20180310,E000086,鲜羊肉,新鲜去骨,57.48,32.71,40.79,26/10/2021 16:27:54
dGIT87047020180309qY,20180309,E000086,鲜羊肉,新鲜去骨,57.48,32.67,40.8,26/10/2021 16:27:50
rTjG86652720180308Mq,20180308,E000086,鲜羊肉,新鲜去骨,57.47,32.69,40.84,26/10/2021 16:27:46
opTv86252920180307qj,20180307,E000086,鲜羊肉,新鲜去骨,57.47,32.74,40.8,26/10/2021 16:27:42
Wmki85859220180306gS,20180306,E000086,鲜羊肉,新鲜去骨,57.42,32.92,40.79,26/10/2021 16:27:38
DRmQ85444320180305xP,20180305,E000086,鲜羊肉,新鲜去骨,57.42,32.94,40.79,26/10/2021 16:27:34
djPW85015620180304DF,20180304,E000086,鲜羊肉,新鲜去骨,57.38,32.98,40.8,26/10/2021 16:27:30
ejhj84599220180303ls,20180303,E000086,鲜羊肉,新鲜去骨,57.33,32.97,40.8,26/10/2021 16:27:26
QkuL84204620180302sG,20180302,E000086,鲜羊肉,新鲜去骨,57.33,32.99,40.84,26/10/2021 16:27:22
aTRe83804120180301bI,20180301,E000086,鲜羊肉,新鲜去骨,57.06,33.18,40.8,26/10/2021 16:27:18
leNL83425220180228gA,20180228,E000086,鲜羊肉,新鲜去骨,57.32,33.18,40.79,26/10/2021 16:27:14
eyhd83036820180227ge,20180227,E000086,鲜羊肉,新鲜去骨,57.32,33,40.54,26/10/2021 16:27:10
pDOJ82623720180226cq,20180226,E000086,鲜羊肉,新鲜去骨,57.13,32.98,40.55,26/10/2021 16:27:06
VIoR82226020180225rD,20180225,E000086,鲜羊肉,新鲜去骨,57.53,32.88,40.54,26/10/2021 16:27:02
Bwpi81819620180224nP,20180224,E000086,鲜羊肉,新鲜去骨,57.2,33.07,40.52,26/10/2021 16:26:58
bKBk81327520180223lY,20180223,E000086,鲜羊肉,新鲜去骨,56.06,32.93,40.1,26/10/2021 16:26:53
hNon80922720180222mF,20180222,E000086,鲜羊肉,新鲜去骨,55.79,33.16,40.08,26/10/2021 16:26:49
jKGC80527220180221AN,20180221,E000086,鲜羊肉,新鲜去骨,54,32.98,40.29,26/10/2021 16:26:45
vyTl80081120180220JT,20180220,E000086,鲜羊肉,新鲜去骨,55.98,33.08,40.29,26/10/2021 16:26:40
TNMv79705920180219KS,20180219,E000086,鲜羊肉,新鲜去骨,54,32.97,40.29,26/10/2021 16:26:37
AsIk80749220180218jr,20180218,E000086,鲜羊肉,新鲜去骨,54,33.26,40.3,26/10/2021 19:13:27
hITT79322320180217pu,20180217,E000086,鲜羊肉,新鲜去骨,54,33.05,40.29,26/10/2021 16:26:33
UmFn78939720180216FW,20180216,E000086,鲜羊肉,新鲜去骨,54,33.1,40.3,26/10/2021 16:26:29
iIBW78563820180215JJ,20180215,E000086,鲜羊肉,新鲜去骨,55.09,33.02,40.29,26/10/2021 16:26:25
jtIC78168320180214eY,20180214,E000086,鲜羊肉,新鲜去骨,58.16,33.02,40.29,26/10/2021 16:26:21
AnlT77765420180213mf,20180213,E000086,鲜羊肉,新鲜去骨,58.32,32.6,40.1,26/10/2021 16:26:17
hgDm77384020180212ME,20180212,E000086,鲜羊肉,新鲜去骨,58.36,32.55,40.24,26/10/2021 16:26:13
BlqK76996920180211dP,20180211,E000086,鲜羊肉,新鲜去骨,58.3,32.23,40.22,26/10/2021 16:26:09
OEjj76594520180210uh,20180210,E000086,鲜羊肉,新鲜去骨,57.88,31.91,40.2,26/10/2021 16:26:05
NbLh76184020180209vY,20180209,E000086,鲜羊肉,新鲜去骨,57.88,31.77,40.17,26/10/2021 16:26:01
XSfC75762320180208QP,20180208,E000086,鲜羊肉,新鲜去骨,57.87,31.86,40.23,26/10/2021 16:25:57
gIji75347220180207jN,20180207,E000086,鲜羊肉,新鲜去骨,57.2,31.86,40.16,26/10/2021 16:25:53
dfbU74945020180206cX,20180206,E000086,鲜羊肉,新鲜去骨,57.2,31.91,39.92,26/10/2021 16:25:49
CELS74567220180205CX,20180205,E000086,鲜羊肉,新鲜去骨,57.16,31.89,39.67,26/10/2021 16:25:45
JcoH74184520180204iJ,20180204,E000086,鲜羊肉,新鲜去骨,57.17,31.84,39.48,26/10/2021 16:25:41
Gfsm73794220180203dq,20180203,E000086,鲜羊肉,新鲜去骨,57.37,32.05,39.49,26/10/2021 16:25:37
lXBb73398520180202vy,20180202,E000086,鲜羊肉,新鲜去骨,57.17,32,39.48,26/10/2021 16:25:34
Ldys72996320180201ag,20180201,E000086,鲜羊肉,新鲜去骨,57.15,32.05,40.11,26/10/2021 16:25:29
kGLY72578520180131Nc,20180131,E000086,鲜羊肉,新鲜去骨,56.76,32,40.1,26/10/2021 16:25:25
HnsT72163020180130tv,20180130,E000086,鲜羊肉,新鲜去骨,56.76,32.05,40.11,26/10/2021 16:25:21
TNSN71780020180129Tu,20180129,E000086,鲜羊肉,新鲜去骨,56.73,32.05,40.1,26/10/2021 16:25:17
UynH71389820180128Kj,20180128,E000086,鲜羊肉,新鲜去骨,56.55,32.09,40.11,26/10/2021 16:25:13
HWSo71003020180127qv,20180127,E000086,鲜羊肉,新鲜去骨,56.55,32.14,40.1,26/10/2021 16:25:10
BGcN70604820180126Il,20180126,E000086,鲜羊肉,新鲜去骨,56.55,32.14,40.05,26/10/2021 16:25:06
ATAm70205320180125kv,20180125,E000086,鲜羊肉,新鲜去骨,56.56,32.07,40.04,26/10/2021 16:25:02
dphH69809720180124TQ,20180124,E000086,鲜羊肉,新鲜去骨,56.55,32.02,40.05,26/10/2021 16:24:58
kXfX69421620180123FQ,20180123,E000086,鲜羊肉,新鲜去骨,56.54,31.98,40.04,26/10/2021 16:24:54
sWgB69046220180122yK,20180122,E000086,鲜羊肉,新鲜去骨,56.53,31.95,39.77,26/10/2021 16:24:50
METK68671820180121WK,20180121,E000086,鲜羊肉,新鲜去骨,56.31,31.91,39.74,26/10/2021 16:24:46
rBjj68199820180120Ci,20180120,E000086,鲜羊肉,新鲜去骨,56.31,31.98,39.77,26/10/2021 16:24:42
LTCT67790320180119yR,20180119,E000086,鲜羊肉,新鲜去骨,56.31,31.93,39.74,26/10/2021 16:24:37
WwIl67388020180118xg,20180118,E000086,鲜羊肉,新鲜去骨,56.31,31.84,39.73,26/10/2021 16:24:33
RLAC66986820180117RM,20180117,E000086,鲜羊肉,新鲜去骨,56.48,31.8,39.74,26/10/2021 16:24:29
wTrR66594420180116QS,20180116,E000086,鲜羊肉,新鲜去骨,56.66,31.73,39.73,26/10/2021 16:24:25
YuMp66196920180115gR,20180115,E000086,鲜羊肉,新鲜去骨,56.66,31.68,39.74,26/10/2021 16:24:21
RPgs65780320180114Jx,20180114,E000086,鲜羊肉,新鲜去骨,56.65,31.61,39.73,26/10/2021 16:24:17
eXfa65394620180113JM,20180113,E000086,鲜羊肉,新鲜去骨,56.65,31.73,39.71,26/10/2021 16:24:13
kmrj65004120180112dI,20180112,E000086,鲜羊肉,新鲜去骨,56.65,31.75,39.74,26/10/2021 16:24:10
kkyg64603320180111Ao,20180111,E000086,鲜羊肉,新鲜去骨,56.64,31.77,39.8,26/10/2021 16:24:06
xUuV64183820180110gV,20180110,E000086,鲜羊肉,新鲜去骨,56.64,31.82,39.79,26/10/2021 16:24:01
Flvk63785220180109Bg,20180109,E000086,鲜羊肉,新鲜去骨,56.63,31.86,39.18,26/10/2021 16:23:57
oqEQ63396320180108wc,20180108,E000086,鲜羊肉,新鲜去骨,56.66,31.82,39.18,26/10/2021 16:23:53
mFKN62969320180107dh,20180107,E000086,鲜羊肉,新鲜去骨,56.67,31.77,39.19,26/10/2021 16:23:49
nkgh62554120180106Da,20180106,E000086,鲜羊肉,新鲜去骨,56.67,31.8,39.18,26/10/2021 16:23:45
fFxx62125820180105KP,20180105,E000086,鲜羊肉,新鲜去骨,56.67,31.75,39.16,26/10/2021 16:23:41
Okya61724820180104TU,20180104,E000086,鲜羊肉,新鲜去骨,56.67,31.73,39.13,26/10/2021 16:23:37
raRw61276120180103bW,20180103,E000086,鲜羊肉,新鲜去骨,56.63,31.66,39.12,26/10/2021 16:23:32
uAws60833920180102OY,20180102,E000086,鲜羊肉,新鲜去骨,56.63,31.66,39.1,26/10/2021 16:23:28
esrj60402420180101BU,20180101,E000086,鲜羊肉,新鲜去骨,56.82,31.48,39.06,26/10/2021 16:23:24
